[11:53:45] === Bi-Hourly Self-Assessment ===
[11:53:45] Grade: C. OK: prewarm, l1b, l2, queue, feed_quality, noise, cowork_executor, price_watcher. Failed: new_cron_topics.
[11:53:45]   prewarm: {"status": "OK", "detail": "[2026-03-21T21:55:46Z] Super loaded: 3 tokens in 43.9s"}
[11:53:45]   l1b: {"dispatched": 15, "ingested": 0, "status": "OK", "quality": "NO_INGESTION"}
[11:53:45]   l2: {"status": "OK", "count": 3, "narrating": true, "preview": "We need to produce 1-3 specific trade recommendations referencing positions we hold, citing evidence"}
[11:53:45]   queue: {"done": 2, "failed": 0, "pending": 6, "echo_rate": 0.0, "status": "OK"}
[11:53:45]   feed_quality: {"avg_score": 2.9, "junk_pct": 58, "actionable_pct": 22, "total": 96, "status": "OK"}
[11:53:45]   noise: {"noise_entries_6h": 0, "breakdown": {}, "status": "OK"}
[11:53:45]   cowork_executor: {"status": "OK", "completed_runs": 3, "successes": 6, "failures": 0}
[11:53:45]   price_watcher: {"status": "OK", "detail": "No log (outside market hours \u2014 expected)"}
[11:53:45]   new_cron_topics: {"status": "DEGRADED", "active_topics": {"oil-tlt": 3, "gold-cycle": 3}, "missing_topics": ["btc-spx"], "detail": "Active: ['oil-tlt', 'gold-cycle'], Missing 24h: ['btc-spx']"}
[11:53:45]   ⚠ SAME: still C (persistent failures: ['new_cron_topics'])
[11:53:45]   CHRONIC: new_cron_topics has failed 3 consecutive assessments
[11:53:45] Pushed 1 fix tasks to cowork
[11:53:45] Learning log updated: /Users/zekezirk/zeke-status/memory/learning-log.jsonl
[11:53:45] === Done ===
[13:53:45] === Bi-Hourly Self-Assessment ===
[13:53:45] Grade: A. OK: prewarm, l1b, l2, queue, feed_quality, noise, cowork_executor, price_watcher, new_cron_topics. Failed: none.
[13:53:45]   prewarm: {"status": "OK", "detail": "[2026-03-21T21:55:46Z] Super loaded: 3 tokens in 43.9s"}
[13:53:45]   l1b: {"dispatched": 15, "ingested": 0, "status": "OK", "quality": "NO_INGESTION"}
[13:53:45]   l2: {"status": "OK", "count": 3, "narrating": true, "preview": "We need to produce 1-3 specific trade recommendations referencing positions we hold, citing evidence"}
[13:53:45]   queue: {"done": 2, "failed": 0, "pending": 15, "echo_rate": 0.0, "status": "OK"}
[13:53:45]   feed_quality: {"avg_score": 3.0, "junk_pct": 57, "actionable_pct": 22, "total": 98, "status": "OK"}
[13:53:45]   noise: {"noise_entries_6h": 0, "breakdown": {}, "status": "OK"}
[13:53:45]   cowork_executor: {"status": "OK", "completed_runs": 2, "successes": 6, "failures": 0}
[13:53:45]   price_watcher: {"status": "OK", "detail": "No log (outside market hours \u2014 expected)"}
[13:53:45]   new_cron_topics: {"status": "OK", "active_topics": {"gold-cycle": 4, "oil-tlt": 4, "btc-spx-macro": 2}, "missing_topics": [], "detail": "Active: ['gold-cycle', 'oil-tlt', 'btc-spx-macro'], Missing 24h: []"}
[13:53:45] Learning log updated: /Users/zekezirk/zeke-status/memory/learning-log.jsonl
[13:53:45] === Done ===
[15:53:46] === Bi-Hourly Self-Assessment ===
[15:53:46] Grade: A. OK: prewarm, l1b, l2, queue, feed_quality, noise, cowork_executor, price_watcher, new_cron_topics. Failed: none.
[15:53:46]   prewarm: {"status": "OK", "detail": "[2026-03-21T21:55:46Z] Super loaded: 3 tokens in 43.9s"}
[15:53:46]   l1b: {"dispatched": 15, "ingested": 0, "status": "OK", "quality": "NO_INGESTION"}
[15:53:46]   l2: {"status": "OK", "count": 3, "narrating": true, "preview": "We need to produce 1-3 specific trade recommendations referencing positions we hold, citing evidence"}
[15:53:46]   queue: {"done": 2, "failed": 0, "pending": 18, "echo_rate": 0.0, "status": "OK"}
[15:53:46]   feed_quality: {"avg_score": 1.9, "junk_pct": 78, "actionable_pct": 11, "total": 100, "status": "OK"}
[15:53:46]   noise: {"noise_entries_6h": 0, "breakdown": {}, "status": "OK"}
[15:53:46]   cowork_executor: {"status": "OK", "completed_runs": 2, "successes": 4, "failures": 2}
[15:53:46]   price_watcher: {"status": "OK", "detail": "No log (outside market hours \u2014 expected)"}
[15:53:46]   new_cron_topics: {"status": "OK", "active_topics": {"gold-cycle": 5, "btc-spx-macro": 2, "oil-tlt": 5}, "missing_topics": [], "detail": "Active: ['gold-cycle', 'btc-spx-macro', 'oil-tlt'], Missing 24h: []"}
[15:53:46] Learning log updated: /Users/zekezirk/zeke-status/memory/learning-log.jsonl
[15:53:46] === Done ===
[17:53:46] === Bi-Hourly Self-Assessment ===
[17:53:46] Grade: A. OK: prewarm, l1b, l2, queue, feed_quality, noise, cowork_executor, price_watcher, new_cron_topics. Failed: none.
[17:53:46]   prewarm: {"status": "OK", "detail": "[2026-03-21T21:55:46Z] Super loaded: 3 tokens in 43.9s"}
[17:53:46]   l1b: {"dispatched": 15, "ingested": 0, "status": "OK", "quality": "NO_INGESTION"}
[17:53:46]   l2: {"status": "OK", "count": 3, "narrating": true, "preview": "We need to produce 1-3 specific trade recommendations referencing positions we hold, citing evidence"}
[17:53:46]   queue: {"done": 2, "failed": 0, "pending": 33, "echo_rate": 0.0, "status": "OK"}
[17:53:46]   feed_quality: {"avg_score": 2.5, "junk_pct": 70, "actionable_pct": 14, "total": 100, "status": "OK"}
[17:53:46]   noise: {"noise_entries_6h": 0, "breakdown": {}, "status": "OK"}
[17:53:46]   cowork_executor: {"status": "OK", "completed_runs": 2, "successes": 6, "failures": 0}
[17:53:46]   price_watcher: {"status": "OK", "detail": "No log (outside market hours \u2014 expected)"}
[17:53:46]   new_cron_topics: {"status": "OK", "active_topics": {"gold-cycle": 4, "oil-tlt": 4, "btc-spx-macro": 3}, "missing_topics": [], "detail": "Active: ['gold-cycle', 'oil-tlt', 'btc-spx-macro'], Missing 24h: []"}
[17:53:46] Learning log updated: /Users/zekezirk/zeke-status/memory/learning-log.jsonl
[17:53:46] === Done ===
[19:53:46] === Bi-Hourly Self-Assessment ===
[19:53:46] Grade: A. OK: prewarm, l1b, l2, queue, feed_quality, noise, cowork_executor, price_watcher, new_cron_topics. Failed: none.
[19:53:46]   prewarm: {"status": "OK", "detail": "[2026-03-21T21:55:46Z] Super loaded: 3 tokens in 43.9s"}
[19:53:46]   l1b: {"dispatched": 15, "ingested": 0, "status": "OK", "quality": "NO_INGESTION"}
[19:53:46]   l2: {"status": "OK", "count": 3, "narrating": true, "preview": "We need to produce 1-3 specific trade recommendations referencing positions we hold, citing evidence"}
[19:53:46]   queue: {"done": 6, "failed": 0, "pending": 34, "echo_rate": 0.0, "status": "OK"}
[19:53:46]   feed_quality: {"avg_score": 3.0, "junk_pct": 63, "actionable_pct": 17, "total": 100, "status": "OK"}
[19:53:46]   noise: {"noise_entries_6h": 0, "breakdown": {}, "status": "OK"}
[19:53:46]   cowork_executor: {"status": "OK", "completed_runs": 2, "successes": 5, "failures": 0}
[19:53:46]   price_watcher: {"status": "OK", "detail": "No log (outside market hours \u2014 expected)"}
[19:53:46]   new_cron_topics: {"status": "OK", "active_topics": {"gold-cycle": 5, "oil-tlt": 5, "btc-spx-macro": 3}, "missing_topics": [], "detail": "Active: ['gold-cycle', 'oil-tlt', 'btc-spx-macro'], Missing 24h: []"}
[19:53:46] Pushed 1 fix tasks to cowork
[19:53:46] Learning log updated: /Users/zekezirk/zeke-status/memory/learning-log.jsonl
[19:53:46] === Done ===
[21:53:46] === Bi-Hourly Self-Assessment ===
[21:53:46] Grade: A. OK: prewarm, l1b, l2, queue, feed_quality, noise, cowork_executor, price_watcher, new_cron_topics. Failed: none.
[21:53:46]   prewarm: {"status": "OK", "detail": "[2026-03-21T21:55:46Z] Super loaded: 3 tokens in 43.9s"}
[21:53:46]   l1b: {"dispatched": 15, "ingested": 0, "status": "OK", "quality": "NO_INGESTION"}
[21:53:46]   l2: {"status": "OK", "count": 3, "narrating": true, "preview": "We need to produce 1-3 specific trade recommendations referencing positions we hold, citing evidence"}
[21:53:46]   queue: {"done": 60, "failed": 0, "pending": 3, "echo_rate": 0.0, "status": "OK"}
[21:53:46]   feed_quality: {"avg_score": 3.5, "junk_pct": 50, "actionable_pct": 26, "total": 100, "status": "OK"}
[21:53:46]   noise: {"noise_entries_6h": 0, "breakdown": {}, "status": "OK"}
[21:53:46]   cowork_executor: {"status": "OK", "completed_runs": 3, "successes": 6, "failures": 0}
[21:53:46]   price_watcher: {"status": "OK", "detail": "No log (outside market hours \u2014 expected)"}
[21:53:46]   new_cron_topics: {"status": "OK", "active_topics": {"btc-spx-macro": 3, "gold-cycle": 4, "oil-tlt": 4}, "missing_topics": [], "detail": "Active: ['btc-spx-macro', 'gold-cycle', 'oil-tlt'], Missing 24h: []"}
[21:53:46] Learning log updated: /Users/zekezirk/zeke-status/memory/learning-log.jsonl
[21:53:46] === Done ===
[23:53:46] === Bi-Hourly Self-Assessment ===
[23:53:46] Grade: C. OK: prewarm, l2, queue, feed_quality, noise, cowork_executor, price_watcher, new_cron_topics. Failed: l1b.
[23:53:46]   prewarm: {"status": "OK", "detail": "[2026-03-22T21:55:29Z] Super loaded: 3 tokens in 25.6s"}
[23:53:46]   l1b: {"dispatched": 0, "ingested": 14, "status": "FAILED", "quality": "GOOD"}
[23:53:46]   l2: {"status": "OK", "count": 2, "narrating": true, "preview": "We need to output only structured recommendations, no extra text. Must reference a specific position"}
[23:53:46]   queue: {"done": 91, "failed": 0, "pending": 3, "echo_rate": 0.0, "status": "OK"}
[23:53:46]   feed_quality: {"avg_score": 4.4, "junk_pct": 40, "actionable_pct": 38, "total": 100, "status": "OK"}
[23:53:46]   noise: {"noise_entries_6h": 0, "breakdown": {}, "status": "OK"}
[23:53:46]   cowork_executor: {"status": "OK", "completed_runs": 3, "successes": 4, "failures": 0}
[23:53:46]   price_watcher: {"status": "OK", "detail": "No log (outside market hours \u2014 expected)"}
[23:53:46]   new_cron_topics: {"status": "OK", "active_topics": {"gold-cycle": 2, "btc-spx-macro": 2, "oil-tlt": 3}, "missing_topics": [], "detail": "Active: ['gold-cycle', 'btc-spx-macro', 'oil-tlt'], Missing 24h: []"}
[23:53:46]   ⚠ SAME: still C (persistent failures: ['l1b'])
[23:53:46] Learning log updated: /Users/zekezirk/zeke-status/memory/learning-log.jsonl
[23:53:46] === Done ===
[01:53:46] === Bi-Hourly Self-Assessment ===
[01:53:47] Grade: A. OK: prewarm, l1b, l2, queue, feed_quality, noise, cowork_executor, price_watcher, new_cron_topics. Failed: none.
[01:53:47]   prewarm: {"status": "OK", "detail": "[2026-03-22T21:55:29Z] Super loaded: 3 tokens in 25.6s"}
[01:53:47]   l1b: {"dispatched": 0, "ingested": 14, "status": "OK", "quality": "GOOD"}
[01:53:47]   l2: {"status": "OK", "count": 2, "narrating": true, "preview": "We need to output only structured recommendations, no extra text. Must reference a specific position"}
[01:53:47]   queue: {"done": 169, "failed": 0, "pending": 0, "echo_rate": 0.0, "status": "OK"}
[01:53:47]   feed_quality: {"avg_score": 3.6, "junk_pct": 52, "actionable_pct": 33, "total": 100, "status": "OK"}
[01:53:47]   noise: {"noise_entries_6h": 0, "breakdown": {}, "status": "OK"}
[01:53:47]   cowork_executor: {"status": "OK", "completed_runs": 3, "successes": 4, "failures": 0}
[01:53:47]   price_watcher: {"status": "OK", "detail": "No log (outside market hours \u2014 expected)"}
[01:53:47]   new_cron_topics: {"status": "OK", "active_topics": {"btc-spx-macro": 1, "gold-cycle": 1, "oil-tlt": 2}, "missing_topics": [], "detail": "Active: ['btc-spx-macro', 'gold-cycle', 'oil-tlt'], Missing 24h: []"}
[01:53:47] Learning log updated: /Users/zekezirk/zeke-status/memory/learning-log.jsonl
[01:53:47] === Done ===
[03:53:47] === Bi-Hourly Self-Assessment ===
[03:53:47] Grade: C. OK: prewarm, l1b, l2, queue, feed_quality, cowork_executor, price_watcher, new_cron_topics. Failed: noise.
[03:53:47]   prewarm: {"status": "OK", "detail": "[2026-03-22T21:55:29Z] Super loaded: 3 tokens in 25.6s"}
[03:53:47]   l1b: {"dispatched": 0, "ingested": 14, "status": "OK", "quality": "GOOD"}
[03:53:47]   l2: {"status": "OK", "count": 2, "narrating": true, "preview": "We need to output only structured recommendations, no extra text. Must reference a specific position"}
[03:53:47]   queue: {"done": 231, "failed": 0, "pending": 3, "echo_rate": 0.0, "status": "OK"}
[03:53:47]   feed_quality: {"avg_score": 3.3, "junk_pct": 56, "actionable_pct": 33, "total": 99, "status": "OK"}
[03:53:47]   noise: {"noise_entries_6h": 1, "breakdown": {"ai-agents": 1}, "status": "NOISE_LEAK"}
[03:53:47]   cowork_executor: {"status": "IDLE", "detail": "No pending tasks at last run", "completed_runs": 2}
[03:53:47]   price_watcher: {"status": "OK", "detail": "No log (outside market hours \u2014 expected)"}
[03:53:47]   new_cron_topics: {"status": "OK", "active_topics": {"btc-spx-macro": 1, "gold-cycle": 2, "oil-tlt": 2}, "missing_topics": [], "detail": "Active: ['btc-spx-macro', 'gold-cycle', 'oil-tlt'], Missing 24h: []"}
[03:53:47]   ✗ REGRESSION: A→C (new failures: ['noise'])
[03:53:47] Pushed 1 fix tasks to cowork
[03:53:47] Learning log updated: /Users/zekezirk/zeke-status/memory/learning-log.jsonl
[03:53:47] === Done ===
[05:53:47] === Bi-Hourly Self-Assessment ===
[05:53:47] Grade: A. OK: prewarm, l1b, l2, queue, feed_quality, noise, cowork_executor, price_watcher, new_cron_topics. Failed: none.
[05:53:47]   prewarm: {"status": "OK", "detail": "[2026-03-22T21:55:29Z] Super loaded: 3 tokens in 25.6s"}
[05:53:47]   l1b: {"dispatched": 0, "ingested": 14, "status": "OK", "quality": "GOOD"}
[05:53:47]   l2: {"status": "OK", "count": 2, "narrating": true, "preview": "We need to output only structured recommendations, no extra text. Must reference a specific position"}
[05:53:47]   queue: {"done": 268, "failed": 0, "pending": 0, "echo_rate": 0.0, "status": "OK"}
[05:53:47]   feed_quality: {"avg_score": 3.7, "junk_pct": 49, "actionable_pct": 32, "total": 99, "status": "OK"}
[05:53:47]   noise: {"noise_entries_6h": 0, "breakdown": {}, "status": "OK"}
[05:53:47]   cowork_executor: {"status": "OK", "completed_runs": 2, "successes": 4, "failures": 0}
[05:53:47]   price_watcher: {"status": "OK", "detail": "No log (outside market hours \u2014 expected)"}
[05:53:47]   new_cron_topics: {"status": "OK", "active_topics": {"btc-spx-macro": 1, "gold-cycle": 1, "oil-tlt": 2}, "missing_topics": [], "detail": "Active: ['btc-spx-macro', 'gold-cycle', 'oil-tlt'], Missing 24h: []"}
[05:53:47] Learning log updated: /Users/zekezirk/zeke-status/memory/learning-log.jsonl
[05:53:47] === Done ===
[07:53:47] === Bi-Hourly Self-Assessment ===
[07:53:47] Grade: C. OK: prewarm, l1b, l2, queue, feed_quality, noise, price_watcher, new_cron_topics. Failed: cowork_executor.
[07:53:47]   prewarm: {"status": "OK", "detail": "[2026-03-22T21:55:29Z] Super loaded: 3 tokens in 25.6s"}
[07:53:47]   l1b: {"dispatched": 0, "ingested": 14, "status": "OK", "quality": "GOOD"}
[07:53:47]   l2: {"status": "OK", "count": 2, "narrating": true, "preview": "We need to output only structured recommendations, no extra text. Must reference a specific position"}
[07:53:47]   queue: {"done": 268, "failed": 0, "pending": 7, "echo_rate": 0.0, "status": "OK"}
[07:53:47]   feed_quality: {"avg_score": 3.7, "junk_pct": 52, "actionable_pct": 23, "total": 99, "status": "OK"}
[07:53:47]   noise: {"noise_entries_6h": 0, "breakdown": {}, "status": "OK"}
[07:53:47]   cowork_executor: {"status": "DEGRADED", "completed_runs": 3, "successes": 0, "failures": 6, "detail": "Ran but 0 successes"}
[07:53:47]   price_watcher: {"status": "OK", "detail": "No log (outside market hours \u2014 expected)"}
[07:53:47]   new_cron_topics: {"status": "OK", "active_topics": {"gold-cycle": 2, "oil-tlt": 3, "btc-spx-macro": 1}, "missing_topics": [], "detail": "Active: ['gold-cycle', 'oil-tlt', 'btc-spx-macro'], Missing 24h: []"}
[07:53:47]   ✗ REGRESSION: A→C (new failures: ['cowork_executor'])
[07:53:47] Learning log updated: /Users/zekezirk/zeke-status/memory/learning-log.jsonl
[07:53:47] === Done ===
[09:53:47] === Bi-Hourly Self-Assessment ===
[09:53:48] Grade: C. OK: prewarm, l1b, l2, queue, noise, cowork_executor, new_cron_topics, capabilities. Failed: feed_quality, price_watcher.
[09:53:48]   prewarm: {"status": "OK", "detail": "[2026-03-22T21:55:29Z] Super loaded: 3 tokens in 25.6s"}
[09:53:48]   l1b: {"dispatched": 0, "ingested": 14, "status": "OK", "quality": "GOOD"}
[09:53:48]   l2: {"status": "OK", "count": 2, "narrating": true, "preview": "We need to output only structured recommendations, no extra text. Must reference a specific position"}
[09:53:48]   queue: {"done": 399, "failed": 0, "pending": 2, "echo_rate": 0.0, "status": "OK"}
[09:53:48]   feed_quality: {"avg_score": 1.3, "junk_pct": 77, "actionable_pct": 8, "total": 100, "status": "DEGRADED"}
[09:53:48]   noise: {"noise_entries_6h": 0, "breakdown": {}, "status": "OK"}
[09:53:48]   cowork_executor: {"status": "OK", "completed_runs": 5, "successes": 8, "failures": 6}
[09:53:48]   price_watcher: {"status": "FAILED", "detail": "No log file \u2014 missing during market hours"}
[09:53:48]   new_cron_topics: {"status": "OK", "active_topics": {"oil-tlt": 3, "gold-cycle": 2, "btc-spx-macro": 2}, "missing_topics": [], "detail": "Active: ['oil-tlt', 'gold-cycle', 'btc-spx-macro'], Missing 24h: []"}
[09:53:48]   capabilities: {"status": "OK", "failures": [], "warnings": [], "claude_code": {"status": "OK", "current": "2.1.81", "latest": "2.1.81", "behind": 0}, "conviction_backtest": {"status": "OK", "age_hours": 20.0, "positions": 8, "missing_scores": []}, "camel_yt_orphans": {"status": "OK", "pre_fetched_count": 1, "orphaned": []}, "infra_scout": {"status": "OK", "age_hours": 3.9, "last_run": "2026-03-23T10:00:15.490375+00:00"}, "capability_scanner": {"status": "OK", "age_hours": 2.9, "last_run": "2026-03-23T11:00:03.286446+00:00"}, "members_transcripts": {"status": "OK", "file_count": 2, "pre_fetched_count": 1}}
[09:53:48]   ✗ REGRESSION: A→C (new failures: ['feed_quality', 'price_watcher'])
[09:53:48] Learning log updated: /Users/zekezirk/zeke-status/memory/learning-log.jsonl
[09:53:48] === Done ===
[11:53:48] === Bi-Hourly Self-Assessment ===
[11:53:48] Grade: C. OK: prewarm, l1b, l2, queue, noise, cowork_executor, price_watcher, new_cron_topics, capabilities. Failed: feed_quality.
[11:53:48]   prewarm: {"status": "OK", "detail": "[2026-03-22T21:55:29Z] Super loaded: 3 tokens in 25.6s"}
[11:53:48]   l1b: {"dispatched": 0, "ingested": 14, "status": "OK", "quality": "GOOD"}
[11:53:48]   l2: {"status": "OK", "count": 2, "narrating": true, "preview": "We need to output only structured recommendations, no extra text. Must reference a specific position"}
[11:53:48]   queue: {"done": 564, "failed": 0, "pending": 2, "echo_rate": 0.0, "status": "OK"}
[11:53:48]   feed_quality: {"avg_score": 0.8, "junk_pct": 90, "actionable_pct": 8, "total": 100, "status": "DEGRADED"}
[11:53:48]   noise: {"noise_entries_6h": 0, "breakdown": {}, "status": "OK"}
[11:53:48]   cowork_executor: {"status": "OK", "completed_runs": 2, "successes": 2, "failures": 0}
[11:53:48]   price_watcher: {"status": "OK", "detail": "Last entry: [done]  1 alert(s) sent, 0 research task(s) seeded.", "is_market_hours": true, "log_path": "/Users/zekezirk/zeke-status/logs/price-watcher.log"}
[11:53:48]   new_cron_topics: {"status": "OK", "active_topics": {"btc-spx-macro": 1, "gold-cycle": 2, "oil-tlt": 3}, "missing_topics": [], "detail": "Active: ['btc-spx-macro', 'gold-cycle', 'oil-tlt'], Missing 24h: []"}
[11:53:48]   capabilities: {"status": "OK", "failures": [], "warnings": [], "claude_code": {"status": "OK", "current": "2.1.81", "latest": "2.1.81", "behind": 0}, "conviction_backtest": {"status": "OK", "age_hours": 22.0, "positions": 8, "missing_scores": []}, "camel_yt_orphans": {"status": "OK", "pre_fetched_count": 1, "orphaned": []}, "infra_scout": {"status": "OK", "age_hours": 5.9, "last_run": "2026-03-23T10:00:15.490375+00:00"}, "capability_scanner": {"status": "OK", "age_hours": 4.9, "last_run": "2026-03-23T11:00:03.286446+00:00"}, "members_transcripts": {"status": "OK", "file_count": 2, "pre_fetched_count": 1}}
[11:53:48]   ✗ REGRESSION: A→C (new failures: ['feed_quality'])
[11:53:48] Learning log updated: /Users/zekezirk/zeke-status/memory/learning-log.jsonl
[11:53:48] === Done ===
[13:53:48] === Bi-Hourly Self-Assessment ===
[13:53:49] Grade: A. OK: prewarm, l1b, l2, queue, feed_quality, noise, cowork_executor, price_watcher, new_cron_topics, capabilities. Failed: none.
[13:53:49]   prewarm: {"status": "OK", "detail": "[2026-03-22T21:55:29Z] Super loaded: 3 tokens in 25.6s"}
[13:53:49]   l1b: {"dispatched": 0, "ingested": 14, "status": "OK", "quality": "GOOD"}
[13:53:49]   l2: {"status": "OK", "count": 2, "narrating": true, "preview": "We need to output only structured recommendations, no extra text. Must reference a specific position"}
[13:53:49]   queue: {"done": 635, "failed": 0, "pending": 3, "echo_rate": 0.0, "status": "OK"}
[13:53:49]   feed_quality: {"avg_score": 5.6, "junk_pct": 30, "actionable_pct": 57, "total": 100, "status": "OK"}
[13:53:49]   noise: {"noise_entries_6h": 0, "breakdown": {}, "status": "OK"}
[13:53:49]   cowork_executor: {"status": "OK", "completed_runs": 4, "successes": 6, "failures": 0}
[13:53:49]   price_watcher: {"status": "OK", "detail": "Last entry: [done]  0 alert(s) sent, 0 research task(s) seeded.", "is_market_hours": true, "log_path": "/Users/zekezirk/zeke-status/logs/price-watcher.log"}
[13:53:49]   new_cron_topics: {"status": "OK", "active_topics": {"oil-tlt": 1, "btc-spx-macro": 1, "gold-cycle": 1}, "missing_topics": [], "detail": "Active: ['oil-tlt', 'btc-spx-macro', 'gold-cycle'], Missing 24h: []"}
[13:53:49]   capabilities: {"status": "OK", "failures": [], "warnings": [], "claude_code": {"status": "OK", "current": "2.1.81", "latest": "2.1.81", "behind": 0}, "conviction_backtest": {"status": "OK", "age_hours": 1.0, "positions": 8, "missing_scores": []}, "camel_yt_orphans": {"status": "OK", "pre_fetched_count": 1, "orphaned": []}, "infra_scout": {"status": "OK", "age_hours": 7.9, "last_run": "2026-03-23T10:00:15.490375+00:00"}, "capability_scanner": {"status": "OK", "age_hours": 6.9, "last_run": "2026-03-23T11:00:03.286446+00:00"}, "members_transcripts": {"status": "OK", "file_count": 2, "pre_fetched_count": 1}}
[13:53:49] Learning log updated: /Users/zekezirk/zeke-status/memory/learning-log.jsonl
[13:53:49] === Done ===
[15:53:49] === Bi-Hourly Self-Assessment ===
[15:53:49] Grade: A. OK: prewarm, l1b, l2, queue, feed_quality, noise, cowork_executor, price_watcher, new_cron_topics, capabilities. Failed: none.
[15:53:49]   prewarm: {"status": "OK", "detail": "[2026-03-22T21:55:29Z] Super loaded: 3 tokens in 25.6s"}
[15:53:49]   l1b: {"dispatched": 0, "ingested": 14, "status": "OK", "quality": "GOOD"}
[15:53:49]   l2: {"status": "OK", "count": 2, "narrating": true, "preview": "We need to output only structured recommendations, no extra text. Must reference a specific position"}
[15:53:49]   queue: {"done": 858, "failed": 0, "pending": 3, "echo_rate": 0.0, "status": "OK"}
[15:53:49]   feed_quality: {"avg_score": 8.0, "junk_pct": 1, "actionable_pct": 81, "total": 100, "status": "OK"}
[15:53:49]   noise: {"noise_entries_6h": 0, "breakdown": {}, "status": "OK"}
[15:53:49]   cowork_executor: {"status": "OK", "completed_runs": 6, "successes": 5, "failures": 2}
[15:53:49]   price_watcher: {"status": "OK", "detail": "Last entry: [done]  0 alert(s) sent, 0 research task(s) seeded.", "is_market_hours": true, "log_path": "/Users/zekezirk/zeke-status/logs/price-watcher.log"}
[15:53:49]   new_cron_topics: {"status": "OK", "active_topics": {"gold-cycle": 4, "oil-tlt": 5, "btc-spx-macro": 2}, "missing_topics": [], "detail": "Active: ['gold-cycle', 'oil-tlt', 'btc-spx-macro'], Missing 24h: []"}
[15:53:49]   capabilities: {"status": "OK", "failures": [], "warnings": [], "claude_code": {"status": "OK", "current": "2.1.81", "latest": "2.1.81", "behind": 0}, "conviction_backtest": {"status": "OK", "age_hours": 3.0, "positions": 8, "missing_scores": []}, "camel_yt_orphans": {"status": "OK", "pre_fetched_count": 1, "orphaned": []}, "infra_scout": {"status": "OK", "age_hours": 9.9, "last_run": "2026-03-23T10:00:15.490375+00:00"}, "capability_scanner": {"status": "OK", "age_hours": 8.9, "last_run": "2026-03-23T11:00:03.286446+00:00"}, "members_transcripts": {"status": "OK", "file_count": 2, "pre_fetched_count": 1}}
[15:53:49] Learning log updated: /Users/zekezirk/zeke-status/memory/learning-log.jsonl
[15:53:49] === Done ===
[17:53:49] === Bi-Hourly Self-Assessment ===
[17:53:50] Grade: A. OK: prewarm, l1b, l2, queue, feed_quality, noise, cowork_executor, price_watcher, new_cron_topics, capabilities. Failed: none.
[17:53:50]   prewarm: {"status": "OK", "detail": "[2026-03-22T21:55:29Z] Super loaded: 3 tokens in 25.6s"}
[17:53:50]   l1b: {"dispatched": 0, "ingested": 14, "status": "OK", "quality": "GOOD"}
[17:53:50]   l2: {"status": "OK", "count": 2, "narrating": true, "preview": "We need to output only structured recommendations, no extra text. Must reference a specific position"}
[17:53:50]   queue: {"done": 1088, "failed": 0, "pending": 4, "echo_rate": 0.0, "status": "OK"}
[17:53:50]   feed_quality: {"avg_score": 8.7, "junk_pct": 0, "actionable_pct": 92, "total": 100, "status": "OK"}
[17:53:50]   noise: {"noise_entries_6h": 0, "breakdown": {}, "status": "OK"}
[17:53:50]   cowork_executor: {"status": "IDLE", "detail": "No pending tasks at last run", "completed_runs": 6}
[17:53:50]   price_watcher: {"status": "OK", "detail": "Last entry: [2026-03-23 17:49 ET] Outside market hours. Exiting.", "is_market_hours": false, "log_path": "/Users/zekezirk/zeke-status/logs/price-watcher.log"}
[17:53:50]   new_cron_topics: {"status": "OK", "active_topics": {"gold-cycle": 2, "oil-tlt": 2, "btc-spx-macro": 1}, "missing_topics": [], "detail": "Active: ['gold-cycle', 'oil-tlt', 'btc-spx-macro'], Missing 24h: []"}
[17:53:50]   capabilities: {"status": "OK", "failures": [], "warnings": [], "claude_code": {"status": "OK", "current": "2.1.81", "latest": "2.1.81", "behind": 0}, "conviction_backtest": {"status": "OK", "age_hours": 0.4, "positions": 8, "missing_scores": []}, "camel_yt_orphans": {"status": "OK", "pre_fetched_count": 1, "orphaned": []}, "infra_scout": {"status": "OK", "age_hours": 11.9, "last_run": "2026-03-23T10:00:15.490375+00:00"}, "capability_scanner": {"status": "OK", "age_hours": 10.9, "last_run": "2026-03-23T11:00:03.286446+00:00"}, "members_transcripts": {"status": "OK", "file_count": 2, "pre_fetched_count": 1}}
[17:53:50] Learning log updated: /Users/zekezirk/zeke-status/memory/learning-log.jsonl
[17:53:50] === Done ===
[19:53:50] === Bi-Hourly Self-Assessment ===
[19:53:50] Grade: A. OK: prewarm, l1b, l2, queue, feed_quality, noise, cowork_executor, price_watcher, new_cron_topics, capabilities. Failed: none.
[19:53:50]   prewarm: {"status": "OK", "detail": "[2026-03-22T21:55:29Z] Super loaded: 3 tokens in 25.6s"}
[19:53:50]   l1b: {"dispatched": 0, "ingested": 14, "status": "OK", "quality": "GOOD"}
[19:53:50]   l2: {"status": "OK", "count": 2, "narrating": true, "preview": "We need to output only structured recommendations, no extra text. Must reference a specific position"}
[19:53:50]   queue: {"done": 1299, "failed": 0, "pending": 3, "echo_rate": 0.0, "status": "OK"}
[19:53:50]   feed_quality: {"avg_score": 8.7, "junk_pct": 0, "actionable_pct": 94, "total": 100, "status": "OK"}
[19:53:50]   noise: {"noise_entries_6h": 0, "breakdown": {}, "status": "OK"}
[19:53:50]   cowork_executor: {"status": "OK", "completed_runs": 6, "successes": 6, "failures": 2}
[19:53:50]   price_watcher: {"status": "OK", "detail": "Last entry: [2026-03-23 19:49 ET] Outside market hours. Exiting.", "is_market_hours": false, "log_path": "/Users/zekezirk/zeke-status/logs/price-watcher.log"}
[19:53:50]   new_cron_topics: {"status": "OK", "active_topics": {"gold-cycle": 9, "oil-tlt": 10, "btc-spx-macro": 5}, "missing_topics": [], "detail": "Active: ['gold-cycle', 'oil-tlt', 'btc-spx-macro'], Missing 24h: []"}
[19:53:50]   capabilities: {"status": "OK", "failures": [], "warnings": [], "claude_code": {"status": "OK", "current": "2.1.81", "latest": "2.1.81", "behind": 0}, "conviction_backtest": {"status": "OK", "age_hours": 2.4, "positions": 8, "missing_scores": []}, "camel_yt_orphans": {"status": "OK", "pre_fetched_count": 1, "orphaned": []}, "infra_scout": {"status": "OK", "age_hours": 13.9, "last_run": "2026-03-23T10:00:15.490375+00:00"}, "capability_scanner": {"status": "OK", "age_hours": 12.9, "last_run": "2026-03-23T11:00:03.286446+00:00"}, "members_transcripts": {"status": "OK", "file_count": 2, "pre_fetched_count": 1}}
[19:53:50] Learning log updated: /Users/zekezirk/zeke-status/memory/learning-log.jsonl
[19:53:50] === Done ===
[21:53:51] === Bi-Hourly Self-Assessment ===
[21:53:51] Grade: A. OK: prewarm, l1b, l2, queue, feed_quality, noise, cowork_executor, price_watcher, new_cron_topics, capabilities. Failed: none.
[21:53:51]   prewarm: {"status": "OK", "detail": "[2026-03-22T21:55:29Z] Super loaded: 3 tokens in 25.6s"}
[21:53:51]   l1b: {"dispatched": 0, "ingested": 14, "status": "OK", "quality": "GOOD"}
[21:53:51]   l2: {"status": "OK", "count": 2, "narrating": true, "preview": "We need to output only structured recommendations, no extra text. Must reference a specific position"}
[21:53:51]   queue: {"done": 1474, "failed": 0, "pending": 3, "echo_rate": 0.0, "status": "OK"}
[21:53:51]   feed_quality: {"avg_score": 8.6, "junk_pct": 0, "actionable_pct": 87, "total": 99, "status": "OK"}
[21:53:51]   noise: {"noise_entries_6h": 0, "breakdown": {}, "status": "OK"}
[21:53:51]   cowork_executor: {"status": "OK", "completed_runs": 2, "successes": 2, "failures": 0}
[21:53:51]   price_watcher: {"status": "OK", "detail": "Last entry: [2026-03-23 21:49 ET] Outside market hours. Exiting.", "is_market_hours": false, "log_path": "/Users/zekezirk/zeke-status/logs/price-watcher.log"}
[21:53:51]   new_cron_topics: {"status": "OK", "active_topics": {"oil-tlt": 11, "gold-cycle": 9, "btc-spx-macro": 6}, "missing_topics": [], "detail": "Active: ['oil-tlt', 'gold-cycle', 'btc-spx-macro'], Missing 24h: []"}
[21:53:51]   capabilities: {"status": "OK", "failures": [], "warnings": [], "claude_code": {"status": "OK", "current": "2.1.81", "latest": "2.1.81", "behind": 0}, "conviction_backtest": {"status": "OK", "age_hours": 4.4, "positions": 8, "missing_scores": []}, "camel_yt_orphans": {"status": "OK", "pre_fetched_count": 1, "orphaned": []}, "infra_scout": {"status": "OK", "age_hours": 15.9, "last_run": "2026-03-23T10:00:15.490375+00:00"}, "capability_scanner": {"status": "OK", "age_hours": 14.9, "last_run": "2026-03-23T11:00:03.286446+00:00"}, "members_transcripts": {"status": "OK", "file_count": 2, "pre_fetched_count": 1}}
[21:53:51] Learning log updated: /Users/zekezirk/zeke-status/memory/learning-log.jsonl
[21:53:51] === Done ===
[23:53:51] === Bi-Hourly Self-Assessment ===
[23:53:52] Grade: A. OK: prewarm, l1b, l2, queue, feed_quality, noise, cowork_executor, price_watcher, new_cron_topics, capabilities. Failed: none.
[23:53:52]   prewarm: {"status": "OK", "detail": "[2026-03-23T21:55:26Z] Super loaded: 3 tokens in 25.8s"}
[23:53:52]   l1b: {"dispatched": 15, "ingested": 0, "status": "OK", "quality": "NO_INGESTION"}
[23:53:52]   l2: {"status": "OK", "count": 7, "narrating": true, "preview": "We need to output only structured recommendations, no extra text. Must reference a specific position"}
[23:53:52]   queue: {"done": 1627, "failed": 0, "pending": 3, "echo_rate": 0.0, "status": "OK"}
[23:53:52]   feed_quality: {"avg_score": 8.4, "junk_pct": 1, "actionable_pct": 86, "total": 100, "status": "OK"}
[23:53:52]   noise: {"noise_entries_6h": 0, "breakdown": {}, "status": "OK"}
[23:53:52]   cowork_executor: {"status": "IDLE", "detail": "No pending tasks at last run", "completed_runs": 2}
[23:53:52]   price_watcher: {"status": "OK", "detail": "Last entry: [2026-03-23 23:49 ET] Outside market hours. Exiting.", "is_market_hours": false, "log_path": "/Users/zekezirk/zeke-status/logs/price-watcher.log"}
[23:53:52]   new_cron_topics: {"status": "OK", "active_topics": {"oil-tlt": 10, "btc-spx-macro": 6, "gold-cycle": 8}, "missing_topics": [], "detail": "Active: ['oil-tlt', 'btc-spx-macro', 'gold-cycle'], Missing 24h: []"}
[23:53:52]   capabilities: {"status": "OK", "failures": [], "warnings": [], "claude_code": {"status": "OK", "current": "2.1.81", "latest": "2.1.81", "behind": 0}, "conviction_backtest": {"status": "OK", "age_hours": 6.4, "positions": 8, "missing_scores": []}, "camel_yt_orphans": {"status": "OK", "pre_fetched_count": 1, "orphaned": []}, "infra_scout": {"status": "OK", "age_hours": 17.9, "last_run": "2026-03-23T10:00:15.490375+00:00"}, "capability_scanner": {"status": "OK", "age_hours": 16.9, "last_run": "2026-03-23T11:00:03.286446+00:00"}, "members_transcripts": {"status": "OK", "file_count": 2, "pre_fetched_count": 1}}
[23:53:52] Pushed 1 fix tasks to cowork
[23:53:52] Learning log updated: /Users/zekezirk/zeke-status/memory/learning-log.jsonl
[23:53:52] === Done ===
[01:53:52] === Bi-Hourly Self-Assessment ===
[01:53:52] Grade: A. OK: prewarm, l1b, l2, queue, feed_quality, noise, cowork_executor, price_watcher, new_cron_topics, capabilities. Failed: none.
[01:53:52]   prewarm: {"status": "OK", "detail": "[2026-03-23T21:55:26Z] Super loaded: 3 tokens in 25.8s"}
[01:53:52]   l1b: {"dispatched": 15, "ingested": 0, "status": "OK", "quality": "NO_INGESTION"}
[01:53:52]   l2: {"status": "OK", "count": 7, "narrating": true, "preview": "We need to output only structured recommendations, no extra text. Must reference a specific position"}
[01:53:52]   queue: {"done": 1783, "failed": 0, "pending": 2, "echo_rate": 0.0, "status": "OK"}
[01:53:52]   feed_quality: {"avg_score": 8.3, "junk_pct": 0, "actionable_pct": 84, "total": 99, "status": "OK"}
[01:53:52]   noise: {"noise_entries_6h": 0, "breakdown": {}, "status": "OK"}
[01:53:52]   cowork_executor: {"status": "OK", "completed_runs": 4, "successes": 4, "failures": 0}
[01:53:52]   price_watcher: {"status": "OK", "detail": "Last entry: [2026-03-24 01:49 ET] Outside market hours. Exiting.", "is_market_hours": false, "log_path": "/Users/zekezirk/zeke-status/logs/price-watcher.log"}
[01:53:52]   new_cron_topics: {"status": "OK", "active_topics": {"btc-spx-macro": 5, "oil-tlt": 10, "gold-cycle": 8}, "missing_topics": [], "detail": "Active: ['btc-spx-macro', 'oil-tlt', 'gold-cycle'], Missing 24h: []"}
[01:53:52]   capabilities: {"status": "OK", "failures": [], "warnings": [], "claude_code": {"status": "OK", "current": "2.1.81", "latest": "2.1.81", "behind": 0}, "conviction_backtest": {"status": "OK", "age_hours": 8.4, "positions": 8, "missing_scores": []}, "camel_yt_orphans": {"status": "OK", "pre_fetched_count": 1, "orphaned": []}, "infra_scout": {"status": "OK", "age_hours": 19.9, "last_run": "2026-03-23T10:00:15.490375+00:00"}, "capability_scanner": {"status": "OK", "age_hours": 18.9, "last_run": "2026-03-23T11:00:03.286446+00:00"}, "members_transcripts": {"status": "OK", "file_count": 2, "pre_fetched_count": 1}}
[01:53:52] Learning log updated: /Users/zekezirk/zeke-status/memory/learning-log.jsonl
[01:53:52] === Done ===
[03:53:52] === Bi-Hourly Self-Assessment ===
[03:53:53] Grade: A. OK: prewarm, l1b, l2, queue, feed_quality, noise, cowork_executor, price_watcher, new_cron_topics, capabilities. Failed: none.
[03:53:53]   prewarm: {"status": "OK", "detail": "[2026-03-23T21:55:26Z] Super loaded: 3 tokens in 25.8s"}
[03:53:53]   l1b: {"dispatched": 15, "ingested": 0, "status": "OK", "quality": "NO_INGESTION"}
[03:53:53]   l2: {"status": "OK", "count": 7, "narrating": true, "preview": "We need to output only structured recommendations, no extra text. Must reference a specific position"}
[03:53:53]   queue: {"done": 1960, "failed": 0, "pending": 3, "echo_rate": 0.0, "status": "OK"}
[03:53:53]   feed_quality: {"avg_score": 8.5, "junk_pct": 1, "actionable_pct": 89, "total": 100, "status": "OK"}
[03:53:53]   noise: {"noise_entries_6h": 0, "breakdown": {}, "status": "OK"}
[03:53:53]   cowork_executor: {"status": "OK", "completed_runs": 4, "successes": 4, "failures": 0}
[03:53:53]   price_watcher: {"status": "OK", "detail": "Last entry: [2026-03-24 03:49 ET] Outside market hours. Exiting.", "is_market_hours": false, "log_path": "/Users/zekezirk/zeke-status/logs/price-watcher.log"}
[03:53:53]   new_cron_topics: {"status": "OK", "active_topics": {"gold-cycle": 8, "btc-spx-macro": 5, "oil-tlt": 11}, "missing_topics": [], "detail": "Active: ['gold-cycle', 'btc-spx-macro', 'oil-tlt'], Missing 24h: []"}
[03:53:53]   capabilities: {"status": "OK", "failures": [], "warnings": [], "claude_code": {"status": "OK", "current": "2.1.81", "latest": "2.1.81", "behind": 0}, "conviction_backtest": {"status": "OK", "age_hours": 10.4, "positions": 8, "missing_scores": []}, "camel_yt_orphans": {"status": "OK", "pre_fetched_count": 1, "orphaned": []}, "infra_scout": {"status": "OK", "age_hours": 21.9, "last_run": "2026-03-23T10:00:15.490375+00:00"}, "capability_scanner": {"status": "OK", "age_hours": 20.9, "last_run": "2026-03-23T11:00:03.286446+00:00"}, "members_transcripts": {"status": "OK", "file_count": 2, "pre_fetched_count": 1}}
[03:53:53] Learning log updated: /Users/zekezirk/zeke-status/memory/learning-log.jsonl
[03:53:53] === Done ===
[05:53:53] === Bi-Hourly Self-Assessment ===
[05:53:53] Grade: A. OK: prewarm, l1b, l2, queue, feed_quality, noise, cowork_executor, price_watcher, new_cron_topics, capabilities. Failed: none.
[05:53:53]   prewarm: {"status": "OK", "detail": "[2026-03-23T21:55:26Z] Super loaded: 3 tokens in 25.8s"}
[05:53:53]   l1b: {"dispatched": 15, "ingested": 0, "status": "OK", "quality": "NO_INGESTION"}
[05:53:53]   l2: {"status": "OK", "count": 7, "narrating": true, "preview": "We need to output only structured recommendations, no extra text. Must reference a specific position"}
[05:53:53]   queue: {"done": 2169, "failed": 0, "pending": 2, "echo_rate": 0.0, "status": "OK"}
[05:53:53]   feed_quality: {"avg_score": 8.6, "junk_pct": 0, "actionable_pct": 92, "total": 100, "status": "OK"}
[05:53:53]   noise: {"noise_entries_6h": 0, "breakdown": {}, "status": "OK"}
[05:53:53]   cowork_executor: {"status": "OK", "completed_runs": 4, "successes": 5, "failures": 0}
[05:53:53]   price_watcher: {"status": "OK", "detail": "Last entry: [2026-03-24 05:49 ET] Outside market hours. Exiting.", "is_market_hours": false, "log_path": "/Users/zekezirk/zeke-status/logs/price-watcher.log"}
[05:53:53]   new_cron_topics: {"status": "OK", "active_topics": {"btc-spx-macro": 5, "oil-tlt": 10, "gold-cycle": 7}, "missing_topics": [], "detail": "Active: ['btc-spx-macro', 'oil-tlt', 'gold-cycle'], Missing 24h: []"}
[05:53:53]   capabilities: {"status": "OK", "failures": [], "warnings": [], "claude_code": {"status": "OK", "current": "2.1.81", "latest": "2.1.81", "behind": 0}, "conviction_backtest": {"status": "OK", "age_hours": 12.4, "positions": 8, "missing_scores": []}, "camel_yt_orphans": {"status": "OK", "pre_fetched_count": 1, "orphaned": []}, "infra_scout": {"status": "OK", "age_hours": 23.9, "last_run": "2026-03-23T10:00:15.490375+00:00"}, "capability_scanner": {"status": "OK", "age_hours": 22.9, "last_run": "2026-03-23T11:00:03.286446+00:00"}, "members_transcripts": {"status": "OK", "file_count": 2, "pre_fetched_count": 1}}
[05:53:53] Pushed 1 fix tasks to cowork
[05:53:53] Learning log updated: /Users/zekezirk/zeke-status/memory/learning-log.jsonl
[05:53:53] === Done ===
[07:53:53] === Bi-Hourly Self-Assessment ===
[07:53:54] Grade: A. OK: prewarm, l1b, l2, queue, feed_quality, noise, cowork_executor, price_watcher, new_cron_topics, capabilities. Failed: none.
[07:53:54]   prewarm: {"status": "OK", "detail": "[2026-03-23T21:55:26Z] Super loaded: 3 tokens in 25.8s"}
[07:53:54]   l1b: {"dispatched": 15, "ingested": 0, "status": "OK", "quality": "NO_INGESTION"}
[07:53:54]   l2: {"status": "OK", "count": 7, "narrating": true, "preview": "We need to output only structured recommendations, no extra text. Must reference a specific position"}
[07:53:54]   queue: {"done": 2398, "failed": 0, "pending": 4, "echo_rate": 0.0, "status": "OK"}
[07:53:54]   feed_quality: {"avg_score": 7.1, "junk_pct": 17, "actionable_pct": 77, "total": 100, "status": "OK"}
[07:53:54]   noise: {"noise_entries_6h": 0, "breakdown": {}, "status": "OK"}
[07:53:54]   cowork_executor: {"status": "OK", "completed_runs": 6, "successes": 5, "failures": 2}
[07:53:54]   price_watcher: {"status": "OK", "detail": "Last entry: [2026-03-24 07:49 ET] Outside market hours. Exiting.", "is_market_hours": false, "log_path": "/Users/zekezirk/zeke-status/logs/price-watcher.log"}
[07:53:54]   new_cron_topics: {"status": "OK", "active_topics": {"gold-cycle": 7, "oil-tlt": 10, "btc-spx-macro": 5}, "missing_topics": [], "detail": "Active: ['gold-cycle', 'oil-tlt', 'btc-spx-macro'], Missing 24h: []"}
[07:53:54]   capabilities: {"status": "OK", "failures": [], "warnings": [], "claude_code": {"status": "OK", "current": "2.1.81", "latest": "2.1.81", "behind": 0}, "conviction_backtest": {"status": "OK", "age_hours": 14.4, "positions": 8, "missing_scores": []}, "camel_yt_orphans": {"status": "OK", "pre_fetched_count": 1, "orphaned": []}, "infra_scout": {"status": "OK", "age_hours": 1.9, "last_run": "2026-03-24T10:00:13.800206+00:00"}, "capability_scanner": {"status": "OK", "age_hours": 0.9, "last_run": "2026-03-24T11:00:02.959930+00:00"}, "members_transcripts": {"status": "OK", "file_count": 2, "pre_fetched_count": 1}}
[07:53:54] Pushed 1 fix tasks to cowork
[07:53:54] Learning log updated: /Users/zekezirk/zeke-status/memory/learning-log.jsonl
[07:53:54] === Done ===
[09:53:54] === Bi-Hourly Self-Assessment ===
[09:53:54] Grade: A. OK: prewarm, l1b, l2, queue, feed_quality, noise, cowork_executor, price_watcher, new_cron_topics, capabilities. Failed: none.
[09:53:54]   prewarm: {"status": "OK", "detail": "[2026-03-23T21:55:26Z] Super loaded: 3 tokens in 25.8s"}
[09:53:54]   l1b: {"dispatched": 15, "ingested": 0, "status": "OK", "quality": "NO_INGESTION"}
[09:53:54]   l2: {"status": "OK", "count": 7, "narrating": true, "preview": "We need to output only structured recommendations, no extra text. Must reference a specific position"}
[09:53:54]   queue: {"done": 2625, "failed": 0, "pending": 3, "echo_rate": 0.0, "status": "OK"}
[09:53:54]   feed_quality: {"avg_score": 7.6, "junk_pct": 3, "actionable_pct": 76, "total": 100, "status": "OK"}
[09:53:54]   noise: {"noise_entries_6h": 0, "breakdown": {}, "status": "OK"}
[09:53:54]   cowork_executor: {"status": "OK", "completed_runs": 6, "successes": 5, "failures": 4}
[09:53:54]   price_watcher: {"status": "OK", "detail": "Last entry: [done]  0 alert(s) sent, 1 research task(s) seeded.", "is_market_hours": true, "log_path": "/Users/zekezirk/zeke-status/logs/price-watcher.log"}
[09:53:54]   new_cron_topics: {"status": "OK", "active_topics": {"btc-spx-macro": 5, "oil-tlt": 8, "gold-cycle": 6}, "missing_topics": [], "detail": "Active: ['btc-spx-macro', 'oil-tlt', 'gold-cycle'], Missing 24h: []"}
[09:53:54]   capabilities: {"status": "OK", "failures": [], "warnings": [], "claude_code": {"status": "OK", "current": "2.1.81", "latest": "2.1.81", "behind": 0}, "conviction_backtest": {"status": "OK", "age_hours": 16.4, "positions": 8, "missing_scores": []}, "camel_yt_orphans": {"status": "OK", "pre_fetched_count": 1, "orphaned": []}, "infra_scout": {"status": "OK", "age_hours": 3.9, "last_run": "2026-03-24T10:00:13.800206+00:00"}, "capability_scanner": {"status": "OK", "age_hours": 2.9, "last_run": "2026-03-24T11:00:02.959930+00:00"}, "members_transcripts": {"status": "OK", "file_count": 2, "pre_fetched_count": 1}}
[09:53:54] Learning log updated: /Users/zekezirk/zeke-status/memory/learning-log.jsonl
[09:53:54] === Done ===
[11:53:55] === Bi-Hourly Self-Assessment ===
[11:53:55] Grade: A. OK: prewarm, l1b, l2, queue, feed_quality, noise, cowork_executor, price_watcher, new_cron_topics, capabilities. Failed: none.
[11:53:55]   prewarm: {"status": "OK", "detail": "[2026-03-23T21:55:26Z] Super loaded: 3 tokens in 25.8s"}
[11:53:55]   l1b: {"dispatched": 15, "ingested": 0, "status": "OK", "quality": "NO_INGESTION"}
[11:53:55]   l2: {"status": "OK", "count": 7, "narrating": true, "preview": "We need to output only structured recommendations, no extra text. Must reference a specific position"}
[11:53:55]   queue: {"done": 2859, "failed": 0, "pending": 3, "echo_rate": 0.0, "status": "OK"}
[11:53:55]   feed_quality: {"avg_score": 8.5, "junk_pct": 0, "actionable_pct": 94, "total": 100, "status": "OK"}
[11:53:55]   noise: {"noise_entries_6h": 0, "breakdown": {}, "status": "OK"}
[11:53:55]   cowork_executor: {"status": "OK", "completed_runs": 2, "successes": 2, "failures": 0}
[11:53:55]   price_watcher: {"status": "OK", "detail": "Last entry: [done]  0 alert(s) sent, 0 research task(s) seeded.", "is_market_hours": true, "log_path": "/Users/zekezirk/zeke-status/logs/price-watcher.log"}
[11:53:55]   new_cron_topics: {"status": "OK", "active_topics": {"gold-cycle": 5, "oil-tlt": 7, "btc-spx-macro": 4}, "missing_topics": [], "detail": "Active: ['gold-cycle', 'oil-tlt', 'btc-spx-macro'], Missing 24h: []"}
[11:53:55]   capabilities: {"status": "OK", "failures": [], "warnings": [], "claude_code": {"status": "OK", "current": "2.1.81", "latest": "2.1.81", "behind": 0}, "conviction_backtest": {"status": "OK", "age_hours": 18.4, "positions": 8, "missing_scores": []}, "camel_yt_orphans": {"status": "OK", "pre_fetched_count": 1, "orphaned": []}, "infra_scout": {"status": "OK", "age_hours": 5.9, "last_run": "2026-03-24T10:00:13.800206+00:00"}, "capability_scanner": {"status": "OK", "age_hours": 4.9, "last_run": "2026-03-24T11:00:02.959930+00:00"}, "members_transcripts": {"status": "OK", "file_count": 2, "pre_fetched_count": 1}}
[11:53:55] Learning log updated: /Users/zekezirk/zeke-status/memory/learning-log.jsonl
[11:53:55] === Done ===
[13:53:55] === Bi-Hourly Self-Assessment ===
[13:53:56] Grade: A. OK: prewarm, l1b, l2, queue, feed_quality, noise, cowork_executor, price_watcher, new_cron_topics, capabilities. Failed: none.
[13:53:56]   prewarm: {"status": "OK", "detail": "[2026-03-23T21:55:26Z] Super loaded: 3 tokens in 25.8s"}
[13:53:56]   l1b: {"dispatched": 15, "ingested": 0, "status": "OK", "quality": "NO_INGESTION"}
[13:53:56]   l2: {"status": "OK", "count": 7, "narrating": true, "preview": "We need to output only structured recommendations, no extra text. Must reference a specific position"}
[13:53:56]   queue: {"done": 3092, "failed": 0, "pending": 3, "echo_rate": 0.0, "status": "OK"}
[13:53:56]   feed_quality: {"avg_score": 8.4, "junk_pct": 0, "actionable_pct": 86, "total": 100, "status": "OK"}
[13:53:56]   noise: {"noise_entries_6h": 0, "breakdown": {}, "status": "OK"}
[13:53:56]   cowork_executor: {"status": "OK", "completed_runs": 4, "successes": 6, "failures": 0}
[13:53:56]   price_watcher: {"status": "OK", "detail": "Last entry: [done]  0 alert(s) sent, 0 research task(s) seeded.", "is_market_hours": true, "log_path": "/Users/zekezirk/zeke-status/logs/price-watcher.log"}
[13:53:56]   new_cron_topics: {"status": "OK", "active_topics": {"oil-tlt": 7, "btc-spx-macro": 5, "gold-cycle": 5}, "missing_topics": [], "detail": "Active: ['oil-tlt', 'btc-spx-macro', 'gold-cycle'], Missing 24h: []"}
[13:53:56]   capabilities: {"status": "OK", "failures": [], "warnings": [], "claude_code": {"status": "OK", "current": "2.1.81", "latest": "2.1.81", "behind": 0}, "conviction_backtest": {"status": "OK", "age_hours": 1.1, "positions": 14, "missing_scores": []}, "camel_yt_orphans": {"status": "OK", "pre_fetched_count": 1, "orphaned": []}, "infra_scout": {"status": "OK", "age_hours": 7.9, "last_run": "2026-03-24T10:00:13.800206+00:00"}, "capability_scanner": {"status": "OK", "age_hours": 6.9, "last_run": "2026-03-24T11:00:02.959930+00:00"}, "members_transcripts": {"status": "OK", "file_count": 2, "pre_fetched_count": 1}}
[13:53:56] Learning log updated: /Users/zekezirk/zeke-status/memory/learning-log.jsonl
[13:53:56] === Done ===
[15:53:56] === Bi-Hourly Self-Assessment ===
[15:53:56] Grade: A. OK: prewarm, l1b, l2, queue, feed_quality, noise, cowork_executor, price_watcher, new_cron_topics, capabilities. Failed: none.
[15:53:56]   prewarm: {"status": "OK", "detail": "[2026-03-23T21:55:26Z] Super loaded: 3 tokens in 25.8s"}
[15:53:56]   l1b: {"dispatched": 15, "ingested": 0, "status": "OK", "quality": "NO_INGESTION"}
[15:53:56]   l2: {"status": "OK", "count": 7, "narrating": true, "preview": "We need to output only structured recommendations, no extra text. Must reference a specific position"}
[15:53:56]   queue: {"done": 3325, "failed": 0, "pending": 2, "echo_rate": 0.0, "status": "OK"}
[15:53:56]   feed_quality: {"avg_score": 8.5, "junk_pct": 0, "actionable_pct": 93, "total": 100, "status": "OK"}
[15:53:56]   noise: {"noise_entries_6h": 0, "breakdown": {}, "status": "OK"}
[15:53:56]   cowork_executor: {"status": "OK", "completed_runs": 5, "successes": 6, "failures": 2}
[15:53:56]   price_watcher: {"status": "OK", "detail": "Last entry: [done]  0 alert(s) sent, 0 research task(s) seeded.", "is_market_hours": true, "log_path": "/Users/zekezirk/zeke-status/logs/price-watcher.log"}
[15:53:56]   new_cron_topics: {"status": "OK", "active_topics": {"btc-spx-macro": 5, "oil-tlt": 7, "gold-cycle": 5}, "missing_topics": [], "detail": "Active: ['btc-spx-macro', 'oil-tlt', 'gold-cycle'], Missing 24h: []"}
[15:53:56]   capabilities: {"status": "OK", "failures": [], "warnings": [], "claude_code": {"status": "OK", "current": "2.1.81", "latest": "2.1.81", "behind": 0}, "conviction_backtest": {"status": "OK", "age_hours": 3.1, "positions": 14, "missing_scores": []}, "camel_yt_orphans": {"status": "OK", "pre_fetched_count": 1, "orphaned": []}, "infra_scout": {"status": "OK", "age_hours": 9.9, "last_run": "2026-03-24T10:00:13.800206+00:00"}, "capability_scanner": {"status": "OK", "age_hours": 8.9, "last_run": "2026-03-24T11:00:02.959930+00:00"}, "members_transcripts": {"status": "OK", "file_count": 2, "pre_fetched_count": 1}}
[15:53:56] Learning log updated: /Users/zekezirk/zeke-status/memory/learning-log.jsonl
[15:53:56] === Done ===
[17:53:56] === Bi-Hourly Self-Assessment ===
[17:53:57] Grade: A. OK: prewarm, l1b, l2, queue, feed_quality, noise, cowork_executor, price_watcher, new_cron_topics, capabilities. Failed: none.
[17:53:57]   prewarm: {"status": "OK", "detail": "[2026-03-23T21:55:26Z] Super loaded: 3 tokens in 25.8s"}
[17:53:57]   l1b: {"dispatched": 15, "ingested": 11, "status": "OK", "quality": "GOOD"}
[17:53:57]   l2: {"status": "OK", "count": 7, "narrating": true, "preview": "We need to output only structured recommendations, no extra text. Must reference a specific position"}
[17:53:57]   queue: {"done": 3554, "failed": 0, "pending": 4, "echo_rate": 0.0, "status": "OK"}
[17:53:57]   feed_quality: {"avg_score": 8.2, "junk_pct": 0, "actionable_pct": 82, "total": 100, "status": "OK"}
[17:53:57]   noise: {"noise_entries_6h": 0, "breakdown": {}, "status": "OK"}
[17:53:57]   cowork_executor: {"status": "OK", "completed_runs": 6, "successes": 4, "failures": 4}
[17:53:57]   price_watcher: {"status": "OK", "detail": "Last entry: [2026-03-24 17:52 ET] Outside market hours. Exiting.", "is_market_hours": false, "log_path": "/Users/zekezirk/zeke-status/logs/price-watcher.log"}
[17:53:57]   new_cron_topics: {"status": "OK", "active_topics": {"oil-tlt": 7, "gold-cycle": 5, "btc-spx-macro": 5}, "missing_topics": [], "detail": "Active: ['oil-tlt', 'gold-cycle', 'btc-spx-macro'], Missing 24h: []"}
[17:53:57]   capabilities: {"status": "OK", "failures": [], "warnings": [], "claude_code": {"status": "OK", "current": "2.1.81", "latest": "2.1.81", "behind": 0}, "conviction_backtest": {"status": "OK", "age_hours": 0.4, "positions": 14, "missing_scores": []}, "camel_yt_orphans": {"status": "OK", "pre_fetched_count": 1, "orphaned": []}, "infra_scout": {"status": "OK", "age_hours": 11.9, "last_run": "2026-03-24T10:00:13.800206+00:00"}, "capability_scanner": {"status": "OK", "age_hours": 10.9, "last_run": "2026-03-24T11:00:02.959930+00:00"}, "members_transcripts": {"status": "OK", "file_count": 2, "pre_fetched_count": 1}}
[17:53:57] Learning log updated: /Users/zekezirk/zeke-status/memory/learning-log.jsonl
[17:53:57] === Done ===
[19:53:57] === Bi-Hourly Self-Assessment ===
[19:53:57] Grade: A. OK: prewarm, l1b, l2, queue, feed_quality, noise, cowork_executor, price_watcher, new_cron_topics, capabilities. Failed: none.
[19:53:57]   prewarm: {"status": "OK", "detail": "[2026-03-23T21:55:26Z] Super loaded: 3 tokens in 25.8s"}
[19:53:57]   l1b: {"dispatched": 15, "ingested": 15, "status": "OK", "quality": "GOOD"}
[19:53:57]   l2: {"status": "OK", "count": 7, "narrating": true, "preview": "We need to output only structured recommendations, no extra text. Must reference a specific position"}
[19:53:57]   queue: {"done": 3776, "failed": 0, "pending": 2, "echo_rate": 0.0, "status": "OK"}
[19:53:57]   feed_quality: {"avg_score": 8.2, "junk_pct": 0, "actionable_pct": 79, "total": 100, "status": "OK"}
[19:53:57]   noise: {"noise_entries_6h": 0, "breakdown": {}, "status": "OK"}
[19:53:57]   cowork_executor: {"status": "OK", "completed_runs": 6, "successes": 5, "failures": 4}
[19:53:57]   price_watcher: {"status": "OK", "detail": "Last entry: [2026-03-24 19:53 ET] Outside market hours. Exiting.", "is_market_hours": false, "log_path": "/Users/zekezirk/zeke-status/logs/price-watcher.log"}
[19:53:57]   new_cron_topics: {"status": "OK", "active_topics": {"btc-spx-macro": 5, "oil-tlt": 7, "gold-cycle": 6}, "missing_topics": [], "detail": "Active: ['btc-spx-macro', 'oil-tlt', 'gold-cycle'], Missing 24h: []"}
[19:53:57]   capabilities: {"status": "OK", "failures": [], "warnings": [], "claude_code": {"status": "OK", "current": "2.1.81", "latest": "2.1.81", "behind": 0}, "conviction_backtest": {"status": "OK", "age_hours": 2.4, "positions": 14, "missing_scores": []}, "camel_yt_orphans": {"status": "OK", "pre_fetched_count": 1, "orphaned": []}, "infra_scout": {"status": "OK", "age_hours": 13.9, "last_run": "2026-03-24T10:00:13.800206+00:00"}, "capability_scanner": {"status": "OK", "age_hours": 12.9, "last_run": "2026-03-24T11:00:02.959930+00:00"}, "members_transcripts": {"status": "OK", "file_count": 2, "pre_fetched_count": 1}}
[19:53:57] Learning log updated: /Users/zekezirk/zeke-status/memory/learning-log.jsonl
[19:53:57] === Done ===
[21:53:57] === Bi-Hourly Self-Assessment ===
[21:53:58] Grade: A. OK: prewarm, l1b, l2, queue, feed_quality, noise, cowork_executor, price_watcher, new_cron_topics, capabilities. Failed: none.
[21:53:58]   prewarm: {"status": "OK", "detail": "[2026-03-23T21:55:26Z] Super loaded: 3 tokens in 25.8s"}
[21:53:58]   l1b: {"dispatched": 15, "ingested": 15, "status": "OK", "quality": "GOOD"}
[21:53:58]   l2: {"status": "OK", "count": 7, "narrating": true, "preview": "We need to output only structured recommendations, no extra text. Must reference a specific position"}
[21:53:58]   queue: {"done": 3981, "failed": 0, "pending": 4, "echo_rate": 0.0, "status": "OK"}
[21:53:58]   feed_quality: {"avg_score": 8.5, "junk_pct": 0, "actionable_pct": 85, "total": 100, "status": "OK"}
[21:53:58]   noise: {"noise_entries_6h": 0, "breakdown": {}, "status": "OK"}
[21:53:58]   cowork_executor: {"status": "OK", "completed_runs": 2, "successes": 2, "failures": 0}
[21:53:58]   price_watcher: {"status": "OK", "detail": "Last entry: [2026-03-24 21:53 ET] Outside market hours. Exiting.", "is_market_hours": false, "log_path": "/Users/zekezirk/zeke-status/logs/price-watcher.log"}
[21:53:58]   new_cron_topics: {"status": "OK", "active_topics": {"oil-tlt": 7, "btc-spx-macro": 5, "gold-cycle": 6}, "missing_topics": [], "detail": "Active: ['oil-tlt', 'btc-spx-macro', 'gold-cycle'], Missing 24h: []"}
[21:53:58]   capabilities: {"status": "OK", "failures": [], "warnings": [], "claude_code": {"status": "OK", "current": "2.1.81", "latest": "2.1.81", "behind": 0}, "conviction_backtest": {"status": "OK", "age_hours": 4.4, "positions": 14, "missing_scores": []}, "camel_yt_orphans": {"status": "OK", "pre_fetched_count": 1, "orphaned": []}, "infra_scout": {"status": "OK", "age_hours": 15.9, "last_run": "2026-03-24T10:00:13.800206+00:00"}, "capability_scanner": {"status": "OK", "age_hours": 14.9, "last_run": "2026-03-24T11:00:02.959930+00:00"}, "members_transcripts": {"status": "OK", "file_count": 2, "pre_fetched_count": 1}}
[21:53:58] Learning log updated: /Users/zekezirk/zeke-status/memory/learning-log.jsonl
[21:53:58] === Done ===
[23:53:58] === Bi-Hourly Self-Assessment ===
[23:53:58] Grade: A. OK: prewarm, l1b, l2, queue, feed_quality, noise, cowork_executor, price_watcher, new_cron_topics, capabilities. Failed: none.
[23:53:58]   prewarm: {"status": "OK", "detail": "[2026-03-24T21:55:26Z] Super loaded: 3 tokens in 26.1s"}
[23:53:58]   l1b: {"dispatched": 6, "ingested": 8, "status": "OK", "quality": "GOOD"}
[23:53:58]   l2: {"status": "OK", "count": 2, "narrating": true, "preview": "We need to output only structured recommendations, no extra text. Must reference a specific position"}
[23:53:58]   queue: {"done": 4138, "failed": 0, "pending": 2, "echo_rate": 0.0, "status": "OK"}
[23:53:58]   feed_quality: {"avg_score": 8.5, "junk_pct": 1, "actionable_pct": 88, "total": 100, "status": "OK"}
[23:53:58]   noise: {"noise_entries_6h": 0, "breakdown": {}, "status": "OK"}
[23:53:58]   cowork_executor: {"status": "IDLE", "detail": "No pending tasks at last run", "completed_runs": 2}
[23:53:58]   price_watcher: {"status": "OK", "detail": "Last entry: [2026-03-24 23:53 ET] Outside market hours. Exiting.", "is_market_hours": false, "log_path": "/Users/zekezirk/zeke-status/logs/price-watcher.log"}
[23:53:58]   new_cron_topics: {"status": "OK", "active_topics": {"gold-cycle": 5, "oil-tlt": 6, "btc-spx-macro": 5}, "missing_topics": [], "detail": "Active: ['gold-cycle', 'oil-tlt', 'btc-spx-macro'], Missing 24h: []"}
[23:53:58]   capabilities: {"status": "OK", "failures": [], "warnings": [], "claude_code": {"status": "OK", "current": "2.1.81", "latest": "2.1.81", "behind": 0}, "conviction_backtest": {"status": "OK", "age_hours": 6.4, "positions": 14, "missing_scores": []}, "camel_yt_orphans": {"status": "OK", "pre_fetched_count": 1, "orphaned": []}, "infra_scout": {"status": "OK", "age_hours": 17.9, "last_run": "2026-03-24T10:00:13.800206+00:00"}, "capability_scanner": {"status": "OK", "age_hours": 16.9, "last_run": "2026-03-24T11:00:02.959930+00:00"}, "members_transcripts": {"status": "OK", "file_count": 2, "pre_fetched_count": 1}}
[23:53:58] Learning log updated: /Users/zekezirk/zeke-status/memory/learning-log.jsonl
[23:53:58] === Done ===
[01:53:58] === Bi-Hourly Self-Assessment ===
[01:53:59] Grade: A. OK: prewarm, l1b, l2, queue, feed_quality, noise, cowork_executor, price_watcher, new_cron_topics, capabilities. Failed: none.
[01:53:59]   prewarm: {"status": "OK", "detail": "[2026-03-24T21:55:26Z] Super loaded: 3 tokens in 26.1s"}
[01:53:59]   l1b: {"dispatched": 6, "ingested": 8, "status": "OK", "quality": "GOOD"}
[01:53:59]   l2: {"status": "OK", "count": 2, "narrating": true, "preview": "We need to output only structured recommendations, no extra text. Must reference a specific position"}
[01:53:59]   queue: {"done": 4307, "failed": 0, "pending": 3, "echo_rate": 0.0, "status": "OK"}
[01:53:59]   feed_quality: {"avg_score": 8.5, "junk_pct": 0, "actionable_pct": 89, "total": 100, "status": "OK"}
[01:53:59]   noise: {"noise_entries_6h": 0, "breakdown": {}, "status": "OK"}
[01:53:59]   cowork_executor: {"status": "IDLE", "detail": "No pending tasks at last run", "completed_runs": 2}
[01:53:59]   price_watcher: {"status": "OK", "detail": "Last entry: [2026-03-25 01:53 ET] Outside market hours. Exiting.", "is_market_hours": false, "log_path": "/Users/zekezirk/zeke-status/logs/price-watcher.log"}
[01:53:59]   new_cron_topics: {"status": "OK", "active_topics": {"btc-spx-macro": 3, "oil-tlt": 7, "gold-cycle": 5}, "missing_topics": [], "detail": "Active: ['btc-spx-macro', 'oil-tlt', 'gold-cycle'], Missing 24h: []"}
[01:53:59]   capabilities: {"status": "OK", "failures": [], "warnings": [], "claude_code": {"status": "OK", "current": "2.1.81", "latest": "2.1.81", "behind": 0}, "conviction_backtest": {"status": "OK", "age_hours": 8.4, "positions": 14, "missing_scores": []}, "camel_yt_orphans": {"status": "OK", "pre_fetched_count": 1, "orphaned": []}, "infra_scout": {"status": "OK", "age_hours": 19.9, "last_run": "2026-03-24T10:00:13.800206+00:00"}, "capability_scanner": {"status": "OK", "age_hours": 18.9, "last_run": "2026-03-24T11:00:02.959930+00:00"}, "members_transcripts": {"status": "OK", "file_count": 2, "pre_fetched_count": 1}}
[01:53:59] Learning log updated: /Users/zekezirk/zeke-status/memory/learning-log.jsonl
[01:53:59] === Done ===
[03:53:59] === Bi-Hourly Self-Assessment ===
[03:53:59] Grade: A. OK: prewarm, l1b, l2, queue, feed_quality, noise, cowork_executor, price_watcher, new_cron_topics, capabilities. Failed: none.
[03:53:59]   prewarm: {"status": "OK", "detail": "[2026-03-24T21:55:26Z] Super loaded: 3 tokens in 26.1s"}
[03:53:59]   l1b: {"dispatched": 6, "ingested": 8, "status": "OK", "quality": "GOOD"}
[03:53:59]   l2: {"status": "OK", "count": 2, "narrating": true, "preview": "We need to output only structured recommendations, no extra text. Must reference a specific position"}
[03:53:59]   queue: {"done": 4482, "failed": 0, "pending": 3, "echo_rate": 0.0, "status": "OK"}
[03:53:59]   feed_quality: {"avg_score": 8.2, "junk_pct": 1, "actionable_pct": 83, "total": 100, "status": "OK"}
[03:53:59]   noise: {"noise_entries_6h": 0, "breakdown": {}, "status": "OK"}
[03:53:59]   cowork_executor: {"status": "IDLE", "detail": "No pending tasks at last run", "completed_runs": 0}
[03:53:59]   price_watcher: {"status": "OK", "detail": "Last entry: [2026-03-25 03:53 ET] Outside market hours. Exiting.", "is_market_hours": false, "log_path": "/Users/zekezirk/zeke-status/logs/price-watcher.log"}
[03:53:59]   new_cron_topics: {"status": "OK", "active_topics": {"btc-spx-macro": 4, "gold-cycle": 6, "oil-tlt": 7}, "missing_topics": [], "detail": "Active: ['btc-spx-macro', 'gold-cycle', 'oil-tlt'], Missing 24h: []"}
[03:53:59]   capabilities: {"status": "OK", "failures": [], "warnings": [], "claude_code": {"status": "OK", "current": "2.1.83", "latest": "2.1.83", "behind": 0}, "conviction_backtest": {"status": "OK", "age_hours": 10.4, "positions": 14, "missing_scores": []}, "camel_yt_orphans": {"status": "OK", "pre_fetched_count": 1, "orphaned": []}, "infra_scout": {"status": "OK", "age_hours": 21.9, "last_run": "2026-03-24T10:00:13.800206+00:00"}, "capability_scanner": {"status": "OK", "age_hours": 20.9, "last_run": "2026-03-24T11:00:02.959930+00:00"}, "members_transcripts": {"status": "OK", "file_count": 2, "pre_fetched_count": 1}}
[03:53:59] Learning log updated: /Users/zekezirk/zeke-status/memory/learning-log.jsonl
[03:53:59] === Done ===
[05:54:00] === Bi-Hourly Self-Assessment ===
[05:54:00] Grade: A. OK: prewarm, l1b, l2, queue, feed_quality, noise, cowork_executor, price_watcher, new_cron_topics, capabilities. Failed: none.
[05:54:00]   prewarm: {"status": "OK", "detail": "[2026-03-24T21:55:26Z] Super loaded: 3 tokens in 26.1s"}
[05:54:00]   l1b: {"dispatched": 6, "ingested": 8, "status": "OK", "quality": "GOOD"}
[05:54:00]   l2: {"status": "OK", "count": 2, "narrating": true, "preview": "We need to output only structured recommendations, no extra text. Must reference a specific position"}
[05:54:00]   queue: {"done": 4668, "failed": 0, "pending": 2, "echo_rate": 0.0, "status": "OK"}
[05:54:00]   feed_quality: {"avg_score": 8.3, "junk_pct": 0, "actionable_pct": 86, "total": 100, "status": "OK"}
[05:54:00]   noise: {"noise_entries_6h": 0, "breakdown": {}, "status": "OK"}
[05:54:00]   cowork_executor: {"status": "OK", "completed_runs": 2, "successes": 2, "failures": 0}
[05:54:00]   price_watcher: {"status": "OK", "detail": "Last entry: [2026-03-25 05:53 ET] Outside market hours. Exiting.", "is_market_hours": false, "log_path": "/Users/zekezirk/zeke-status/logs/price-watcher.log"}
[05:54:00]   new_cron_topics: {"status": "OK", "active_topics": {"btc-spx-macro": 4, "gold-cycle": 6, "oil-tlt": 7}, "missing_topics": [], "detail": "Active: ['btc-spx-macro', 'gold-cycle', 'oil-tlt'], Missing 24h: []"}
[05:54:00]   capabilities: {"status": "OK", "failures": [], "warnings": [], "claude_code": {"status": "OK", "current": "2.1.83", "latest": "2.1.83", "behind": 0}, "conviction_backtest": {"status": "OK", "age_hours": 2.0, "positions": 14, "missing_scores": []}, "camel_yt_orphans": {"status": "OK", "pre_fetched_count": 1, "orphaned": []}, "infra_scout": {"status": "OK", "age_hours": 23.9, "last_run": "2026-03-24T10:00:13.800206+00:00"}, "capability_scanner": {"status": "OK", "age_hours": 22.9, "last_run": "2026-03-24T11:00:02.959930+00:00"}, "members_transcripts": {"status": "OK", "file_count": 2, "pre_fetched_count": 1}}
[05:54:00] Learning log updated: /Users/zekezirk/zeke-status/memory/learning-log.jsonl
[05:54:00] === Done ===
[07:54:00] === Bi-Hourly Self-Assessment ===
[07:54:01] Grade: A. OK: prewarm, l1b, l2, queue, feed_quality, noise, cowork_executor, price_watcher, new_cron_topics, capabilities. Failed: none.
[07:54:01]   prewarm: {"status": "OK", "detail": "[2026-03-24T21:55:26Z] Super loaded: 3 tokens in 26.1s"}
[07:54:01]   l1b: {"dispatched": 6, "ingested": 8, "status": "OK", "quality": "GOOD"}
[07:54:01]   l2: {"status": "OK", "count": 2, "narrating": true, "preview": "We need to output only structured recommendations, no extra text. Must reference a specific position"}
[07:54:01]   queue: {"done": 4880, "failed": 0, "pending": 2, "echo_rate": 0.0, "status": "OK"}
[07:54:01]   feed_quality: {"avg_score": 8.3, "junk_pct": 3, "actionable_pct": 88, "total": 100, "status": "OK"}
[07:54:01]   noise: {"noise_entries_6h": 0, "breakdown": {}, "status": "OK"}
[07:54:01]   cowork_executor: {"status": "OK", "completed_runs": 6, "successes": 6, "failures": 0}
[07:54:01]   price_watcher: {"status": "OK", "detail": "Last entry: [2026-03-25 07:53 ET] Outside market hours. Exiting.", "is_market_hours": false, "log_path": "/Users/zekezirk/zeke-status/logs/price-watcher.log"}
[07:54:01]   new_cron_topics: {"status": "OK", "active_topics": {"oil-tlt": 6, "gold-cycle": 7, "btc-spx-macro": 4}, "missing_topics": [], "detail": "Active: ['oil-tlt', 'gold-cycle', 'btc-spx-macro'], Missing 24h: []"}
[07:54:01]   capabilities: {"status": "OK", "failures": [], "warnings": [], "claude_code": {"status": "OK", "current": "2.1.83", "latest": "2.1.83", "behind": 0}, "conviction_backtest": {"status": "OK", "age_hours": 4.0, "positions": 14, "missing_scores": []}, "camel_yt_orphans": {"status": "OK", "pre_fetched_count": 1, "orphaned": []}, "infra_scout": {"status": "OK", "age_hours": 1.9, "last_run": "2026-03-25T10:00:11.321631+00:00"}, "capability_scanner": {"status": "OK", "age_hours": 0.9, "last_run": "2026-03-25T11:00:03.298345+00:00"}, "members_transcripts": {"status": "OK", "file_count": 2, "pre_fetched_count": 1}}
[07:54:01] Learning log updated: /Users/zekezirk/zeke-status/memory/learning-log.jsonl
[07:54:01] === Done ===
[09:54:01] === Bi-Hourly Self-Assessment ===
[09:54:02] Grade: A. OK: prewarm, l1b, l2, queue, feed_quality, noise, cowork_executor, price_watcher, new_cron_topics, capabilities. Failed: none.
[09:54:02]   prewarm: {"status": "OK", "detail": "[2026-03-24T21:55:26Z] Super loaded: 3 tokens in 26.1s"}
[09:54:02]   l1b: {"dispatched": 6, "ingested": 8, "status": "OK", "quality": "GOOD"}
[09:54:02]   l2: {"status": "OK", "count": 2, "narrating": true, "preview": "We need to output only structured recommendations, no extra text. Must reference a specific position"}
[09:54:02]   queue: {"done": 5101, "failed": 0, "pending": 4, "echo_rate": 0.0, "status": "OK"}
[09:54:02]   feed_quality: {"avg_score": 7.5, "junk_pct": 3, "actionable_pct": 74, "total": 100, "status": "OK"}
[09:54:02]   noise: {"noise_entries_6h": 0, "breakdown": {}, "status": "OK"}
[09:54:02]   cowork_executor: {"status": "OK", "completed_runs": 5, "successes": 6, "failures": 0}
[09:54:02]   price_watcher: {"status": "OK", "detail": "Last entry: [done]  0 alert(s) sent, 0 research task(s) seeded.", "is_market_hours": true, "log_path": "/Users/zekezirk/zeke-status/logs/price-watcher.log"}
[09:54:02]   new_cron_topics: {"status": "OK", "active_topics": {"oil-tlt": 7, "gold-cycle": 7, "btc-spx-macro": 5}, "missing_topics": [], "detail": "Active: ['oil-tlt', 'gold-cycle', 'btc-spx-macro'], Missing 24h: []"}
[09:54:02]   capabilities: {"status": "OK", "failures": [], "warnings": [], "claude_code": {"status": "OK", "current": "2.1.83", "latest": "2.1.83", "behind": 0}, "conviction_backtest": {"status": "OK", "age_hours": 6.0, "positions": 14, "missing_scores": []}, "camel_yt_orphans": {"status": "OK", "pre_fetched_count": 1, "orphaned": []}, "infra_scout": {"status": "OK", "age_hours": 3.9, "last_run": "2026-03-25T10:00:11.321631+00:00"}, "capability_scanner": {"status": "OK", "age_hours": 2.9, "last_run": "2026-03-25T11:00:03.298345+00:00"}, "members_transcripts": {"status": "OK", "file_count": 2, "pre_fetched_count": 1}}
[09:54:02] Learning log updated: /Users/zekezirk/zeke-status/memory/learning-log.jsonl
[09:54:02] === Done ===
[11:54:02] === Bi-Hourly Self-Assessment ===
[11:54:02] Grade: A. OK: prewarm, l1b, l2, queue, feed_quality, noise, cowork_executor, price_watcher, new_cron_topics, capabilities. Failed: none.
[11:54:02]   prewarm: {"status": "OK", "detail": "[2026-03-24T21:55:26Z] Super loaded: 3 tokens in 26.1s"}
[11:54:02]   l1b: {"dispatched": 6, "ingested": 8, "status": "OK", "quality": "GOOD"}
[11:54:02]   l2: {"status": "OK", "count": 2, "narrating": true, "preview": "We need to output only structured recommendations, no extra text. Must reference a specific position"}
[11:54:02]   queue: {"done": 5333, "failed": 0, "pending": 2, "echo_rate": 0.0, "status": "OK"}
[11:54:02]   feed_quality: {"avg_score": 8.4, "junk_pct": 0, "actionable_pct": 86, "total": 100, "status": "OK"}
[11:54:02]   noise: {"noise_entries_6h": 0, "breakdown": {}, "status": "OK"}
[11:54:02]   cowork_executor: {"status": "IDLE", "detail": "No pending tasks at last run", "completed_runs": 0}
[11:54:02]   price_watcher: {"status": "OK", "detail": "Last entry: [done]  0 alert(s) sent, 0 research task(s) seeded.", "is_market_hours": true, "log_path": "/Users/zekezirk/zeke-status/logs/price-watcher.log"}
[11:54:02]   new_cron_topics: {"status": "OK", "active_topics": {"gold-cycle": 7, "oil-tlt": 6, "btc-spx-macro": 5}, "missing_topics": [], "detail": "Active: ['gold-cycle', 'oil-tlt', 'btc-spx-macro'], Missing 24h: []"}
[11:54:02]   capabilities: {"status": "OK", "failures": [], "warnings": [], "claude_code": {"status": "OK", "current": "2.1.83", "latest": "2.1.83", "behind": 0}, "conviction_backtest": {"status": "OK", "age_hours": 8.0, "positions": 14, "missing_scores": []}, "camel_yt_orphans": {"status": "OK", "pre_fetched_count": 1, "orphaned": []}, "infra_scout": {"status": "OK", "age_hours": 5.9, "last_run": "2026-03-25T10:00:11.321631+00:00"}, "capability_scanner": {"status": "OK", "age_hours": 4.9, "last_run": "2026-03-25T11:00:03.298345+00:00"}, "members_transcripts": {"status": "OK", "file_count": 2, "pre_fetched_count": 1}}
[11:54:02] Learning log updated: /Users/zekezirk/zeke-status/memory/learning-log.jsonl
[11:54:02] === Done ===
[13:54:02] === Bi-Hourly Self-Assessment ===
[13:54:03] Grade: A. OK: prewarm, l1b, l2, queue, feed_quality, noise, cowork_executor, price_watcher, new_cron_topics, capabilities. Failed: none.
[13:54:03]   prewarm: {"status": "OK", "detail": "[2026-03-24T21:55:26Z] Super loaded: 3 tokens in 26.1s"}
[13:54:03]   l1b: {"dispatched": 6, "ingested": 8, "status": "OK", "quality": "GOOD"}
[13:54:03]   l2: {"status": "OK", "count": 2, "narrating": true, "preview": "We need to output only structured recommendations, no extra text. Must reference a specific position"}
[13:54:03]   queue: {"done": 5547, "failed": 0, "pending": 3, "echo_rate": 0.0, "status": "OK"}
[13:54:03]   feed_quality: {"avg_score": 8.3, "junk_pct": 0, "actionable_pct": 85, "total": 100, "status": "OK"}
[13:54:03]   noise: {"noise_entries_6h": 0, "breakdown": {}, "status": "OK"}
[13:54:03]   cowork_executor: {"status": "OK", "completed_runs": 2, "successes": 2, "failures": 0}
[13:54:03]   price_watcher: {"status": "OK", "detail": "Last entry: [done]  0 alert(s) sent, 1 research task(s) seeded.", "is_market_hours": true, "log_path": "/Users/zekezirk/zeke-status/logs/price-watcher.log"}
[13:54:03]   new_cron_topics: {"status": "OK", "active_topics": {"gold-cycle": 7, "btc-spx-macro": 6, "oil-tlt": 6}, "missing_topics": [], "detail": "Active: ['gold-cycle', 'btc-spx-macro', 'oil-tlt'], Missing 24h: []"}
[13:54:03]   capabilities: {"status": "OK", "failures": [], "warnings": [], "claude_code": {"status": "OK", "current": "2.1.83", "latest": "2.1.83", "behind": 0}, "conviction_backtest": {"status": "OK", "age_hours": 1.6, "positions": 14, "missing_scores": []}, "camel_yt_orphans": {"status": "OK", "pre_fetched_count": 1, "orphaned": []}, "infra_scout": {"status": "OK", "age_hours": 7.9, "last_run": "2026-03-25T10:00:11.321631+00:00"}, "capability_scanner": {"status": "OK", "age_hours": 6.9, "last_run": "2026-03-25T11:00:03.298345+00:00"}, "members_transcripts": {"status": "OK", "file_count": 2, "pre_fetched_count": 1}}
[13:54:03] Learning log updated: /Users/zekezirk/zeke-status/memory/learning-log.jsonl
[13:54:03] === Done ===
[15:54:03] === Bi-Hourly Self-Assessment ===
[15:54:03] Grade: A. OK: prewarm, l1b, l2, queue, feed_quality, noise, cowork_executor, price_watcher, new_cron_topics, capabilities. Failed: none.
[15:54:03]   prewarm: {"status": "OK", "detail": "[2026-03-24T21:55:26Z] Super loaded: 3 tokens in 26.1s"}
[15:54:03]   l1b: {"dispatched": 6, "ingested": 8, "status": "OK", "quality": "GOOD"}
[15:54:03]   l2: {"status": "OK", "count": 2, "narrating": true, "preview": "We need to output only structured recommendations, no extra text. Must reference a specific position"}
[15:54:03]   queue: {"done": 5776, "failed": 0, "pending": 4, "echo_rate": 0.0, "status": "OK"}
[15:54:03]   feed_quality: {"avg_score": 8.5, "junk_pct": 0, "actionable_pct": 93, "total": 100, "status": "OK"}
[15:54:03]   noise: {"noise_entries_6h": 0, "breakdown": {}, "status": "OK"}
[15:54:03]   cowork_executor: {"status": "IDLE", "detail": "No pending tasks at last run", "completed_runs": 2}
[15:54:03]   price_watcher: {"status": "OK", "detail": "Last entry: [done]  0 alert(s) sent, 0 research task(s) seeded.", "is_market_hours": true, "log_path": "/Users/zekezirk/zeke-status/logs/price-watcher.log"}
[15:54:03]   new_cron_topics: {"status": "OK", "active_topics": {"oil-tlt": 6, "btc-spx-macro": 6, "gold-cycle": 7}, "missing_topics": [], "detail": "Active: ['oil-tlt', 'btc-spx-macro', 'gold-cycle'], Missing 24h: []"}
[15:54:03]   capabilities: {"status": "OK", "failures": [], "warnings": [], "claude_code": {"status": "OK", "current": "2.1.83", "latest": "2.1.83", "behind": 0}, "conviction_backtest": {"status": "OK", "age_hours": 3.6, "positions": 14, "missing_scores": []}, "camel_yt_orphans": {"status": "OK", "pre_fetched_count": 1, "orphaned": []}, "infra_scout": {"status": "OK", "age_hours": 9.9, "last_run": "2026-03-25T10:00:11.321631+00:00"}, "capability_scanner": {"status": "OK", "age_hours": 8.9, "last_run": "2026-03-25T11:00:03.298345+00:00"}, "members_transcripts": {"status": "OK", "file_count": 2, "pre_fetched_count": 1}}
[15:54:03] Learning log updated: /Users/zekezirk/zeke-status/memory/learning-log.jsonl
[15:54:03] === Done ===
[17:54:04] === Bi-Hourly Self-Assessment ===
[17:54:04] Grade: A. OK: prewarm, l1b, l2, queue, feed_quality, noise, cowork_executor, price_watcher, new_cron_topics, capabilities. Failed: none.
[17:54:04]   prewarm: {"status": "OK", "detail": "[2026-03-24T21:55:26Z] Super loaded: 3 tokens in 26.1s"}
[17:54:04]   l1b: {"dispatched": 6, "ingested": 8, "status": "OK", "quality": "GOOD"}
[17:54:04]   l2: {"status": "OK", "count": 2, "narrating": true, "preview": "We need to output only structured recommendations, no extra text. Must reference a specific position"}
[17:54:04]   queue: {"done": 5998, "failed": 0, "pending": 3, "echo_rate": 0.0, "status": "OK"}
[17:54:04]   feed_quality: {"avg_score": 8.4, "junk_pct": 0, "actionable_pct": 86, "total": 100, "status": "OK"}
[17:54:04]   noise: {"noise_entries_6h": 0, "breakdown": {}, "status": "OK"}
[17:54:04]   cowork_executor: {"status": "IDLE", "detail": "No pending tasks at last run", "completed_runs": 4}
[17:54:04]   price_watcher: {"status": "OK", "detail": "Last entry: [2026-03-25 17:51 ET] Outside market hours. Exiting.", "is_market_hours": false, "log_path": "/Users/zekezirk/zeke-status/logs/price-watcher.log"}
[17:54:04]   new_cron_topics: {"status": "OK", "active_topics": {"gold-cycle": 7, "btc-spx-macro": 6, "oil-tlt": 6}, "missing_topics": [], "detail": "Active: ['gold-cycle', 'btc-spx-macro', 'oil-tlt'], Missing 24h: []"}
[17:54:04]   capabilities: {"status": "OK", "failures": [], "warnings": [], "claude_code": {"status": "OK", "current": "2.1.83", "latest": "2.1.83", "behind": 0}, "conviction_backtest": {"status": "OK", "age_hours": 0.4, "positions": 14, "missing_scores": []}, "camel_yt_orphans": {"status": "OK", "pre_fetched_count": 1, "orphaned": []}, "infra_scout": {"status": "OK", "age_hours": 11.9, "last_run": "2026-03-25T10:00:11.321631+00:00"}, "capability_scanner": {"status": "OK", "age_hours": 10.9, "last_run": "2026-03-25T11:00:03.298345+00:00"}, "members_transcripts": {"status": "OK", "file_count": 2, "pre_fetched_count": 1}}
[17:54:04] Learning log updated: /Users/zekezirk/zeke-status/memory/learning-log.jsonl
[17:54:04] === Done ===
[19:54:04] === Bi-Hourly Self-Assessment ===
[19:54:05] Grade: A. OK: prewarm, l1b, l2, queue, feed_quality, noise, cowork_executor, price_watcher, new_cron_topics, capabilities. Failed: none.
[19:54:05]   prewarm: {"status": "OK", "detail": "[2026-03-24T21:55:26Z] Super loaded: 3 tokens in 26.1s"}
[19:54:05]   l1b: {"dispatched": 6, "ingested": 8, "status": "OK", "quality": "GOOD"}
[19:54:05]   l2: {"status": "OK", "count": 2, "narrating": true, "preview": "We need to output only structured recommendations, no extra text. Must reference a specific position"}
[19:54:05]   queue: {"done": 6226, "failed": 0, "pending": 2, "echo_rate": 0.0, "status": "OK"}
[19:54:05]   feed_quality: {"avg_score": 8.4, "junk_pct": 0, "actionable_pct": 86, "total": 100, "status": "OK"}
[19:54:05]   noise: {"noise_entries_6h": 0, "breakdown": {}, "status": "OK"}
[19:54:05]   cowork_executor: {"status": "OK", "completed_runs": 5, "successes": 6, "failures": 0}
[19:54:05]   price_watcher: {"status": "OK", "detail": "Last entry: [2026-03-25 19:51 ET] Outside market hours. Exiting.", "is_market_hours": false, "log_path": "/Users/zekezirk/zeke-status/logs/price-watcher.log"}
[19:54:05]   new_cron_topics: {"status": "OK", "active_topics": {"btc-spx-macro": 6, "gold-cycle": 7, "oil-tlt": 6}, "missing_topics": [], "detail": "Active: ['btc-spx-macro', 'gold-cycle', 'oil-tlt'], Missing 24h: []"}
[19:54:05]   capabilities: {"status": "OK", "failures": [], "warnings": [], "claude_code": {"status": "OK", "current": "2.1.83", "latest": "2.1.83", "behind": 0}, "conviction_backtest": {"status": "OK", "age_hours": 2.4, "positions": 14, "missing_scores": []}, "camel_yt_orphans": {"status": "OK", "pre_fetched_count": 1, "orphaned": []}, "infra_scout": {"status": "OK", "age_hours": 13.9, "last_run": "2026-03-25T10:00:11.321631+00:00"}, "capability_scanner": {"status": "OK", "age_hours": 12.9, "last_run": "2026-03-25T11:00:03.298345+00:00"}, "members_transcripts": {"status": "OK", "file_count": 2, "pre_fetched_count": 1}}
[19:54:05] Learning log updated: /Users/zekezirk/zeke-status/memory/learning-log.jsonl
[19:54:05] === Done ===
[21:54:05] === Bi-Hourly Self-Assessment ===
[21:54:05] Grade: A. OK: prewarm, l1b, l2, queue, feed_quality, noise, cowork_executor, price_watcher, new_cron_topics. Failed: none.
[21:54:05]   prewarm: {"status": "OK", "detail": "[2026-03-24T21:55:26Z] Super loaded: 3 tokens in 26.1s"}
[21:54:05]   l1b: {"dispatched": 6, "ingested": 8, "status": "OK", "quality": "GOOD"}
[21:54:05]   l2: {"status": "OK", "count": 2, "narrating": true, "preview": "We need to output only structured recommendations, no extra text. Must reference a specific position"}
[21:54:05]   queue: {"done": 6423, "failed": 0, "pending": 3, "echo_rate": 0.0, "status": "OK"}
[21:54:05]   feed_quality: {"avg_score": 8.4, "junk_pct": 0, "actionable_pct": 89, "total": 100, "status": "OK"}
[21:54:05]   noise: {"noise_entries_6h": 0, "breakdown": {}, "status": "OK"}
[21:54:05]   cowork_executor: {"status": "OK", "completed_runs": 2, "successes": 2, "failures": 0}
[21:54:05]   price_watcher: {"status": "OK", "detail": "Last entry: [2026-03-25 21:51 ET] Outside market hours. Exiting.", "is_market_hours": false, "log_path": "/Users/zekezirk/zeke-status/logs/price-watcher.log"}
[21:54:05]   new_cron_topics: {"status": "OK", "active_topics": {"btc-spx-macro": 6, "oil-tlt": 7, "gold-cycle": 7}, "missing_topics": [], "detail": "Active: ['btc-spx-macro', 'oil-tlt', 'gold-cycle'], Missing 24h: []"}
[21:54:05]   capabilities: {"status": "WARN", "failures": [], "warnings": ["claude-code v2.1.83 is 1 version(s) behind latest v2.1.84"], "claude_code": {"status": "WARN", "current": "2.1.83", "latest": "2.1.84", "behind": 1}, "conviction_backtest": {"status": "OK", "age_hours": 4.4, "positions": 14, "missing_scores": []}, "camel_yt_orphans": {"status": "OK", "pre_fetched_count": 1, "orphaned": []}, "infra_scout": {"status": "OK", "age_hours": 15.9, "last_run": "2026-03-25T10:00:11.321631+00:00"}, "capability_scanner": {"status": "OK", "age_hours": 14.9, "last_run": "2026-03-25T11:00:03.298345+00:00"}, "members_transcripts": {"status": "OK", "file_count": 2, "pre_fetched_count": 1}}
[21:54:05] Learning log updated: /Users/zekezirk/zeke-status/memory/learning-log.jsonl
[21:54:05] === Done ===
[23:54:05] === Bi-Hourly Self-Assessment ===
[23:54:06] Grade: A. OK: prewarm, l1b, l2, queue, feed_quality, noise, cowork_executor, price_watcher, new_cron_topics. Failed: none.
[23:54:06]   prewarm: {"status": "OK", "detail": "[2026-03-25T21:55:49Z] Super loaded: 3 tokens in 48.5s"}
[23:54:06]   l1b: {"dispatched": 15, "ingested": 2, "status": "OK", "quality": "GOOD"}
[23:54:06]   l2: {"status": "OK", "count": 1, "narrating": false, "preview": ""}
[23:54:06]   queue: {"done": 6581, "failed": 0, "pending": 3, "echo_rate": 0.0, "status": "OK"}
[23:54:06]   feed_quality: {"avg_score": 8.6, "junk_pct": 0, "actionable_pct": 87, "total": 100, "status": "OK"}
[23:54:06]   noise: {"noise_entries_6h": 0, "breakdown": {}, "status": "OK"}
[23:54:06]   cowork_executor: {"status": "IDLE", "detail": "No pending tasks at last run", "completed_runs": 2}
[23:54:06]   price_watcher: {"status": "OK", "detail": "Last entry: [2026-03-25 23:51 ET] Outside market hours. Exiting.", "is_market_hours": false, "log_path": "/Users/zekezirk/zeke-status/logs/price-watcher.log"}
[23:54:06]   new_cron_topics: {"status": "OK", "active_topics": {"gold-cycle": 7, "btc-spx-macro": 5, "oil-tlt": 6}, "missing_topics": [], "detail": "Active: ['gold-cycle', 'btc-spx-macro', 'oil-tlt'], Missing 24h: []"}
[23:54:06]   capabilities: {"status": "WARN", "failures": [], "warnings": ["claude-code v2.1.83 is 1 version(s) behind latest v2.1.84"], "claude_code": {"status": "WARN", "current": "2.1.83", "latest": "2.1.84", "behind": 1}, "conviction_backtest": {"status": "OK", "age_hours": 6.4, "positions": 14, "missing_scores": []}, "camel_yt_orphans": {"status": "OK", "pre_fetched_count": 1, "orphaned": []}, "infra_scout": {"status": "OK", "age_hours": 17.9, "last_run": "2026-03-25T10:00:11.321631+00:00"}, "capability_scanner": {"status": "OK", "age_hours": 16.9, "last_run": "2026-03-25T11:00:03.298345+00:00"}, "members_transcripts": {"status": "OK", "file_count": 2, "pre_fetched_count": 1}}
[23:54:06] Learning log updated: /Users/zekezirk/zeke-status/memory/learning-log.jsonl
[23:54:06] === Done ===
[01:54:06] === Bi-Hourly Self-Assessment ===
[01:54:06] Grade: A. OK: prewarm, l1b, l2, queue, feed_quality, noise, cowork_executor, price_watcher, new_cron_topics. Failed: none.
[01:54:06]   prewarm: {"status": "OK", "detail": "[2026-03-25T21:55:49Z] Super loaded: 3 tokens in 48.5s"}
[01:54:06]   l1b: {"dispatched": 15, "ingested": 2, "status": "OK", "quality": "GOOD"}
[01:54:06]   l2: {"status": "OK", "count": 1, "narrating": false, "preview": ""}
[01:54:06]   queue: {"done": 6753, "failed": 0, "pending": 3, "echo_rate": 0.0, "status": "OK"}
[01:54:06]   feed_quality: {"avg_score": 8.3, "junk_pct": 0, "actionable_pct": 81, "total": 100, "status": "OK"}
[01:54:06]   noise: {"noise_entries_6h": 0, "breakdown": {}, "status": "OK"}
[01:54:06]   cowork_executor: {"status": "IDLE", "detail": "No pending tasks at last run", "completed_runs": 2}
[01:54:06]   price_watcher: {"status": "OK", "detail": "Last entry: [2026-03-26 01:51 ET] Outside market hours. Exiting.", "is_market_hours": false, "log_path": "/Users/zekezirk/zeke-status/logs/price-watcher.log"}
[01:54:06]   new_cron_topics: {"status": "OK", "active_topics": {"btc-spx-macro": 5, "oil-tlt": 7, "gold-cycle": 5}, "missing_topics": [], "detail": "Active: ['btc-spx-macro', 'oil-tlt', 'gold-cycle'], Missing 24h: []"}
[01:54:06]   capabilities: {"status": "WARN", "failures": [], "warnings": ["claude-code v2.1.83 is 1 version(s) behind latest v2.1.84", "Orphaned pre_fetched transcripts (not in processed_ids): ['AmmCHacJaGg', 'BgUGDmRBX4M', 'j92VqUja0Zs', 'aMVFidX_1vs', 'o_IDu7m3SNk']"], "claude_code": {"status": "WARN", "current": "2.1.83", "latest": "2.1.84", "behind": 1}, "conviction_backtest": {"status": "OK", "age_hours": 8.4, "positions": 14, "missing_scores": []}, "camel_yt_orphans": {"status": "WARN", "pre_fetched_count": 6, "orphaned": ["AmmCHacJaGg", "BgUGDmRBX4M", "j92VqUja0Zs", "aMVFidX_1vs", "o_IDu7m3SNk"]}, "infra_scout": {"status": "OK", "age_hours": 19.9, "last_run": "2026-03-25T10:00:11.321631+00:00"}, "capability_scanner": {"status": "OK", "age_hours": 18.9, "last_run": "2026-03-25T11:00:03.298345+00:00"}, "members_transcripts": {"status": "OK", "file_count": 12, "pre_fetched_count": 6}}
[01:54:06] Learning log updated: /Users/zekezirk/zeke-status/memory/learning-log.jsonl
[01:54:06] === Done ===
[03:54:06] === Bi-Hourly Self-Assessment ===
[03:54:07] Grade: A. OK: prewarm, l1b, l2, queue, feed_quality, noise, cowork_executor, price_watcher, new_cron_topics. Failed: none.
[03:54:07]   prewarm: {"status": "OK", "detail": "[2026-03-25T21:55:49Z] Super loaded: 3 tokens in 48.5s"}
[03:54:07]   l1b: {"dispatched": 15, "ingested": 2, "status": "OK", "quality": "GOOD"}
[03:54:07]   l2: {"status": "OK", "count": 1, "narrating": false, "preview": ""}
[03:54:07]   queue: {"done": 6925, "failed": 0, "pending": 4, "echo_rate": 0.0, "status": "OK"}
[03:54:07]   feed_quality: {"avg_score": 8.0, "junk_pct": 1, "actionable_pct": 82, "total": 97, "status": "OK"}
[03:54:07]   noise: {"noise_entries_6h": 0, "breakdown": {}, "status": "OK"}
[03:54:07]   cowork_executor: {"status": "IDLE", "detail": "No pending tasks at last run", "completed_runs": 0}
[03:54:07]   price_watcher: {"status": "OK", "detail": "Last entry: [2026-03-26 03:51 ET] Outside market hours. Exiting.", "is_market_hours": false, "log_path": "/Users/zekezirk/zeke-status/logs/price-watcher.log"}
[03:54:07]   new_cron_topics: {"status": "OK", "active_topics": {"oil-tlt": 8, "gold-cycle": 5, "btc-spx-macro": 6}, "missing_topics": [], "detail": "Active: ['oil-tlt', 'gold-cycle', 'btc-spx-macro'], Missing 24h: []"}
[03:54:07]   capabilities: {"status": "WARN", "failures": [], "warnings": ["claude-code v2.1.83 is 1 version(s) behind latest v2.1.84", "Orphaned pre_fetched transcripts (not in processed_ids): ['AmmCHacJaGg', 'BgUGDmRBX4M', 'j92VqUja0Zs', 'aMVFidX_1vs', 'o_IDu7m3SNk']"], "claude_code": {"status": "WARN", "current": "2.1.83", "latest": "2.1.84", "behind": 1}, "conviction_backtest": {"status": "OK", "age_hours": 10.4, "positions": 14, "missing_scores": []}, "camel_yt_orphans": {"status": "WARN", "pre_fetched_count": 6, "orphaned": ["AmmCHacJaGg", "BgUGDmRBX4M", "j92VqUja0Zs", "aMVFidX_1vs", "o_IDu7m3SNk"]}, "infra_scout": {"status": "OK", "age_hours": 21.9, "last_run": "2026-03-25T10:00:11.321631+00:00"}, "capability_scanner": {"status": "OK", "age_hours": 20.9, "last_run": "2026-03-25T11:00:03.298345+00:00"}, "members_transcripts": {"status": "OK", "file_count": 12, "pre_fetched_count": 6}}
[03:54:07] Learning log updated: /Users/zekezirk/zeke-status/memory/learning-log.jsonl
[03:54:07] === Done ===
[05:54:07] === Bi-Hourly Self-Assessment ===
[05:54:08] Grade: A. OK: prewarm, l1b, l2, queue, feed_quality, noise, cowork_executor, price_watcher, new_cron_topics. Failed: none.
[05:54:08]   prewarm: {"status": "OK", "detail": "[2026-03-25T21:55:49Z] Super loaded: 3 tokens in 48.5s"}
[05:54:08]   l1b: {"dispatched": 15, "ingested": 2, "status": "OK", "quality": "GOOD"}
[05:54:08]   l2: {"status": "OK", "count": 1, "narrating": false, "preview": ""}
[05:54:08]   queue: {"done": 7126, "failed": 0, "pending": 1, "echo_rate": 0.0, "status": "OK"}
[05:54:08]   feed_quality: {"avg_score": 8.3, "junk_pct": 0, "actionable_pct": 90, "total": 100, "status": "OK"}
[05:54:08]   noise: {"noise_entries_6h": 0, "breakdown": {}, "status": "OK"}
[05:54:08]   cowork_executor: {"status": "OK", "completed_runs": 2, "successes": 2, "failures": 0}
[05:54:08]   price_watcher: {"status": "OK", "detail": "Last entry: [2026-03-26 05:51 ET] Outside market hours. Exiting.", "is_market_hours": false, "log_path": "/Users/zekezirk/zeke-status/logs/price-watcher.log"}
[05:54:08]   new_cron_topics: {"status": "OK", "active_topics": {"oil-tlt": 7, "btc-spx-macro": 6, "gold-cycle": 5}, "missing_topics": [], "detail": "Active: ['oil-tlt', 'btc-spx-macro', 'gold-cycle'], Missing 24h: []"}
[05:54:08]   capabilities: {"status": "WARN", "failures": [], "warnings": ["claude-code v2.1.83 is 1 version(s) behind latest v2.1.84", "Orphaned pre_fetched transcripts (not in processed_ids): ['AmmCHacJaGg', 'BgUGDmRBX4M', 'j92VqUja0Zs', 'aMVFidX_1vs', 'o_IDu7m3SNk']"], "claude_code": {"status": "WARN", "current": "2.1.83", "latest": "2.1.84", "behind": 1}, "conviction_backtest": {"status": "OK", "age_hours": 1.3, "positions": 17, "missing_scores": []}, "camel_yt_orphans": {"status": "WARN", "pre_fetched_count": 6, "orphaned": ["AmmCHacJaGg", "BgUGDmRBX4M", "j92VqUja0Zs", "aMVFidX_1vs", "o_IDu7m3SNk"]}, "infra_scout": {"status": "OK", "age_hours": 23.9, "last_run": "2026-03-25T10:00:11.321631+00:00"}, "capability_scanner": {"status": "OK", "age_hours": 22.9, "last_run": "2026-03-25T11:00:03.298345+00:00"}, "members_transcripts": {"status": "OK", "file_count": 12, "pre_fetched_count": 6}}
[05:54:08] Learning log updated: /Users/zekezirk/zeke-status/memory/learning-log.jsonl
[05:54:08] === Done ===
[07:54:08] === Bi-Hourly Self-Assessment ===
[07:54:08] Grade: A. OK: prewarm, l1b, l2, queue, feed_quality, noise, cowork_executor, price_watcher, new_cron_topics. Failed: none.
[07:54:08]   prewarm: {"status": "OK", "detail": "[2026-03-25T21:55:49Z] Super loaded: 3 tokens in 48.5s"}
[07:54:08]   l1b: {"dispatched": 15, "ingested": 2, "status": "OK", "quality": "GOOD"}
[07:54:08]   l2: {"status": "OK", "count": 1, "narrating": false, "preview": ""}
[07:54:08]   queue: {"done": 7325, "failed": 0, "pending": 3, "echo_rate": 0.0, "status": "OK"}
[07:54:08]   feed_quality: {"avg_score": 8.3, "junk_pct": 2, "actionable_pct": 88, "total": 100, "status": "OK"}
[07:54:08]   noise: {"noise_entries_6h": 0, "breakdown": {}, "status": "OK"}
[07:54:08]   cowork_executor: {"status": "IDLE", "detail": "No pending tasks at last run", "completed_runs": 5}
[07:54:08]   price_watcher: {"status": "OK", "detail": "Last entry: [2026-03-26 07:51 ET] Outside market hours. Exiting.", "is_market_hours": false, "log_path": "/Users/zekezirk/zeke-status/logs/price-watcher.log"}
[07:54:08]   new_cron_topics: {"status": "OK", "active_topics": {"oil-tlt": 7, "gold-cycle": 6, "btc-spx-macro": 5}, "missing_topics": [], "detail": "Active: ['oil-tlt', 'gold-cycle', 'btc-spx-macro'], Missing 24h: []"}
[07:54:08]   capabilities: {"status": "WARN", "failures": [], "warnings": ["claude-code v2.1.83 is 1 version(s) behind latest v2.1.84", "Orphaned pre_fetched transcripts (not in processed_ids): ['AmmCHacJaGg', 'BgUGDmRBX4M', 'j92VqUja0Zs', 'aMVFidX_1vs', 'o_IDu7m3SNk']"], "claude_code": {"status": "WARN", "current": "2.1.83", "latest": "2.1.84", "behind": 1}, "conviction_backtest": {"status": "OK", "age_hours": 3.3, "positions": 17, "missing_scores": []}, "camel_yt_orphans": {"status": "WARN", "pre_fetched_count": 6, "orphaned": ["AmmCHacJaGg", "BgUGDmRBX4M", "j92VqUja0Zs", "aMVFidX_1vs", "o_IDu7m3SNk"]}, "infra_scout": {"status": "OK", "age_hours": 1.9, "last_run": "2026-03-26T10:00:12.389309+00:00"}, "capability_scanner": {"status": "OK", "age_hours": 0.9, "last_run": "2026-03-26T11:00:06.277198+00:00"}, "members_transcripts": {"status": "OK", "file_count": 12, "pre_fetched_count": 6}}
[07:54:08] Learning log updated: /Users/zekezirk/zeke-status/memory/learning-log.jsonl
[07:54:08] === Done ===
[09:54:08] === Bi-Hourly Self-Assessment ===
[09:54:09] Grade: A. OK: prewarm, l1b, l2, queue, feed_quality, noise, cowork_executor, price_watcher, new_cron_topics. Failed: none.
[09:54:09]   prewarm: {"status": "OK", "detail": "[2026-03-25T21:55:49Z] Super loaded: 3 tokens in 48.5s"}
[09:54:09]   l1b: {"dispatched": 15, "ingested": 2, "status": "OK", "quality": "GOOD"}
[09:54:09]   l2: {"status": "OK", "count": 1, "narrating": false, "preview": ""}
[09:54:09]   queue: {"done": 7548, "failed": 0, "pending": 1, "echo_rate": 0.0, "status": "OK"}
[09:54:09]   feed_quality: {"avg_score": 7.5, "junk_pct": 3, "actionable_pct": 75, "total": 100, "status": "OK"}
[09:54:09]   noise: {"noise_entries_6h": 0, "breakdown": {}, "status": "OK"}
[09:54:09]   cowork_executor: {"status": "OK", "completed_runs": 6, "successes": 5, "failures": 0}
[09:54:09]   price_watcher: {"status": "OK", "detail": "Last entry: [done]  0 alert(s) sent, 0 research task(s) seeded.", "is_market_hours": true, "log_path": "/Users/zekezirk/zeke-status/logs/price-watcher.log"}
[09:54:09]   new_cron_topics: {"status": "OK", "active_topics": {"oil-tlt": 7, "btc-spx-macro": 6, "gold-cycle": 6}, "missing_topics": [], "detail": "Active: ['oil-tlt', 'btc-spx-macro', 'gold-cycle'], Missing 24h: []"}
[09:54:09]   capabilities: {"status": "WARN", "failures": [], "warnings": ["Orphaned pre_fetched transcripts (not in processed_ids): ['AmmCHacJaGg', 'BgUGDmRBX4M', 'j92VqUja0Zs', 'aMVFidX_1vs', 'o_IDu7m3SNk']"], "claude_code": {"status": "OK", "current": "2.1.84", "latest": "2.1.84", "behind": 0}, "conviction_backtest": {"status": "OK", "age_hours": 5.3, "positions": 17, "missing_scores": []}, "camel_yt_orphans": {"status": "WARN", "pre_fetched_count": 6, "orphaned": ["AmmCHacJaGg", "BgUGDmRBX4M", "j92VqUja0Zs", "aMVFidX_1vs", "o_IDu7m3SNk"]}, "infra_scout": {"status": "OK", "age_hours": 3.9, "last_run": "2026-03-26T10:00:12.389309+00:00"}, "capability_scanner": {"status": "OK", "age_hours": 2.9, "last_run": "2026-03-26T11:00:06.277198+00:00"}, "members_transcripts": {"status": "OK", "file_count": 12, "pre_fetched_count": 6}}
[09:54:09] Learning log updated: /Users/zekezirk/zeke-status/memory/learning-log.jsonl
[09:54:09] === Done ===
[11:54:09] === Bi-Hourly Self-Assessment ===
[11:54:10] Grade: A. OK: prewarm, l1b, l2, queue, feed_quality, noise, cowork_executor, price_watcher, new_cron_topics. Failed: none.
[11:54:10]   prewarm: {"status": "OK", "detail": "[2026-03-25T21:55:49Z] Super loaded: 3 tokens in 48.5s"}
[11:54:10]   l1b: {"dispatched": 15, "ingested": 2, "status": "OK", "quality": "GOOD"}
[11:54:10]   l2: {"status": "OK", "count": 1, "narrating": false, "preview": ""}
[11:54:10]   queue: {"done": 7780, "failed": 0, "pending": 4, "echo_rate": 0.0, "status": "OK"}
[11:54:10]   feed_quality: {"avg_score": 8.2, "junk_pct": 0, "actionable_pct": 87, "total": 100, "status": "OK"}
[11:54:10]   noise: {"noise_entries_6h": 0, "breakdown": {}, "status": "OK"}
[11:54:10]   cowork_executor: {"status": "IDLE", "detail": "No pending tasks at last run", "completed_runs": 0}
[11:54:10]   price_watcher: {"status": "OK", "detail": "Last entry: [done]  0 alert(s) sent, 0 research task(s) seeded.", "is_market_hours": true, "log_path": "/Users/zekezirk/zeke-status/logs/price-watcher.log"}
[11:54:10]   new_cron_topics: {"status": "OK", "active_topics": {"gold-cycle": 6, "btc-spx-macro": 5, "oil-tlt": 6}, "missing_topics": [], "detail": "Active: ['gold-cycle', 'btc-spx-macro', 'oil-tlt'], Missing 24h: []"}
[11:54:10]   capabilities: {"status": "WARN", "failures": [], "warnings": ["Orphaned pre_fetched transcripts (not in processed_ids): ['AmmCHacJaGg', 'BgUGDmRBX4M', 'j92VqUja0Zs', 'aMVFidX_1vs', 'o_IDu7m3SNk']"], "claude_code": {"status": "OK", "current": "2.1.84", "latest": "2.1.84", "behind": 0}, "conviction_backtest": {"status": "OK", "age_hours": 7.3, "positions": 17, "missing_scores": []}, "camel_yt_orphans": {"status": "WARN", "pre_fetched_count": 6, "orphaned": ["AmmCHacJaGg", "BgUGDmRBX4M", "j92VqUja0Zs", "aMVFidX_1vs", "o_IDu7m3SNk"]}, "infra_scout": {"status": "OK", "age_hours": 5.9, "last_run": "2026-03-26T10:00:12.389309+00:00"}, "capability_scanner": {"status": "OK", "age_hours": 4.9, "last_run": "2026-03-26T11:00:06.277198+00:00"}, "members_transcripts": {"status": "OK", "file_count": 12, "pre_fetched_count": 6}}
[11:54:10] Learning log updated: /Users/zekezirk/zeke-status/memory/learning-log.jsonl
[11:54:10] === Done ===
[13:54:10] === Bi-Hourly Self-Assessment ===
[13:54:11] Grade: A. OK: prewarm, l1b, l2, queue, feed_quality, noise, cowork_executor, price_watcher, new_cron_topics. Failed: none.
[13:54:11]   prewarm: {"status": "OK", "detail": "[2026-03-25T21:55:49Z] Super loaded: 3 tokens in 48.5s"}
[13:54:11]   l1b: {"dispatched": 15, "ingested": 2, "status": "OK", "quality": "GOOD"}
[13:54:11]   l2: {"status": "OK", "count": 1, "narrating": false, "preview": ""}
[13:54:11]   queue: {"done": 8004, "failed": 0, "pending": 4, "echo_rate": 0.0, "status": "OK"}
[13:54:11]   feed_quality: {"avg_score": 8.5, "junk_pct": 0, "actionable_pct": 91, "total": 100, "status": "OK"}
[13:54:11]   noise: {"noise_entries_6h": 0, "breakdown": {}, "status": "OK"}
[13:54:11]   cowork_executor: {"status": "OK", "completed_runs": 2, "successes": 2, "failures": 0}
[13:54:11]   price_watcher: {"status": "OK", "detail": "Last entry: [done]  0 alert(s) sent, 1 research task(s) seeded.", "is_market_hours": true, "log_path": "/Users/zekezirk/zeke-status/logs/price-watcher.log"}
[13:54:11]   new_cron_topics: {"status": "OK", "active_topics": {"gold-cycle": 7, "btc-spx-macro": 6, "oil-tlt": 6}, "missing_topics": [], "detail": "Active: ['gold-cycle', 'btc-spx-macro', 'oil-tlt'], Missing 24h: []"}
[13:54:11]   capabilities: {"status": "WARN", "failures": [], "warnings": ["Orphaned pre_fetched transcripts (not in processed_ids): ['AmmCHacJaGg', 'BgUGDmRBX4M', 'j92VqUja0Zs', 'aMVFidX_1vs', 'o_IDu7m3SNk']"], "claude_code": {"status": "OK", "current": "2.1.84", "latest": "2.1.84", "behind": 0}, "conviction_backtest": {"status": "OK", "age_hours": 9.3, "positions": 17, "missing_scores": []}, "camel_yt_orphans": {"status": "WARN", "pre_fetched_count": 6, "orphaned": ["AmmCHacJaGg", "BgUGDmRBX4M", "j92VqUja0Zs", "aMVFidX_1vs", "o_IDu7m3SNk"]}, "infra_scout": {"status": "OK", "age_hours": 7.9, "last_run": "2026-03-26T10:00:12.389309+00:00"}, "capability_scanner": {"status": "OK", "age_hours": 6.9, "last_run": "2026-03-26T11:00:06.277198+00:00"}, "members_transcripts": {"status": "OK", "file_count": 12, "pre_fetched_count": 6}}
[13:54:11] Learning log updated: /Users/zekezirk/zeke-status/memory/learning-log.jsonl
[13:54:11] === Done ===
[15:54:11] === Bi-Hourly Self-Assessment ===
[15:54:12] Grade: A. OK: prewarm, l1b, l2, queue, feed_quality, noise, cowork_executor, price_watcher, new_cron_topics. Failed: none.
[15:54:12]   prewarm: {"status": "OK", "detail": "[2026-03-25T21:55:49Z] Super loaded: 3 tokens in 48.5s"}
[15:54:12]   l1b: {"dispatched": 15, "ingested": 2, "status": "OK", "quality": "GOOD"}
[15:54:12]   l2: {"status": "OK", "count": 1, "narrating": false, "preview": ""}
[15:54:12]   queue: {"done": 8229, "failed": 0, "pending": 4, "echo_rate": 0.0, "status": "OK"}
[15:54:12]   feed_quality: {"avg_score": 8.1, "junk_pct": 0, "actionable_pct": 81, "total": 99, "status": "OK"}
[15:54:12]   noise: {"noise_entries_6h": 0, "breakdown": {}, "status": "OK"}
[15:54:12]   cowork_executor: {"status": "IDLE", "detail": "No pending tasks at last run", "completed_runs": 2}
[15:54:12]   price_watcher: {"status": "OK", "detail": "Last entry: [done]  0 alert(s) sent, 0 research task(s) seeded.", "is_market_hours": true, "log_path": "/Users/zekezirk/zeke-status/logs/price-watcher.log"}
[15:54:12]   new_cron_topics: {"status": "OK", "active_topics": {"gold-cycle": 7, "btc-spx-macro": 6, "oil-tlt": 6}, "missing_topics": [], "detail": "Active: ['gold-cycle', 'btc-spx-macro', 'oil-tlt'], Missing 24h: []"}
[15:54:12]   capabilities: {"status": "WARN", "failures": [], "warnings": ["Orphaned pre_fetched transcripts (not in processed_ids): ['AmmCHacJaGg', 'BgUGDmRBX4M', 'j92VqUja0Zs', 'aMVFidX_1vs', 'o_IDu7m3SNk']"], "claude_code": {"status": "OK", "current": "2.1.84", "latest": "2.1.84", "behind": 0}, "conviction_backtest": {"status": "OK", "age_hours": 11.3, "positions": 17, "missing_scores": []}, "camel_yt_orphans": {"status": "WARN", "pre_fetched_count": 6, "orphaned": ["AmmCHacJaGg", "BgUGDmRBX4M", "j92VqUja0Zs", "aMVFidX_1vs", "o_IDu7m3SNk"]}, "infra_scout": {"status": "OK", "age_hours": 9.9, "last_run": "2026-03-26T10:00:12.389309+00:00"}, "capability_scanner": {"status": "OK", "age_hours": 8.9, "last_run": "2026-03-26T11:00:06.277198+00:00"}, "members_transcripts": {"status": "OK", "file_count": 12, "pre_fetched_count": 6}}
[15:54:12] Learning log updated: /Users/zekezirk/zeke-status/memory/learning-log.jsonl
[15:54:12] === Done ===
[17:54:12] === Bi-Hourly Self-Assessment ===
[17:54:12] Grade: A. OK: prewarm, l1b, l2, queue, feed_quality, noise, cowork_executor, price_watcher, new_cron_topics. Failed: none.
[17:54:12]   prewarm: {"status": "OK", "detail": "[2026-03-25T21:55:49Z] Super loaded: 3 tokens in 48.5s"}
[17:54:12]   l1b: {"dispatched": 15, "ingested": 2, "status": "OK", "quality": "GOOD"}
[17:54:12]   l2: {"status": "OK", "count": 1, "narrating": false, "preview": ""}
[17:54:12]   queue: {"done": 8453, "failed": 0, "pending": 2, "echo_rate": 0.0, "status": "OK"}
[17:54:12]   feed_quality: {"avg_score": 8.3, "junk_pct": 0, "actionable_pct": 86, "total": 100, "status": "OK"}
[17:54:12]   noise: {"noise_entries_6h": 0, "breakdown": {}, "status": "OK"}
[17:54:12]   cowork_executor: {"status": "IDLE", "detail": "No pending tasks at last run", "completed_runs": 6}
[17:54:12]   price_watcher: {"status": "OK", "detail": "Last entry: [2026-03-26 17:50 ET] Outside market hours. Exiting.", "is_market_hours": false, "log_path": "/Users/zekezirk/zeke-status/logs/price-watcher.log"}
[17:54:12]   new_cron_topics: {"status": "OK", "active_topics": {"btc-spx-macro": 6, "oil-tlt": 6, "gold-cycle": 6}, "missing_topics": [], "detail": "Active: ['btc-spx-macro', 'oil-tlt', 'gold-cycle'], Missing 24h: []"}
[17:54:12]   capabilities: {"status": "WARN", "failures": [], "warnings": ["Orphaned pre_fetched transcripts (not in processed_ids): ['AmmCHacJaGg', 'BgUGDmRBX4M', 'j92VqUja0Zs', 'aMVFidX_1vs', 'o_IDu7m3SNk']"], "claude_code": {"status": "OK", "current": "2.1.84", "latest": "2.1.84", "behind": 0}, "conviction_backtest": {"status": "OK", "age_hours": 0.4, "positions": 17, "missing_scores": []}, "camel_yt_orphans": {"status": "WARN", "pre_fetched_count": 6, "orphaned": ["AmmCHacJaGg", "BgUGDmRBX4M", "j92VqUja0Zs", "aMVFidX_1vs", "o_IDu7m3SNk"]}, "infra_scout": {"status": "OK", "age_hours": 11.9, "last_run": "2026-03-26T10:00:12.389309+00:00"}, "capability_scanner": {"status": "OK", "age_hours": 10.9, "last_run": "2026-03-26T11:00:06.277198+00:00"}, "members_transcripts": {"status": "OK", "file_count": 12, "pre_fetched_count": 6}}
[17:54:12] Learning log updated: /Users/zekezirk/zeke-status/memory/learning-log.jsonl
[17:54:12] === Done ===
[19:54:12] === Bi-Hourly Self-Assessment ===
[19:54:13] Grade: A. OK: prewarm, l1b, l2, queue, feed_quality, noise, cowork_executor, price_watcher, new_cron_topics. Failed: none.
[19:54:13]   prewarm: {"status": "OK", "detail": "[2026-03-25T21:55:49Z] Super loaded: 3 tokens in 48.5s"}
[19:54:13]   l1b: {"dispatched": 15, "ingested": 2, "status": "OK", "quality": "GOOD"}
[19:54:13]   l2: {"status": "OK", "count": 1, "narrating": false, "preview": ""}
[19:54:13]   queue: {"done": 8667, "failed": 0, "pending": 5, "echo_rate": 0.0, "status": "OK"}
[19:54:13]   feed_quality: {"avg_score": 8.3, "junk_pct": 0, "actionable_pct": 89, "total": 100, "status": "OK"}
[19:54:13]   noise: {"noise_entries_6h": 0, "breakdown": {}, "status": "OK"}
[19:54:13]   cowork_executor: {"status": "IDLE", "detail": "No pending tasks at last run", "completed_runs": 5}
[19:54:13]   price_watcher: {"status": "OK", "detail": "Last entry: [2026-03-26 19:50 ET] Outside market hours. Exiting.", "is_market_hours": false, "log_path": "/Users/zekezirk/zeke-status/logs/price-watcher.log"}
[19:54:13]   new_cron_topics: {"status": "OK", "active_topics": {"oil-tlt": 6, "gold-cycle": 7, "btc-spx-macro": 5}, "missing_topics": [], "detail": "Active: ['oil-tlt', 'gold-cycle', 'btc-spx-macro'], Missing 24h: []"}
[19:54:13]   capabilities: {"status": "WARN", "failures": [], "warnings": ["claude-code v2.1.84 is 1 version(s) behind latest v2.1.85", "Orphaned pre_fetched transcripts (not in processed_ids): ['AmmCHacJaGg', 'BgUGDmRBX4M', 'j92VqUja0Zs', 'aMVFidX_1vs', 'o_IDu7m3SNk']"], "claude_code": {"status": "WARN", "current": "2.1.84", "latest": "2.1.85", "behind": 1}, "conviction_backtest": {"status": "OK", "age_hours": 2.4, "positions": 17, "missing_scores": []}, "camel_yt_orphans": {"status": "WARN", "pre_fetched_count": 6, "orphaned": ["AmmCHacJaGg", "BgUGDmRBX4M", "j92VqUja0Zs", "aMVFidX_1vs", "o_IDu7m3SNk"]}, "infra_scout": {"status": "OK", "age_hours": 13.9, "last_run": "2026-03-26T10:00:12.389309+00:00"}, "capability_scanner": {"status": "OK", "age_hours": 12.9, "last_run": "2026-03-26T11:00:06.277198+00:00"}, "members_transcripts": {"status": "OK", "file_count": 12, "pre_fetched_count": 6}}
[19:54:13] Learning log updated: /Users/zekezirk/zeke-status/memory/learning-log.jsonl
[19:54:13] === Done ===
[21:54:13] === Bi-Hourly Self-Assessment ===
[21:54:14] Grade: A. OK: prewarm, l1b, l2, queue, feed_quality, noise, cowork_executor, price_watcher, new_cron_topics. Failed: none.
[21:54:14]   prewarm: {"status": "OK", "detail": "[2026-03-25T21:55:49Z] Super loaded: 3 tokens in 48.5s"}
[21:54:14]   l1b: {"dispatched": 15, "ingested": 2, "status": "OK", "quality": "GOOD"}
[21:54:14]   l2: {"status": "OK", "count": 1, "narrating": false, "preview": ""}
[21:54:14]   queue: {"done": 8865, "failed": 0, "pending": 4, "echo_rate": 0.0, "status": "OK"}
[21:54:14]   feed_quality: {"avg_score": 8.5, "junk_pct": 0, "actionable_pct": 89, "total": 100, "status": "OK"}
[21:54:14]   noise: {"noise_entries_6h": 0, "breakdown": {}, "status": "OK"}
[21:54:14]   cowork_executor: {"status": "OK", "completed_runs": 2, "successes": 2, "failures": 0}
[21:54:14]   price_watcher: {"status": "OK", "detail": "Last entry: [2026-03-26 21:50 ET] Outside market hours. Exiting.", "is_market_hours": false, "log_path": "/Users/zekezirk/zeke-status/logs/price-watcher.log"}
[21:54:14]   new_cron_topics: {"status": "OK", "active_topics": {"btc-spx-macro": 6, "gold-cycle": 7, "oil-tlt": 5}, "missing_topics": [], "detail": "Active: ['btc-spx-macro', 'gold-cycle', 'oil-tlt'], Missing 24h: []"}
[21:54:14]   capabilities: {"status": "WARN", "failures": [], "warnings": ["claude-code v2.1.84 is 1 version(s) behind latest v2.1.85", "Orphaned pre_fetched transcripts (not in processed_ids): ['AmmCHacJaGg', 'BgUGDmRBX4M', 'j92VqUja0Zs', 'aMVFidX_1vs', 'o_IDu7m3SNk']"], "claude_code": {"status": "WARN", "current": "2.1.84", "latest": "2.1.85", "behind": 1}, "conviction_backtest": {"status": "OK", "age_hours": 1.2, "positions": 23, "missing_scores": []}, "camel_yt_orphans": {"status": "WARN", "pre_fetched_count": 6, "orphaned": ["AmmCHacJaGg", "BgUGDmRBX4M", "j92VqUja0Zs", "aMVFidX_1vs", "o_IDu7m3SNk"]}, "infra_scout": {"status": "OK", "age_hours": 15.9, "last_run": "2026-03-26T10:00:12.389309+00:00"}, "capability_scanner": {"status": "OK", "age_hours": 14.9, "last_run": "2026-03-26T11:00:06.277198+00:00"}, "members_transcripts": {"status": "OK", "file_count": 12, "pre_fetched_count": 6}}
[21:54:14] Learning log updated: /Users/zekezirk/zeke-status/memory/learning-log.jsonl
[21:54:14] === Done ===
[23:54:14] === Bi-Hourly Self-Assessment ===
[23:54:15] Grade: A. OK: prewarm, l1b, l2, queue, feed_quality, noise, cowork_executor, price_watcher, new_cron_topics. Failed: none.
[23:54:15]   prewarm: {"status": "OK", "detail": "[2026-03-26T21:56:14Z] Super loaded: 3 tokens in 69.7s"}
[23:54:15]   l1b: {"dispatched": 15, "ingested": 12, "status": "OK", "quality": "GOOD"}
[23:54:15]   l2: {"status": "OK", "count": 2, "narrating": false, "preview": ""}
[23:54:15]   queue: {"done": 9012, "failed": 0, "pending": 3, "echo_rate": 0.0, "status": "OK"}
[23:54:15]   feed_quality: {"avg_score": 8.3, "junk_pct": 0, "actionable_pct": 86, "total": 100, "status": "OK"}
[23:54:15]   noise: {"noise_entries_6h": 0, "breakdown": {}, "status": "OK"}
[23:54:15]   cowork_executor: {"status": "IDLE", "detail": "No pending tasks at last run", "completed_runs": 2}
[23:54:15]   price_watcher: {"status": "OK", "detail": "Last entry: [2026-03-26 23:50 ET] Outside market hours. Exiting.", "is_market_hours": false, "log_path": "/Users/zekezirk/zeke-status/logs/price-watcher.log"}
[23:54:15]   new_cron_topics: {"status": "OK", "active_topics": {"oil-tlt": 4, "gold-cycle": 6, "btc-spx-macro": 5}, "missing_topics": [], "detail": "Active: ['oil-tlt', 'gold-cycle', 'btc-spx-macro'], Missing 24h: []"}
[23:54:15]   capabilities: {"status": "WARN", "failures": [], "warnings": ["claude-code v2.1.84 is 1 version(s) behind latest v2.1.85", "Orphaned pre_fetched transcripts (not in processed_ids): ['AmmCHacJaGg', 'BgUGDmRBX4M', 'j92VqUja0Zs', 'aMVFidX_1vs', 'o_IDu7m3SNk']"], "claude_code": {"status": "WARN", "current": "2.1.84", "latest": "2.1.85", "behind": 1}, "conviction_backtest": {"status": "OK", "age_hours": 3.2, "positions": 23, "missing_scores": []}, "camel_yt_orphans": {"status": "WARN", "pre_fetched_count": 6, "orphaned": ["AmmCHacJaGg", "BgUGDmRBX4M", "j92VqUja0Zs", "aMVFidX_1vs", "o_IDu7m3SNk"]}, "infra_scout": {"status": "OK", "age_hours": 17.9, "last_run": "2026-03-26T10:00:12.389309+00:00"}, "capability_scanner": {"status": "OK", "age_hours": 16.9, "last_run": "2026-03-26T11:00:06.277198+00:00"}, "members_transcripts": {"status": "OK", "file_count": 12, "pre_fetched_count": 6}}
[23:54:15] Learning log updated: /Users/zekezirk/zeke-status/memory/learning-log.jsonl
[23:54:15] === Done ===
[01:54:15] === Bi-Hourly Self-Assessment ===
[01:54:16] Grade: A. OK: prewarm, l1b, l2, queue, feed_quality, noise, cowork_executor, price_watcher, new_cron_topics. Failed: none.
[01:54:16]   prewarm: {"status": "OK", "detail": "[2026-03-26T21:56:14Z] Super loaded: 3 tokens in 69.7s"}
[01:54:16]   l1b: {"dispatched": 15, "ingested": 12, "status": "OK", "quality": "GOOD"}
[01:54:16]   l2: {"status": "OK", "count": 2, "narrating": false, "preview": ""}
[01:54:16]   queue: {"done": 9163, "failed": 0, "pending": 4, "echo_rate": 0.0, "status": "OK"}
[01:54:16]   feed_quality: {"avg_score": 8.3, "junk_pct": 0, "actionable_pct": 83, "total": 100, "status": "OK"}
[01:54:16]   noise: {"noise_entries_6h": 0, "breakdown": {}, "status": "OK"}
[01:54:16]   cowork_executor: {"status": "IDLE", "detail": "No pending tasks at last run", "completed_runs": 2}
[01:54:16]   price_watcher: {"status": "OK", "detail": "Last entry: [2026-03-27 01:50 ET] Outside market hours. Exiting.", "is_market_hours": false, "log_path": "/Users/zekezirk/zeke-status/logs/price-watcher.log"}
[01:54:16]   new_cron_topics: {"status": "OK", "active_topics": {"gold-cycle": 4, "oil-tlt": 3, "btc-spx-macro": 5}, "missing_topics": [], "detail": "Active: ['gold-cycle', 'oil-tlt', 'btc-spx-macro'], Missing 24h: []"}
[01:54:16]   capabilities: {"status": "WARN", "failures": [], "warnings": ["claude-code v2.1.84 is 1 version(s) behind latest v2.1.85", "Orphaned pre_fetched transcripts (not in processed_ids): ['AmmCHacJaGg', 'BgUGDmRBX4M', 'j92VqUja0Zs', 'aMVFidX_1vs', 'o_IDu7m3SNk']"], "claude_code": {"status": "WARN", "current": "2.1.84", "latest": "2.1.85", "behind": 1}, "conviction_backtest": {"status": "OK", "age_hours": 5.2, "positions": 23, "missing_scores": []}, "camel_yt_orphans": {"status": "WARN", "pre_fetched_count": 6, "orphaned": ["AmmCHacJaGg", "BgUGDmRBX4M", "j92VqUja0Zs", "aMVFidX_1vs", "o_IDu7m3SNk"]}, "infra_scout": {"status": "OK", "age_hours": 19.9, "last_run": "2026-03-26T10:00:12.389309+00:00"}, "capability_scanner": {"status": "OK", "age_hours": 18.9, "last_run": "2026-03-26T11:00:06.277198+00:00"}, "members_transcripts": {"status": "OK", "file_count": 12, "pre_fetched_count": 6}}
[01:54:16] Learning log updated: /Users/zekezirk/zeke-status/memory/learning-log.jsonl
[01:54:16] === Done ===
[03:54:16] === Bi-Hourly Self-Assessment ===
[03:54:17] Grade: A. OK: prewarm, l1b, l2, queue, feed_quality, noise, cowork_executor, price_watcher, new_cron_topics. Failed: none.
[03:54:17]   prewarm: {"status": "OK", "detail": "[2026-03-26T21:56:14Z] Super loaded: 3 tokens in 69.7s"}
[03:54:17]   l1b: {"dispatched": 15, "ingested": 12, "status": "OK", "quality": "GOOD"}
[03:54:17]   l2: {"status": "OK", "count": 2, "narrating": false, "preview": ""}
[03:54:17]   queue: {"done": 9325, "failed": 0, "pending": 4, "echo_rate": 0.0, "status": "OK"}
[03:54:17]   feed_quality: {"avg_score": 8.2, "junk_pct": 1, "actionable_pct": 83, "total": 100, "status": "OK"}
[03:54:17]   noise: {"noise_entries_6h": 0, "breakdown": {}, "status": "OK"}
[03:54:17]   cowork_executor: {"status": "IDLE", "detail": "No pending tasks at last run", "completed_runs": 0}
[03:54:17]   price_watcher: {"status": "OK", "detail": "Last entry: [2026-03-27 03:50 ET] Outside market hours. Exiting.", "is_market_hours": false, "log_path": "/Users/zekezirk/zeke-status/logs/price-watcher.log"}
[03:54:17]   new_cron_topics: {"status": "OK", "active_topics": {"btc-spx-macro": 5, "oil-tlt": 5, "gold-cycle": 5}, "missing_topics": [], "detail": "Active: ['btc-spx-macro', 'oil-tlt', 'gold-cycle'], Missing 24h: []"}
[03:54:17]   capabilities: {"status": "WARN", "failures": [], "warnings": ["claude-code v2.1.84 is 1 version(s) behind latest v2.1.85", "Orphaned pre_fetched transcripts (not in processed_ids): ['AmmCHacJaGg', 'BgUGDmRBX4M', 'j92VqUja0Zs', 'aMVFidX_1vs', 'o_IDu7m3SNk']"], "claude_code": {"status": "WARN", "current": "2.1.84", "latest": "2.1.85", "behind": 1}, "conviction_backtest": {"status": "OK", "age_hours": 7.2, "positions": 23, "missing_scores": []}, "camel_yt_orphans": {"status": "WARN", "pre_fetched_count": 6, "orphaned": ["AmmCHacJaGg", "BgUGDmRBX4M", "j92VqUja0Zs", "aMVFidX_1vs", "o_IDu7m3SNk"]}, "infra_scout": {"status": "OK", "age_hours": 21.9, "last_run": "2026-03-26T10:00:12.389309+00:00"}, "capability_scanner": {"status": "OK", "age_hours": 20.9, "last_run": "2026-03-26T11:00:06.277198+00:00"}, "members_transcripts": {"status": "OK", "file_count": 12, "pre_fetched_count": 6}}
[03:54:17] Learning log updated: /Users/zekezirk/zeke-status/memory/learning-log.jsonl
[03:54:17] === Done ===
[05:54:17] === Bi-Hourly Self-Assessment ===
[05:54:18] Grade: A. OK: prewarm, l1b, l2, queue, feed_quality, noise, cowork_executor, price_watcher, new_cron_topics. Failed: none.
[05:54:18]   prewarm: {"status": "OK", "detail": "[2026-03-26T21:56:14Z] Super loaded: 3 tokens in 69.7s"}
[05:54:18]   l1b: {"dispatched": 15, "ingested": 12, "status": "OK", "quality": "GOOD"}
[05:54:18]   l2: {"status": "OK", "count": 2, "narrating": false, "preview": ""}
[05:54:18]   queue: {"done": 9517, "failed": 1, "pending": 4, "echo_rate": 0.0, "status": "OK"}
[05:54:18]   feed_quality: {"avg_score": 8.4, "junk_pct": 0, "actionable_pct": 89, "total": 100, "status": "OK"}
[05:54:18]   noise: {"noise_entries_6h": 0, "breakdown": {}, "status": "OK"}
[05:54:18]   cowork_executor: {"status": "OK", "completed_runs": 2, "successes": 2, "failures": 0}
[05:54:18]   price_watcher: {"status": "OK", "detail": "Last entry: [2026-03-27 05:50 ET] Outside market hours. Exiting.", "is_market_hours": false, "log_path": "/Users/zekezirk/zeke-status/logs/price-watcher.log"}
[05:54:18]   new_cron_topics: {"status": "OK", "active_topics": {"gold-cycle": 4, "oil-tlt": 4, "btc-spx-macro": 5}, "missing_topics": [], "detail": "Active: ['gold-cycle', 'oil-tlt', 'btc-spx-macro'], Missing 24h: []"}
[05:54:18]   capabilities: {"status": "WARN", "failures": [], "warnings": ["claude-code v2.1.84 is 1 version(s) behind latest v2.1.85", "Orphaned pre_fetched transcripts (not in processed_ids): ['AmmCHacJaGg', 'BgUGDmRBX4M', 'j92VqUja0Zs', 'aMVFidX_1vs', 'o_IDu7m3SNk']"], "claude_code": {"status": "WARN", "current": "2.1.84", "latest": "2.1.85", "behind": 1}, "conviction_backtest": {"status": "OK", "age_hours": 9.2, "positions": 23, "missing_scores": []}, "camel_yt_orphans": {"status": "WARN", "pre_fetched_count": 6, "orphaned": ["AmmCHacJaGg", "BgUGDmRBX4M", "j92VqUja0Zs", "aMVFidX_1vs", "o_IDu7m3SNk"]}, "infra_scout": {"status": "OK", "age_hours": 23.9, "last_run": "2026-03-26T10:00:12.389309+00:00"}, "capability_scanner": {"status": "OK", "age_hours": 22.9, "last_run": "2026-03-26T11:00:06.277198+00:00"}, "members_transcripts": {"status": "OK", "file_count": 12, "pre_fetched_count": 6}}
[05:54:18] Learning log updated: /Users/zekezirk/zeke-status/memory/learning-log.jsonl
[05:54:18] === Done ===
[07:54:18] === Bi-Hourly Self-Assessment ===
[07:54:19] Grade: A. OK: prewarm, l1b, l2, queue, feed_quality, noise, cowork_executor, price_watcher, new_cron_topics. Failed: none.
[07:54:19]   prewarm: {"status": "OK", "detail": "[2026-03-26T21:56:14Z] Super loaded: 3 tokens in 69.7s"}
[07:54:19]   l1b: {"dispatched": 15, "ingested": 12, "status": "OK", "quality": "GOOD"}
[07:54:19]   l2: {"status": "OK", "count": 2, "narrating": false, "preview": ""}
[07:54:19]   queue: {"done": 9742, "failed": 0, "pending": 2, "echo_rate": 0.0, "status": "OK"}
[07:54:19]   feed_quality: {"avg_score": 8.4, "junk_pct": 2, "actionable_pct": 84, "total": 100, "status": "OK"}
[07:54:19]   noise: {"noise_entries_6h": 0, "breakdown": {}, "status": "OK"}
[07:54:19]   cowork_executor: {"status": "IDLE", "detail": "No pending tasks at last run", "completed_runs": 5}
[07:54:19]   price_watcher: {"status": "OK", "detail": "Last entry: [2026-03-27 07:50 ET] Outside market hours. Exiting.", "is_market_hours": false, "log_path": "/Users/zekezirk/zeke-status/logs/price-watcher.log"}
[07:54:19]   new_cron_topics: {"status": "OK", "active_topics": {"oil-tlt": 5, "gold-cycle": 5, "btc-spx-macro": 4}, "missing_topics": [], "detail": "Active: ['oil-tlt', 'gold-cycle', 'btc-spx-macro'], Missing 24h: []"}
[07:54:19]   capabilities: {"status": "WARN", "failures": [], "warnings": ["claude-code v2.1.84 is 1 version(s) behind latest v2.1.85", "Orphaned pre_fetched transcripts (not in processed_ids): ['AmmCHacJaGg', 'BgUGDmRBX4M', 'j92VqUja0Zs', 'aMVFidX_1vs', 'o_IDu7m3SNk']"], "claude_code": {"status": "WARN", "current": "2.1.84", "latest": "2.1.85", "behind": 1}, "conviction_backtest": {"status": "OK", "age_hours": 11.2, "positions": 23, "missing_scores": []}, "camel_yt_orphans": {"status": "WARN", "pre_fetched_count": 6, "orphaned": ["AmmCHacJaGg", "BgUGDmRBX4M", "j92VqUja0Zs", "aMVFidX_1vs", "o_IDu7m3SNk"]}, "infra_scout": {"status": "OK", "age_hours": 1.9, "last_run": "2026-03-27T10:00:14.084846+00:00"}, "capability_scanner": {"status": "OK", "age_hours": 0.9, "last_run": "2026-03-27T11:00:06.088801+00:00"}, "members_transcripts": {"status": "OK", "file_count": 12, "pre_fetched_count": 6}}
[07:54:19] Learning log updated: /Users/zekezirk/zeke-status/memory/learning-log.jsonl
[07:54:19] === Done ===
[09:54:19] === Bi-Hourly Self-Assessment ===
[09:54:19] Grade: A. OK: prewarm, l1b, l2, queue, feed_quality, noise, cowork_executor, price_watcher, new_cron_topics. Failed: none.
[09:54:19]   prewarm: {"status": "OK", "detail": "[2026-03-26T21:56:14Z] Super loaded: 3 tokens in 69.7s"}
[09:54:19]   l1b: {"dispatched": 15, "ingested": 12, "status": "OK", "quality": "GOOD"}
[09:54:19]   l2: {"status": "OK", "count": 2, "narrating": false, "preview": ""}
[09:54:19]   queue: {"done": 9967, "failed": 0, "pending": 2, "echo_rate": 0.0, "status": "OK"}
[09:54:19]   feed_quality: {"avg_score": 7.7, "junk_pct": 3, "actionable_pct": 74, "total": 100, "status": "OK"}
[09:54:19]   noise: {"noise_entries_6h": 0, "breakdown": {}, "status": "OK"}
[09:54:19]   cowork_executor: {"status": "OK", "completed_runs": 5, "successes": 5, "failures": 0}
[09:54:19]   price_watcher: {"status": "OK", "detail": "Last entry: [done]  0 alert(s) sent, 0 research task(s) seeded.", "is_market_hours": true, "log_path": "/Users/zekezirk/zeke-status/logs/price-watcher.log"}
[09:54:19]   new_cron_topics: {"status": "OK", "active_topics": {"btc-spx-macro": 5, "gold-cycle": 5, "oil-tlt": 5}, "missing_topics": [], "detail": "Active: ['btc-spx-macro', 'gold-cycle', 'oil-tlt'], Missing 24h: []"}
[09:54:19]   capabilities: {"status": "WARN", "failures": [], "warnings": ["Orphaned pre_fetched transcripts (not in processed_ids): ['AmmCHacJaGg', 'BgUGDmRBX4M', 'j92VqUja0Zs', 'aMVFidX_1vs', 'o_IDu7m3SNk']"], "claude_code": {"status": "OK", "current": "2.1.85", "latest": "2.1.85", "behind": 0}, "conviction_backtest": {"status": "OK", "age_hours": 13.2, "positions": 23, "missing_scores": []}, "camel_yt_orphans": {"status": "WARN", "pre_fetched_count": 6, "orphaned": ["AmmCHacJaGg", "BgUGDmRBX4M", "j92VqUja0Zs", "aMVFidX_1vs", "o_IDu7m3SNk"]}, "infra_scout": {"status": "OK", "age_hours": 3.9, "last_run": "2026-03-27T10:00:14.084846+00:00"}, "capability_scanner": {"status": "OK", "age_hours": 2.9, "last_run": "2026-03-27T11:00:06.088801+00:00"}, "members_transcripts": {"status": "OK", "file_count": 12, "pre_fetched_count": 6}}
[09:54:19] Learning log updated: /Users/zekezirk/zeke-status/memory/learning-log.jsonl
[09:54:19] === Done ===
[11:54:20] === Bi-Hourly Self-Assessment ===
[11:54:20] Grade: A. OK: prewarm, l1b, l2, queue, feed_quality, noise, cowork_executor, price_watcher, new_cron_topics. Failed: none.
[11:54:20]   prewarm: {"status": "OK", "detail": "[2026-03-26T21:56:14Z] Super loaded: 3 tokens in 69.7s"}
[11:54:20]   l1b: {"dispatched": 15, "ingested": 12, "status": "OK", "quality": "GOOD"}
[11:54:20]   l2: {"status": "OK", "count": 2, "narrating": false, "preview": ""}
[11:54:20]   queue: {"done": 10175, "failed": 0, "pending": 3, "echo_rate": 0.0, "status": "OK"}
[11:54:20]   feed_quality: {"avg_score": 8.5, "junk_pct": 0, "actionable_pct": 89, "total": 100, "status": "OK"}
[11:54:20]   noise: {"noise_entries_6h": 0, "breakdown": {}, "status": "OK"}
[11:54:20]   cowork_executor: {"status": "IDLE", "detail": "No pending tasks at last run", "completed_runs": 0}
[11:54:20]   price_watcher: {"status": "OK", "detail": "Last entry: [done]  0 alert(s) sent, 0 research task(s) seeded.", "is_market_hours": true, "log_path": "/Users/zekezirk/zeke-status/logs/price-watcher.log"}
[11:54:20]   new_cron_topics: {"status": "OK", "active_topics": {"oil-tlt": 5, "gold-cycle": 5, "btc-spx-macro": 5}, "missing_topics": [], "detail": "Active: ['oil-tlt', 'gold-cycle', 'btc-spx-macro'], Missing 24h: []"}
[11:54:20]   capabilities: {"status": "WARN", "failures": [], "warnings": ["Orphaned pre_fetched transcripts (not in processed_ids): ['AmmCHacJaGg', 'BgUGDmRBX4M', 'j92VqUja0Zs', 'aMVFidX_1vs', 'o_IDu7m3SNk']"], "claude_code": {"status": "OK", "current": "2.1.85", "latest": "2.1.85", "behind": 0}, "conviction_backtest": {"status": "OK", "age_hours": 15.2, "positions": 23, "missing_scores": []}, "camel_yt_orphans": {"status": "WARN", "pre_fetched_count": 6, "orphaned": ["AmmCHacJaGg", "BgUGDmRBX4M", "j92VqUja0Zs", "aMVFidX_1vs", "o_IDu7m3SNk"]}, "infra_scout": {"status": "OK", "age_hours": 5.9, "last_run": "2026-03-27T10:00:14.084846+00:00"}, "capability_scanner": {"status": "OK", "age_hours": 4.9, "last_run": "2026-03-27T11:00:06.088801+00:00"}, "members_transcripts": {"status": "OK", "file_count": 12, "pre_fetched_count": 6}}
[11:54:20] Learning log updated: /Users/zekezirk/zeke-status/memory/learning-log.jsonl
[11:54:20] === Done ===
[13:54:21] === Bi-Hourly Self-Assessment ===
[13:54:21] Grade: A. OK: prewarm, l1b, l2, queue, feed_quality, noise, cowork_executor, price_watcher, new_cron_topics. Failed: none.
[13:54:21]   prewarm: {"status": "OK", "detail": "[2026-03-26T21:56:14Z] Super loaded: 3 tokens in 69.7s"}
[13:54:21]   l1b: {"dispatched": 15, "ingested": 12, "status": "OK", "quality": "GOOD"}
[13:54:21]   l2: {"status": "OK", "count": 2, "narrating": false, "preview": ""}
[13:54:21]   queue: {"done": 10391, "failed": 0, "pending": 4, "echo_rate": 0.0, "status": "OK"}
[13:54:21]   feed_quality: {"avg_score": 8.0, "junk_pct": 0, "actionable_pct": 76, "total": 100, "status": "OK"}
[13:54:21]   noise: {"noise_entries_6h": 0, "breakdown": {}, "status": "OK"}
[13:54:21]   cowork_executor: {"status": "OK", "completed_runs": 2, "successes": 2, "failures": 0}
[13:54:21]   price_watcher: {"status": "OK", "detail": "Last entry: [done]  0 alert(s) sent, 1 research task(s) seeded.", "is_market_hours": true, "log_path": "/Users/zekezirk/zeke-status/logs/price-watcher.log"}
[13:54:21]   new_cron_topics: {"status": "OK", "active_topics": {"btc-spx-macro": 6, "gold-cycle": 6, "oil-tlt": 5}, "missing_topics": [], "detail": "Active: ['btc-spx-macro', 'gold-cycle', 'oil-tlt'], Missing 24h: []"}
[13:54:21]   capabilities: {"status": "WARN", "failures": [], "warnings": ["Orphaned pre_fetched transcripts (not in processed_ids): ['AmmCHacJaGg', 'BgUGDmRBX4M', 'j92VqUja0Zs', 'aMVFidX_1vs', 'o_IDu7m3SNk']"], "claude_code": {"status": "OK", "current": "2.1.85", "latest": "2.1.85", "behind": 0}, "conviction_backtest": {"status": "OK", "age_hours": 1.0, "positions": 23, "missing_scores": []}, "camel_yt_orphans": {"status": "WARN", "pre_fetched_count": 6, "orphaned": ["AmmCHacJaGg", "BgUGDmRBX4M", "j92VqUja0Zs", "aMVFidX_1vs", "o_IDu7m3SNk"]}, "infra_scout": {"status": "OK", "age_hours": 7.9, "last_run": "2026-03-27T10:00:14.084846+00:00"}, "capability_scanner": {"status": "OK", "age_hours": 6.9, "last_run": "2026-03-27T11:00:06.088801+00:00"}, "members_transcripts": {"status": "OK", "file_count": 12, "pre_fetched_count": 6}}
[13:54:21] Learning log updated: /Users/zekezirk/zeke-status/memory/learning-log.jsonl
[13:54:21] === Done ===
[15:54:21] === Bi-Hourly Self-Assessment ===
[15:54:22] Grade: A. OK: prewarm, l1b, l2, queue, feed_quality, noise, cowork_executor, price_watcher, new_cron_topics. Failed: none.
[15:54:22]   prewarm: {"status": "OK", "detail": "[2026-03-26T21:56:14Z] Super loaded: 3 tokens in 69.7s"}
[15:54:22]   l1b: {"dispatched": 15, "ingested": 12, "status": "OK", "quality": "GOOD"}
[15:54:22]   l2: {"status": "OK", "count": 2, "narrating": false, "preview": ""}
[15:54:22]   queue: {"done": 10617, "failed": 0, "pending": 3, "echo_rate": 0.0, "status": "OK"}
[15:54:22]   feed_quality: {"avg_score": 8.2, "junk_pct": 0, "actionable_pct": 83, "total": 100, "status": "OK"}
[15:54:22]   noise: {"noise_entries_6h": 0, "breakdown": {}, "status": "OK"}
[15:54:22]   cowork_executor: {"status": "IDLE", "detail": "No pending tasks at last run", "completed_runs": 2}
[15:54:22]   price_watcher: {"status": "OK", "detail": "Last entry: [done]  0 alert(s) sent, 1 research task(s) seeded.", "is_market_hours": true, "log_path": "/Users/zekezirk/zeke-status/logs/price-watcher.log"}
[15:54:22]   new_cron_topics: {"status": "OK", "active_topics": {"gold-cycle": 7, "btc-spx-macro": 5, "oil-tlt": 5}, "missing_topics": [], "detail": "Active: ['gold-cycle', 'btc-spx-macro', 'oil-tlt'], Missing 24h: []"}
[15:54:22]   capabilities: {"status": "WARN", "failures": [], "warnings": ["Orphaned pre_fetched transcripts (not in processed_ids): ['AmmCHacJaGg', 'BgUGDmRBX4M', 'j92VqUja0Zs', 'aMVFidX_1vs', 'o_IDu7m3SNk']"], "claude_code": {"status": "OK", "current": "2.1.85", "latest": "2.1.85", "behind": 0}, "conviction_backtest": {"status": "OK", "age_hours": 3.0, "positions": 23, "missing_scores": []}, "camel_yt_orphans": {"status": "WARN", "pre_fetched_count": 6, "orphaned": ["AmmCHacJaGg", "BgUGDmRBX4M", "j92VqUja0Zs", "aMVFidX_1vs", "o_IDu7m3SNk"]}, "infra_scout": {"status": "OK", "age_hours": 9.9, "last_run": "2026-03-27T10:00:14.084846+00:00"}, "capability_scanner": {"status": "OK", "age_hours": 8.9, "last_run": "2026-03-27T11:00:06.088801+00:00"}, "members_transcripts": {"status": "OK", "file_count": 12, "pre_fetched_count": 6}}
[15:54:22] Learning log updated: /Users/zekezirk/zeke-status/memory/learning-log.jsonl
[15:54:22] === Done ===
[17:54:22] === Bi-Hourly Self-Assessment ===
[17:54:23] Grade: A. OK: prewarm, l1b, l2, queue, feed_quality, noise, cowork_executor, price_watcher, new_cron_topics. Failed: none.
[17:54:23]   prewarm: {"status": "OK", "detail": "[2026-03-26T21:56:14Z] Super loaded: 3 tokens in 69.7s"}
[17:54:23]   l1b: {"dispatched": 15, "ingested": 12, "status": "OK", "quality": "GOOD"}
[17:54:23]   l2: {"status": "OK", "count": 2, "narrating": false, "preview": ""}
[17:54:23]   queue: {"done": 10843, "failed": 0, "pending": 2, "echo_rate": 0.0, "status": "OK"}
[17:54:23]   feed_quality: {"avg_score": 8.5, "junk_pct": 0, "actionable_pct": 91, "total": 100, "status": "OK"}
[17:54:23]   noise: {"noise_entries_6h": 0, "breakdown": {}, "status": "OK"}
[17:54:23]   cowork_executor: {"status": "IDLE", "detail": "No pending tasks at last run", "completed_runs": 5}
[17:54:23]   price_watcher: {"status": "OK", "detail": "Last entry: [2026-03-27 17:49 ET] Outside market hours. Exiting.", "is_market_hours": false, "log_path": "/Users/zekezirk/zeke-status/logs/price-watcher.log"}
[17:54:23]   new_cron_topics: {"status": "OK", "active_topics": {"btc-spx-macro": 6, "oil-tlt": 4, "gold-cycle": 7}, "missing_topics": [], "detail": "Active: ['btc-spx-macro', 'oil-tlt', 'gold-cycle'], Missing 24h: []"}
[17:54:23]   capabilities: {"status": "WARN", "failures": [], "warnings": ["claude-code v2.1.85 is 1 version(s) behind latest v2.1.86", "Orphaned pre_fetched transcripts (not in processed_ids): ['AmmCHacJaGg', 'BgUGDmRBX4M', 'j92VqUja0Zs', 'aMVFidX_1vs', 'o_IDu7m3SNk']"], "claude_code": {"status": "WARN", "current": "2.1.85", "latest": "2.1.86", "behind": 1}, "conviction_backtest": {"status": "OK", "age_hours": 0.4, "positions": 23, "missing_scores": []}, "camel_yt_orphans": {"status": "WARN", "pre_fetched_count": 6, "orphaned": ["AmmCHacJaGg", "BgUGDmRBX4M", "j92VqUja0Zs", "aMVFidX_1vs", "o_IDu7m3SNk"]}, "infra_scout": {"status": "OK", "age_hours": 11.9, "last_run": "2026-03-27T10:00:14.084846+00:00"}, "capability_scanner": {"status": "OK", "age_hours": 10.9, "last_run": "2026-03-27T11:00:06.088801+00:00"}, "members_transcripts": {"status": "OK", "file_count": 12, "pre_fetched_count": 6}}
[17:54:23] Learning log updated: /Users/zekezirk/zeke-status/memory/learning-log.jsonl
[17:54:23] === Done ===
[19:54:23] === Bi-Hourly Self-Assessment ===
[19:54:23] Grade: A. OK: prewarm, l1b, l2, queue, feed_quality, noise, cowork_executor, price_watcher, new_cron_topics. Failed: none.
[19:54:23]   prewarm: {"status": "OK", "detail": "[2026-03-26T21:56:14Z] Super loaded: 3 tokens in 69.7s"}
[19:54:23]   l1b: {"dispatched": 15, "ingested": 12, "status": "OK", "quality": "GOOD"}
[19:54:23]   l2: {"status": "OK", "count": 2, "narrating": false, "preview": ""}
[19:54:23]   queue: {"done": 11068, "failed": 0, "pending": 3, "echo_rate": 0.0, "status": "OK"}
[19:54:23]   feed_quality: {"avg_score": 8.5, "junk_pct": 0, "actionable_pct": 90, "total": 100, "status": "OK"}
[19:54:23]   noise: {"noise_entries_6h": 0, "breakdown": {}, "status": "OK"}
[19:54:23]   cowork_executor: {"status": "IDLE", "detail": "No pending tasks at last run", "completed_runs": 5}
[19:54:23]   price_watcher: {"status": "OK", "detail": "Last entry: [2026-03-27 19:49 ET] Outside market hours. Exiting.", "is_market_hours": false, "log_path": "/Users/zekezirk/zeke-status/logs/price-watcher.log"}
[19:54:23]   new_cron_topics: {"status": "OK", "active_topics": {"oil-tlt": 5, "btc-spx-macro": 5, "gold-cycle": 7}, "missing_topics": [], "detail": "Active: ['oil-tlt', 'btc-spx-macro', 'gold-cycle'], Missing 24h: []"}
[19:54:23]   capabilities: {"status": "WARN", "failures": [], "warnings": ["claude-code v2.1.85 is 1 version(s) behind latest v2.1.86", "Orphaned pre_fetched transcripts (not in processed_ids): ['AmmCHacJaGg', 'BgUGDmRBX4M', 'j92VqUja0Zs', 'aMVFidX_1vs', 'o_IDu7m3SNk']"], "claude_code": {"status": "WARN", "current": "2.1.85", "latest": "2.1.86", "behind": 1}, "conviction_backtest": {"status": "OK", "age_hours": 2.4, "positions": 23, "missing_scores": []}, "camel_yt_orphans": {"status": "WARN", "pre_fetched_count": 6, "orphaned": ["AmmCHacJaGg", "BgUGDmRBX4M", "j92VqUja0Zs", "aMVFidX_1vs", "o_IDu7m3SNk"]}, "infra_scout": {"status": "OK", "age_hours": 13.9, "last_run": "2026-03-27T10:00:14.084846+00:00"}, "capability_scanner": {"status": "OK", "age_hours": 12.9, "last_run": "2026-03-27T11:00:06.088801+00:00"}, "members_transcripts": {"status": "OK", "file_count": 12, "pre_fetched_count": 6}}
[19:54:23] Learning log updated: /Users/zekezirk/zeke-status/memory/learning-log.jsonl
[19:54:23] === Done ===
[21:54:24] === Bi-Hourly Self-Assessment ===
[21:54:24] Grade: A. OK: prewarm, l1b, l2, queue, feed_quality, noise, cowork_executor, price_watcher, new_cron_topics. Failed: none.
[21:54:24]   prewarm: {"status": "OK", "detail": "[2026-03-26T21:56:14Z] Super loaded: 3 tokens in 69.7s"}
[21:54:24]   l1b: {"dispatched": 15, "ingested": 12, "status": "OK", "quality": "GOOD"}
[21:54:24]   l2: {"status": "OK", "count": 2, "narrating": false, "preview": ""}
[21:54:24]   queue: {"done": 11255, "failed": 0, "pending": 5, "echo_rate": 0.0, "status": "OK"}
[21:54:24]   feed_quality: {"avg_score": 8.5, "junk_pct": 0, "actionable_pct": 88, "total": 100, "status": "OK"}
[21:54:24]   noise: {"noise_entries_6h": 0, "breakdown": {}, "status": "OK"}
[21:54:24]   cowork_executor: {"status": "IDLE", "detail": "No pending tasks at last run", "completed_runs": 0}
[21:54:24]   price_watcher: {"status": "OK", "detail": "Last entry: [2026-03-27 21:49 ET] Outside market hours. Exiting.", "is_market_hours": false, "log_path": "/Users/zekezirk/zeke-status/logs/price-watcher.log"}
[21:54:24]   new_cron_topics: {"status": "OK", "active_topics": {"gold-cycle": 8, "oil-tlt": 6, "btc-spx-macro": 4}, "missing_topics": [], "detail": "Active: ['gold-cycle', 'oil-tlt', 'btc-spx-macro'], Missing 24h: []"}
[21:54:24]   capabilities: {"status": "WARN", "failures": [], "warnings": ["claude-code v2.1.85 is 1 version(s) behind latest v2.1.86", "Orphaned pre_fetched transcripts (not in processed_ids): ['AmmCHacJaGg', 'BgUGDmRBX4M', 'j92VqUja0Zs', 'aMVFidX_1vs', 'o_IDu7m3SNk']"], "claude_code": {"status": "WARN", "current": "2.1.85", "latest": "2.1.86", "behind": 1}, "conviction_backtest": {"status": "OK", "age_hours": 4.4, "positions": 23, "missing_scores": []}, "camel_yt_orphans": {"status": "WARN", "pre_fetched_count": 6, "orphaned": ["AmmCHacJaGg", "BgUGDmRBX4M", "j92VqUja0Zs", "aMVFidX_1vs", "o_IDu7m3SNk"]}, "infra_scout": {"status": "OK", "age_hours": 15.9, "last_run": "2026-03-27T10:00:14.084846+00:00"}, "capability_scanner": {"status": "OK", "age_hours": 14.9, "last_run": "2026-03-27T11:00:06.088801+00:00"}, "members_transcripts": {"status": "OK", "file_count": 12, "pre_fetched_count": 6}}
[21:54:24] Learning log updated: /Users/zekezirk/zeke-status/memory/learning-log.jsonl
[21:54:24] === Done ===
[23:54:24] === Bi-Hourly Self-Assessment ===
[23:54:25] Grade: A. OK: prewarm, l1b, l2, queue, feed_quality, noise, cowork_executor, price_watcher, new_cron_topics. Failed: none.
[23:54:25]   prewarm: {"status": "OK", "detail": "[2026-03-26T21:56:14Z] Super loaded: 3 tokens in 69.7s"}
[23:54:25]   l1b: {"dispatched": 15, "ingested": 12, "status": "OK", "quality": "GOOD"}
[23:54:25]   l2: {"status": "OK", "count": 2, "narrating": false, "preview": ""}
[23:54:25]   queue: {"done": 11426, "failed": 0, "pending": 3, "echo_rate": 0.0, "status": "OK"}
[23:54:25]   feed_quality: {"avg_score": 8.3, "junk_pct": 0, "actionable_pct": 83, "total": 100, "status": "OK"}
[23:54:25]   noise: {"noise_entries_6h": 0, "breakdown": {}, "status": "OK"}
[23:54:25]   cowork_executor: {"status": "IDLE", "detail": "No pending tasks at last run", "completed_runs": 0}
[23:54:25]   price_watcher: {"status": "OK", "detail": "Last entry: [2026-03-27 23:49 ET] Outside market hours. Exiting.", "is_market_hours": false, "log_path": "/Users/zekezirk/zeke-status/logs/price-watcher.log"}
[23:54:25]   new_cron_topics: {"status": "OK", "active_topics": {"btc-spx-macro": 4, "gold-cycle": 8, "oil-tlt": 6}, "missing_topics": [], "detail": "Active: ['btc-spx-macro', 'gold-cycle', 'oil-tlt'], Missing 24h: []"}
[23:54:25]   capabilities: {"status": "WARN", "failures": [], "warnings": ["claude-code v2.1.85 is 1 version(s) behind latest v2.1.86", "Orphaned pre_fetched transcripts (not in processed_ids): ['AmmCHacJaGg', 'BgUGDmRBX4M', 'j92VqUja0Zs', 'aMVFidX_1vs', 'o_IDu7m3SNk']"], "claude_code": {"status": "WARN", "current": "2.1.85", "latest": "2.1.86", "behind": 1}, "conviction_backtest": {"status": "OK", "age_hours": 6.4, "positions": 23, "missing_scores": []}, "camel_yt_orphans": {"status": "WARN", "pre_fetched_count": 6, "orphaned": ["AmmCHacJaGg", "BgUGDmRBX4M", "j92VqUja0Zs", "aMVFidX_1vs", "o_IDu7m3SNk"]}, "infra_scout": {"status": "OK", "age_hours": 17.9, "last_run": "2026-03-27T10:00:14.084846+00:00"}, "capability_scanner": {"status": "OK", "age_hours": 16.9, "last_run": "2026-03-27T11:00:06.088801+00:00"}, "members_transcripts": {"status": "OK", "file_count": 12, "pre_fetched_count": 6}}
[23:54:25] Learning log updated: /Users/zekezirk/zeke-status/memory/learning-log.jsonl
[23:54:25] === Done ===
[01:54:25] === Bi-Hourly Self-Assessment ===
[01:54:26] Grade: A. OK: prewarm, l1b, l2, queue, feed_quality, noise, cowork_executor, price_watcher, new_cron_topics. Failed: none.
[01:54:26]   prewarm: {"status": "OK", "detail": "[2026-03-26T21:56:14Z] Super loaded: 3 tokens in 69.7s"}
[01:54:26]   l1b: {"dispatched": 15, "ingested": 12, "status": "OK", "quality": "GOOD"}
[01:54:26]   l2: {"status": "OK", "count": 2, "narrating": false, "preview": ""}
[01:54:26]   queue: {"done": 11587, "failed": 0, "pending": 4, "echo_rate": 0.0, "status": "OK"}
[01:54:26]   feed_quality: {"avg_score": 8.3, "junk_pct": 0, "actionable_pct": 89, "total": 100, "status": "OK"}
[01:54:26]   noise: {"noise_entries_6h": 0, "breakdown": {}, "status": "OK"}
[01:54:26]   cowork_executor: {"status": "IDLE", "detail": "No pending tasks at last run", "completed_runs": 0}
[01:54:26]   price_watcher: {"status": "OK", "detail": "Last entry: [2026-03-28 01:49 ET] Outside market hours. Exiting.", "is_market_hours": false, "log_path": "/Users/zekezirk/zeke-status/logs/price-watcher.log"}
[01:54:26]   new_cron_topics: {"status": "OK", "active_topics": {"oil-tlt": 5, "btc-spx-macro": 3, "gold-cycle": 5}, "missing_topics": [], "detail": "Active: ['oil-tlt', 'btc-spx-macro', 'gold-cycle'], Missing 24h: []"}
[01:54:26]   capabilities: {"status": "WARN", "failures": [], "warnings": ["claude-code v2.1.85 is 1 version(s) behind latest v2.1.86", "Orphaned pre_fetched transcripts (not in processed_ids): ['AmmCHacJaGg', 'BgUGDmRBX4M', 'j92VqUja0Zs', 'aMVFidX_1vs', 'o_IDu7m3SNk']"], "claude_code": {"status": "WARN", "current": "2.1.85", "latest": "2.1.86", "behind": 1}, "conviction_backtest": {"status": "OK", "age_hours": 8.4, "positions": 23, "missing_scores": []}, "camel_yt_orphans": {"status": "WARN", "pre_fetched_count": 6, "orphaned": ["AmmCHacJaGg", "BgUGDmRBX4M", "j92VqUja0Zs", "aMVFidX_1vs", "o_IDu7m3SNk"]}, "infra_scout": {"status": "OK", "age_hours": 19.9, "last_run": "2026-03-27T10:00:14.084846+00:00"}, "capability_scanner": {"status": "OK", "age_hours": 18.9, "last_run": "2026-03-27T11:00:06.088801+00:00"}, "members_transcripts": {"status": "OK", "file_count": 12, "pre_fetched_count": 6}}
[01:54:26] Learning log updated: /Users/zekezirk/zeke-status/memory/learning-log.jsonl
[01:54:26] === Done ===
[03:54:26] === Bi-Hourly Self-Assessment ===
[03:54:27] Grade: A. OK: prewarm, l1b, l2, queue, feed_quality, noise, cowork_executor, price_watcher, new_cron_topics. Failed: none.
[03:54:27]   prewarm: {"status": "OK", "detail": "[2026-03-26T21:56:14Z] Super loaded: 3 tokens in 69.7s"}
[03:54:27]   l1b: {"dispatched": 15, "ingested": 12, "status": "OK", "quality": "GOOD"}
[03:54:27]   l2: {"status": "OK", "count": 2, "narrating": false, "preview": ""}
[03:54:27]   queue: {"done": 11752, "failed": 0, "pending": 3, "echo_rate": 0.0, "status": "OK"}
[03:54:27]   feed_quality: {"avg_score": 8.1, "junk_pct": 1, "actionable_pct": 85, "total": 100, "status": "OK"}
[03:54:27]   noise: {"noise_entries_6h": 0, "breakdown": {}, "status": "OK"}
[03:54:27]   cowork_executor: {"status": "IDLE", "detail": "No pending tasks at last run", "completed_runs": 0}
[03:54:27]   price_watcher: {"status": "OK", "detail": "Last entry: [2026-03-28 03:49 ET] Outside market hours. Exiting.", "is_market_hours": false, "log_path": "/Users/zekezirk/zeke-status/logs/price-watcher.log"}
[03:54:27]   new_cron_topics: {"status": "OK", "active_topics": {"gold-cycle": 6, "oil-tlt": 4, "btc-spx-macro": 3}, "missing_topics": [], "detail": "Active: ['gold-cycle', 'oil-tlt', 'btc-spx-macro'], Missing 24h: []"}
[03:54:27]   capabilities: {"status": "WARN", "failures": [], "warnings": ["claude-code v2.1.85 is 1 version(s) behind latest v2.1.86", "Orphaned pre_fetched transcripts (not in processed_ids): ['AmmCHacJaGg', 'BgUGDmRBX4M', 'j92VqUja0Zs', 'aMVFidX_1vs', 'o_IDu7m3SNk']"], "claude_code": {"status": "WARN", "current": "2.1.85", "latest": "2.1.86", "behind": 1}, "conviction_backtest": {"status": "OK", "age_hours": 10.4, "positions": 23, "missing_scores": []}, "camel_yt_orphans": {"status": "WARN", "pre_fetched_count": 6, "orphaned": ["AmmCHacJaGg", "BgUGDmRBX4M", "j92VqUja0Zs", "aMVFidX_1vs", "o_IDu7m3SNk"]}, "infra_scout": {"status": "OK", "age_hours": 21.9, "last_run": "2026-03-27T10:00:14.084846+00:00"}, "capability_scanner": {"status": "OK", "age_hours": 20.9, "last_run": "2026-03-27T11:00:06.088801+00:00"}, "members_transcripts": {"status": "OK", "file_count": 12, "pre_fetched_count": 6}}
[03:54:27] Learning log updated: /Users/zekezirk/zeke-status/memory/learning-log.jsonl
[03:54:27] === Done ===
[05:54:27] === Bi-Hourly Self-Assessment ===
[05:54:28] Grade: A. OK: prewarm, l1b, l2, queue, feed_quality, noise, cowork_executor, price_watcher, new_cron_topics. Failed: none.
[05:54:28]   prewarm: {"status": "OK", "detail": "[2026-03-26T21:56:14Z] Super loaded: 3 tokens in 69.7s"}
[05:54:28]   l1b: {"dispatched": 15, "ingested": 12, "status": "OK", "quality": "GOOD"}
[05:54:28]   l2: {"status": "OK", "count": 2, "narrating": false, "preview": ""}
[05:54:28]   queue: {"done": 11934, "failed": 0, "pending": 3, "echo_rate": 0.0, "status": "OK"}
[05:54:28]   feed_quality: {"avg_score": 8.5, "junk_pct": 0, "actionable_pct": 91, "total": 100, "status": "OK"}
[05:54:28]   noise: {"noise_entries_6h": 0, "breakdown": {}, "status": "OK"}
[05:54:28]   cowork_executor: {"status": "IDLE", "detail": "No pending tasks at last run", "completed_runs": 0}
[05:54:28]   price_watcher: {"status": "OK", "detail": "Last entry: [2026-03-28 05:49 ET] Outside market hours. Exiting.", "is_market_hours": false, "log_path": "/Users/zekezirk/zeke-status/logs/price-watcher.log"}
[05:54:28]   new_cron_topics: {"status": "OK", "active_topics": {"gold-cycle": 5, "oil-tlt": 4, "btc-spx-macro": 4}, "missing_topics": [], "detail": "Active: ['gold-cycle', 'oil-tlt', 'btc-spx-macro'], Missing 24h: []"}
[05:54:28]   capabilities: {"status": "WARN", "failures": [], "warnings": ["claude-code v2.1.85 is 1 version(s) behind latest v2.1.86", "Orphaned pre_fetched transcripts (not in processed_ids): ['AmmCHacJaGg', 'BgUGDmRBX4M', 'j92VqUja0Zs', 'aMVFidX_1vs', 'o_IDu7m3SNk']"], "claude_code": {"status": "WARN", "current": "2.1.85", "latest": "2.1.86", "behind": 1}, "conviction_backtest": {"status": "OK", "age_hours": 12.4, "positions": 23, "missing_scores": []}, "camel_yt_orphans": {"status": "WARN", "pre_fetched_count": 6, "orphaned": ["AmmCHacJaGg", "BgUGDmRBX4M", "j92VqUja0Zs", "aMVFidX_1vs", "o_IDu7m3SNk"]}, "infra_scout": {"status": "OK", "age_hours": 23.9, "last_run": "2026-03-27T10:00:14.084846+00:00"}, "capability_scanner": {"status": "OK", "age_hours": 22.9, "last_run": "2026-03-27T11:00:06.088801+00:00"}, "members_transcripts": {"status": "OK", "file_count": 12, "pre_fetched_count": 6}}
[05:54:28] Learning log updated: /Users/zekezirk/zeke-status/memory/learning-log.jsonl
[05:54:28] === Done ===
[07:54:28] === Bi-Hourly Self-Assessment ===
[07:54:29] Grade: A. OK: prewarm, l1b, l2, queue, feed_quality, noise, cowork_executor, price_watcher, new_cron_topics. Failed: none.
[07:54:29]   prewarm: {"status": "OK", "detail": "[2026-03-26T21:56:14Z] Super loaded: 3 tokens in 69.7s"}
[07:54:29]   l1b: {"dispatched": 15, "ingested": 12, "status": "OK", "quality": "GOOD"}
[07:54:29]   l2: {"status": "OK", "count": 2, "narrating": false, "preview": ""}
[07:54:29]   queue: {"done": 12153, "failed": 0, "pending": 2, "echo_rate": 0.0, "status": "OK"}
[07:54:29]   feed_quality: {"avg_score": 8.6, "junk_pct": 0, "actionable_pct": 90, "total": 100, "status": "OK"}
[07:54:29]   noise: {"noise_entries_6h": 0, "breakdown": {}, "status": "OK"}
[07:54:29]   cowork_executor: {"status": "IDLE", "detail": "No pending tasks at last run", "completed_runs": 3}
[07:54:29]   price_watcher: {"status": "OK", "detail": "Last entry: [2026-03-28 07:49 ET] Outside market hours. Exiting.", "is_market_hours": false, "log_path": "/Users/zekezirk/zeke-status/logs/price-watcher.log"}
[07:54:29]   new_cron_topics: {"status": "OK", "active_topics": {"btc-spx-macro": 4, "oil-tlt": 4, "gold-cycle": 5}, "missing_topics": [], "detail": "Active: ['btc-spx-macro', 'oil-tlt', 'gold-cycle'], Missing 24h: []"}
[07:54:29]   capabilities: {"status": "WARN", "failures": [], "warnings": ["claude-code v2.1.85 is 1 version(s) behind latest v2.1.86", "Orphaned pre_fetched transcripts (not in processed_ids): ['AmmCHacJaGg', 'BgUGDmRBX4M', 'j92VqUja0Zs', 'aMVFidX_1vs', 'o_IDu7m3SNk']"], "claude_code": {"status": "WARN", "current": "2.1.85", "latest": "2.1.86", "behind": 1}, "conviction_backtest": {"status": "OK", "age_hours": 14.4, "positions": 23, "missing_scores": []}, "camel_yt_orphans": {"status": "WARN", "pre_fetched_count": 6, "orphaned": ["AmmCHacJaGg", "BgUGDmRBX4M", "j92VqUja0Zs", "aMVFidX_1vs", "o_IDu7m3SNk"]}, "infra_scout": {"status": "OK", "age_hours": 25.9, "last_run": "2026-03-27T10:00:14.084846+00:00"}, "capability_scanner": {"status": "OK", "age_hours": 24.9, "last_run": "2026-03-27T11:00:06.088801+00:00"}, "members_transcripts": {"status": "OK", "file_count": 12, "pre_fetched_count": 6}}
[07:54:29] Learning log updated: /Users/zekezirk/zeke-status/memory/learning-log.jsonl
[07:54:29] === Done ===
[09:54:29] === Bi-Hourly Self-Assessment ===
[09:54:30] Grade: A. OK: prewarm, l1b, l2, queue, feed_quality, noise, cowork_executor, price_watcher, new_cron_topics. Failed: none.
[09:54:30]   prewarm: {"status": "OK", "detail": "[2026-03-26T21:56:14Z] Super loaded: 3 tokens in 69.7s"}
[09:54:30]   l1b: {"dispatched": 15, "ingested": 12, "status": "OK", "quality": "GOOD"}
[09:54:30]   l2: {"status": "OK", "count": 2, "narrating": false, "preview": ""}
[09:54:30]   queue: {"done": 12374, "failed": 0, "pending": 4, "echo_rate": 0.0, "status": "OK"}
[09:54:30]   feed_quality: {"avg_score": 8.3, "junk_pct": 0, "actionable_pct": 86, "total": 100, "status": "OK"}
[09:54:30]   noise: {"noise_entries_6h": 0, "breakdown": {}, "status": "OK"}
[09:54:30]   cowork_executor: {"status": "IDLE", "detail": "No pending tasks at last run", "completed_runs": 3}
[09:54:30]   price_watcher: {"status": "OK", "detail": "Last entry: [2026-03-28 09:49 ET] Outside market hours. Exiting.", "is_market_hours": false, "log_path": "/Users/zekezirk/zeke-status/logs/price-watcher.log"}
[09:54:30]   new_cron_topics: {"status": "OK", "active_topics": {"oil-tlt": 5, "gold-cycle": 6, "btc-spx-macro": 5}, "missing_topics": [], "detail": "Active: ['oil-tlt', 'gold-cycle', 'btc-spx-macro'], Missing 24h: []"}
[09:54:30]   capabilities: {"status": "WARN", "failures": [], "warnings": ["claude-code v2.1.85 is 1 version(s) behind latest v2.1.86", "Orphaned pre_fetched transcripts (not in processed_ids): ['AmmCHacJaGg', 'BgUGDmRBX4M', 'j92VqUja0Zs', 'aMVFidX_1vs', 'o_IDu7m3SNk']", "infra-scout-state.json: last_run 27.9h ago (>26h)", "capability-scanner-state.json: last_run 26.9h ago (>26h)"], "claude_code": {"status": "WARN", "current": "2.1.85", "latest": "2.1.86", "behind": 1}, "conviction_backtest": {"status": "OK", "age_hours": 16.4, "positions": 23, "missing_scores": []}, "camel_yt_orphans": {"status": "WARN", "pre_fetched_count": 6, "orphaned": ["AmmCHacJaGg", "BgUGDmRBX4M", "j92VqUja0Zs", "aMVFidX_1vs", "o_IDu7m3SNk"]}, "infra_scout": {"status": "WARN", "age_hours": 27.9, "last_run": "2026-03-27T10:00:14.084846+00:00"}, "capability_scanner": {"status": "WARN", "age_hours": 26.9, "last_run": "2026-03-27T11:00:06.088801+00:00"}, "members_transcripts": {"status": "OK", "file_count": 12, "pre_fetched_count": 6}}
[09:54:30] Learning log updated: /Users/zekezirk/zeke-status/memory/learning-log.jsonl
[09:54:30] === Done ===
[11:54:30] === Bi-Hourly Self-Assessment ===
[11:54:31] Grade: A. OK: prewarm, l1b, l2, queue, feed_quality, noise, cowork_executor, price_watcher, new_cron_topics. Failed: none.
[11:54:31]   prewarm: {"status": "OK", "detail": "[2026-03-26T21:56:14Z] Super loaded: 3 tokens in 69.7s"}
[11:54:31]   l1b: {"dispatched": 15, "ingested": 12, "status": "OK", "quality": "GOOD"}
[11:54:31]   l2: {"status": "OK", "count": 2, "narrating": false, "preview": ""}
[11:54:31]   queue: {"done": 12599, "failed": 0, "pending": 2, "echo_rate": 0.0, "status": "OK"}
[11:54:31]   feed_quality: {"avg_score": 8.4, "junk_pct": 0, "actionable_pct": 87, "total": 100, "status": "OK"}
[11:54:31]   noise: {"noise_entries_6h": 0, "breakdown": {}, "status": "OK"}
[11:54:31]   cowork_executor: {"status": "IDLE", "detail": "No pending tasks at last run", "completed_runs": 0}
[11:54:31]   price_watcher: {"status": "OK", "detail": "Last entry: [2026-03-28 11:49 ET] Outside market hours. Exiting.", "is_market_hours": false, "log_path": "/Users/zekezirk/zeke-status/logs/price-watcher.log"}
[11:54:31]   new_cron_topics: {"status": "OK", "active_topics": {"btc-spx-macro": 5, "oil-tlt": 5, "gold-cycle": 6}, "missing_topics": [], "detail": "Active: ['btc-spx-macro', 'oil-tlt', 'gold-cycle'], Missing 24h: []"}
[11:54:31]   capabilities: {"status": "WARN", "failures": [], "warnings": ["claude-code v2.1.85 is 1 version(s) behind latest v2.1.86", "Orphaned pre_fetched transcripts (not in processed_ids): ['AmmCHacJaGg', 'BgUGDmRBX4M', 'j92VqUja0Zs', 'aMVFidX_1vs', 'o_IDu7m3SNk']", "infra-scout-state.json: last_run 29.9h ago (>26h)", "capability-scanner-state.json: last_run 28.9h ago (>26h)", "members-transcripts/ has 4 files but 6 pre_fetched entries"], "claude_code": {"status": "WARN", "current": "2.1.85", "latest": "2.1.86", "behind": 1}, "conviction_backtest": {"status": "OK", "age_hours": 18.4, "positions": 23, "missing_scores": []}, "camel_yt_orphans": {"status": "WARN", "pre_fetched_count": 6, "orphaned": ["AmmCHacJaGg", "BgUGDmRBX4M", "j92VqUja0Zs", "aMVFidX_1vs", "o_IDu7m3SNk"]}, "infra_scout": {"status": "WARN", "age_hours": 29.9, "last_run": "2026-03-27T10:00:14.084846+00:00"}, "capability_scanner": {"status": "WARN", "age_hours": 28.9, "last_run": "2026-03-27T11:00:06.088801+00:00"}, "members_transcripts": {"status": "WARN", "file_count": 4, "pre_fetched_count": 6}}
[11:54:31] Learning log updated: /Users/zekezirk/zeke-status/memory/learning-log.jsonl
[11:54:31] === Done ===
[13:54:31] === Bi-Hourly Self-Assessment ===
[13:54:31] Grade: A. OK: prewarm, l1b, l2, queue, feed_quality, noise, cowork_executor, price_watcher, new_cron_topics. Failed: none.
[13:54:31]   prewarm: {"status": "OK", "detail": "[2026-03-26T21:56:14Z] Super loaded: 3 tokens in 69.7s"}
[13:54:31]   l1b: {"dispatched": 15, "ingested": 12, "status": "OK", "quality": "GOOD"}
[13:54:31]   l2: {"status": "OK", "count": 2, "narrating": false, "preview": ""}
[13:54:31]   queue: {"done": 12815, "failed": 0, "pending": 4, "echo_rate": 0.0, "status": "OK"}
[13:54:31]   feed_quality: {"avg_score": 8.3, "junk_pct": 1, "actionable_pct": 88, "total": 100, "status": "OK"}
[13:54:31]   noise: {"noise_entries_6h": 0, "breakdown": {}, "status": "OK"}
[13:54:31]   cowork_executor: {"status": "IDLE", "detail": "No pending tasks at last run", "completed_runs": 0}
[13:54:31]   price_watcher: {"status": "OK", "detail": "Last entry: [2026-03-28 13:49 ET] Outside market hours. Exiting.", "is_market_hours": false, "log_path": "/Users/zekezirk/zeke-status/logs/price-watcher.log"}
[13:54:31]   new_cron_topics: {"status": "OK", "active_topics": {"gold-cycle": 7, "btc-spx-macro": 5, "oil-tlt": 5}, "missing_topics": [], "detail": "Active: ['gold-cycle', 'btc-spx-macro', 'oil-tlt'], Missing 24h: []"}
[13:54:31]   capabilities: {"status": "WARN", "failures": [], "warnings": ["claude-code v2.1.85 is 1 version(s) behind latest v2.1.86", "Orphaned pre_fetched transcripts (not in processed_ids): ['AmmCHacJaGg', 'BgUGDmRBX4M', 'j92VqUja0Zs', 'aMVFidX_1vs', 'o_IDu7m3SNk']", "infra-scout-state.json: last_run 31.9h ago (>26h)", "capability-scanner-state.json: last_run 30.9h ago (>26h)", "members-transcripts/ has 4 files but 6 pre_fetched entries"], "claude_code": {"status": "WARN", "current": "2.1.85", "latest": "2.1.86", "behind": 1}, "conviction_backtest": {"status": "OK", "age_hours": 20.4, "positions": 23, "missing_scores": []}, "camel_yt_orphans": {"status": "WARN", "pre_fetched_count": 6, "orphaned": ["AmmCHacJaGg", "BgUGDmRBX4M", "j92VqUja0Zs", "aMVFidX_1vs", "o_IDu7m3SNk"]}, "infra_scout": {"status": "WARN", "age_hours": 31.9, "last_run": "2026-03-27T10:00:14.084846+00:00"}, "capability_scanner": {"status": "WARN", "age_hours": 30.9, "last_run": "2026-03-27T11:00:06.088801+00:00"}, "members_transcripts": {"status": "WARN", "file_count": 4, "pre_fetched_count": 6}}
[13:54:31] Learning log updated: /Users/zekezirk/zeke-status/memory/learning-log.jsonl
[13:54:31] === Done ===
[15:54:32] === Bi-Hourly Self-Assessment ===
[15:54:32] Grade: A. OK: prewarm, l1b, l2, queue, feed_quality, noise, cowork_executor, price_watcher, new_cron_topics. Failed: none.
[15:54:32]   prewarm: {"status": "OK", "detail": "[2026-03-26T21:56:14Z] Super loaded: 3 tokens in 69.7s"}
[15:54:32]   l1b: {"dispatched": 15, "ingested": 12, "status": "OK", "quality": "GOOD"}
[15:54:32]   l2: {"status": "OK", "count": 2, "narrating": false, "preview": ""}
[15:54:32]   queue: {"done": 13043, "failed": 0, "pending": 3, "echo_rate": 0.0, "status": "OK"}
[15:54:32]   feed_quality: {"avg_score": 8.4, "junk_pct": 0, "actionable_pct": 91, "total": 100, "status": "OK"}
[15:54:32]   noise: {"noise_entries_6h": 0, "breakdown": {}, "status": "OK"}
[15:54:32]   cowork_executor: {"status": "IDLE", "detail": "No pending tasks at last run", "completed_runs": 0}
[15:54:32]   price_watcher: {"status": "OK", "detail": "Last entry: [2026-03-28 15:49 ET] Outside market hours. Exiting.", "is_market_hours": false, "log_path": "/Users/zekezirk/zeke-status/logs/price-watcher.log"}
[15:54:32]   new_cron_topics: {"status": "OK", "active_topics": {"gold-cycle": 7, "btc-spx-macro": 5, "oil-tlt": 6}, "missing_topics": [], "detail": "Active: ['gold-cycle', 'btc-spx-macro', 'oil-tlt'], Missing 24h: []"}
[15:54:32]   capabilities: {"status": "WARN", "failures": [], "warnings": ["claude-code v2.1.85 is 1 version(s) behind latest v2.1.86", "Orphaned pre_fetched transcripts (not in processed_ids): ['AmmCHacJaGg', 'BgUGDmRBX4M', 'j92VqUja0Zs', 'aMVFidX_1vs', 'o_IDu7m3SNk']", "infra-scout-state.json: last_run 33.9h ago (>26h)", "capability-scanner-state.json: last_run 32.9h ago (>26h)"], "claude_code": {"status": "WARN", "current": "2.1.85", "latest": "2.1.86", "behind": 1}, "conviction_backtest": {"status": "OK", "age_hours": 22.4, "positions": 23, "missing_scores": []}, "camel_yt_orphans": {"status": "WARN", "pre_fetched_count": 6, "orphaned": ["AmmCHacJaGg", "BgUGDmRBX4M", "j92VqUja0Zs", "aMVFidX_1vs", "o_IDu7m3SNk"]}, "infra_scout": {"status": "WARN", "age_hours": 33.9, "last_run": "2026-03-27T10:00:14.084846+00:00"}, "capability_scanner": {"status": "WARN", "age_hours": 32.9, "last_run": "2026-03-27T11:00:06.088801+00:00"}, "members_transcripts": {"status": "OK", "file_count": 10, "pre_fetched_count": 6}}
[15:54:32] Learning log updated: /Users/zekezirk/zeke-status/memory/learning-log.jsonl
[15:54:32] === Done ===
[17:54:33] === Bi-Hourly Self-Assessment ===
[17:54:33] Grade: C. OK: prewarm, l1b, l2, queue, feed_quality, noise, cowork_executor, price_watcher, new_cron_topics. Failed: capabilities.
[17:54:33]   prewarm: {"status": "OK", "detail": "[2026-03-26T21:56:14Z] Super loaded: 3 tokens in 69.7s"}
[17:54:33]   l1b: {"dispatched": 15, "ingested": 12, "status": "OK", "quality": "GOOD"}
[17:54:33]   l2: {"status": "OK", "count": 2, "narrating": false, "preview": ""}
[17:54:33]   queue: {"done": 13278, "failed": 0, "pending": 2, "echo_rate": 0.0, "status": "OK"}
[17:54:33]   feed_quality: {"avg_score": 8.4, "junk_pct": 0, "actionable_pct": 91, "total": 100, "status": "OK"}
[17:54:33]   noise: {"noise_entries_6h": 0, "breakdown": {}, "status": "OK"}
[17:54:33]   cowork_executor: {"status": "IDLE", "detail": "No pending tasks at last run", "completed_runs": 2}
[17:54:33]   price_watcher: {"status": "OK", "detail": "Last entry: [2026-03-28 17:49 ET] Outside market hours. Exiting.", "is_market_hours": false, "log_path": "/Users/zekezirk/zeke-status/logs/price-watcher.log"}
[17:54:33]   new_cron_topics: {"status": "OK", "active_topics": {"btc-spx-macro": 6, "gold-cycle": 7, "oil-tlt": 5}, "missing_topics": [], "detail": "Active: ['btc-spx-macro', 'gold-cycle', 'oil-tlt'], Missing 24h: []"}
[17:54:33]   capabilities: {"status": "FAILED", "failures": ["conviction-backtest.json is 24.4h old (stale)"], "warnings": ["claude-code v2.1.85 is 1 version(s) behind latest v2.1.86", "Orphaned pre_fetched transcripts (not in processed_ids): ['AmmCHacJaGg', 'BgUGDmRBX4M', 'j92VqUja0Zs', 'aMVFidX_1vs', 'o_IDu7m3SNk']", "infra-scout-state.json: last_run 35.9h ago (>26h)", "capability-scanner-state.json: last_run 34.9h ago (>26h)"], "claude_code": {"status": "WARN", "current": "2.1.85", "latest": "2.1.86", "behind": 1}, "conviction_backtest": {"status": "FAILED", "age_hours": 24.4, "positions": 23, "missing_scores": []}, "camel_yt_orphans": {"status": "WARN", "pre_fetched_count": 6, "orphaned": ["AmmCHacJaGg", "BgUGDmRBX4M", "j92VqUja0Zs", "aMVFidX_1vs", "o_IDu7m3SNk"]}, "infra_scout": {"status": "WARN", "age_hours": 35.9, "last_run": "2026-03-27T10:00:14.084846+00:00"}, "capability_scanner": {"status": "WARN", "age_hours": 34.9, "last_run": "2026-03-27T11:00:06.088801+00:00"}, "members_transcripts": {"status": "OK", "file_count": 10, "pre_fetched_count": 6}}
[17:54:33]   ✗ REGRESSION: A→C (new failures: ['capabilities'])
[17:54:33] Learning log updated: /Users/zekezirk/zeke-status/memory/learning-log.jsonl
[17:54:33] === Done ===
[19:54:33] === Bi-Hourly Self-Assessment ===
[19:54:34] Grade: C. OK: prewarm, l1b, l2, queue, feed_quality, noise, price_watcher, new_cron_topics. Failed: cowork_executor, capabilities.
[19:54:34]   prewarm: {"status": "OK", "detail": "[2026-03-26T21:56:14Z] Super loaded: 3 tokens in 69.7s"}
[19:54:34]   l1b: {"dispatched": 15, "ingested": 12, "status": "OK", "quality": "GOOD"}
[19:54:34]   l2: {"status": "OK", "count": 2, "narrating": false, "preview": ""}
[19:54:34]   queue: {"done": 13502, "failed": 0, "pending": 2, "echo_rate": 0.0, "status": "OK"}
[19:54:34]   feed_quality: {"avg_score": 8.4, "junk_pct": 0, "actionable_pct": 87, "total": 100, "status": "OK"}
[19:54:34]   noise: {"noise_entries_6h": 0, "breakdown": {}, "status": "OK"}
[19:54:34]   cowork_executor: {"status": "DEGRADED", "completed_runs": 2, "successes": 0, "failures": 2, "detail": "Ran but 0 successes"}
[19:54:34]   price_watcher: {"status": "OK", "detail": "Last entry: [2026-03-28 19:50 ET] Outside market hours. Exiting.", "is_market_hours": false, "log_path": "/Users/zekezirk/zeke-status/logs/price-watcher.log"}
[19:54:34]   new_cron_topics: {"status": "OK", "active_topics": {"oil-tlt": 5, "gold-cycle": 8, "btc-spx-macro": 5}, "missing_topics": [], "detail": "Active: ['oil-tlt', 'gold-cycle', 'btc-spx-macro'], Missing 24h: []"}
[19:54:34]   capabilities: {"status": "FAILED", "failures": ["conviction-backtest.json is 26.4h old (stale)"], "warnings": ["claude-code v2.1.85 is 1 version(s) behind latest v2.1.86", "Orphaned pre_fetched transcripts (not in processed_ids): ['AmmCHacJaGg', 'BgUGDmRBX4M', 'j92VqUja0Zs', 'aMVFidX_1vs', 'o_IDu7m3SNk']", "infra-scout-state.json: last_run 37.9h ago (>26h)", "capability-scanner-state.json: last_run 36.9h ago (>26h)"], "claude_code": {"status": "WARN", "current": "2.1.85", "latest": "2.1.86", "behind": 1}, "conviction_backtest": {"status": "FAILED", "age_hours": 26.4, "positions": 23, "missing_scores": []}, "camel_yt_orphans": {"status": "WARN", "pre_fetched_count": 6, "orphaned": ["AmmCHacJaGg", "BgUGDmRBX4M", "j92VqUja0Zs", "aMVFidX_1vs", "o_IDu7m3SNk"]}, "infra_scout": {"status": "WARN", "age_hours": 37.9, "last_run": "2026-03-27T10:00:14.084846+00:00"}, "capability_scanner": {"status": "WARN", "age_hours": 36.9, "last_run": "2026-03-27T11:00:06.088801+00:00"}, "members_transcripts": {"status": "OK", "file_count": 10, "pre_fetched_count": 6}}
[19:54:34]   ⚠ SAME: still C (persistent failures: ['cowork_executor', 'capabilities'])
[19:54:34]   CHRONIC: capabilities has failed 3 consecutive assessments
[19:54:34] Pushed 1 fix tasks to cowork
[19:54:34] Learning log updated: /Users/zekezirk/zeke-status/memory/learning-log.jsonl
[19:54:34] === Done ===
[21:54:34] === Bi-Hourly Self-Assessment ===
[21:54:35] Grade: C. OK: prewarm, l1b, l2, queue, feed_quality, noise, price_watcher, new_cron_topics. Failed: cowork_executor, capabilities.
[21:54:35]   prewarm: {"status": "OK", "detail": "[2026-03-26T21:56:14Z] Super loaded: 3 tokens in 69.7s"}
[21:54:35]   l1b: {"dispatched": 15, "ingested": 12, "status": "OK", "quality": "GOOD"}
[21:54:35]   l2: {"status": "OK", "count": 2, "narrating": false, "preview": ""}
[21:54:35]   queue: {"done": 13696, "failed": 0, "pending": 3, "echo_rate": 0.0, "status": "OK"}
[21:54:35]   feed_quality: {"avg_score": 8.3, "junk_pct": 0, "actionable_pct": 84, "total": 100, "status": "OK"}
[21:54:35]   noise: {"noise_entries_6h": 0, "breakdown": {}, "status": "OK"}
[21:54:35]   cowork_executor: {"status": "DEGRADED", "completed_runs": 2, "successes": 0, "failures": 2, "detail": "Ran but 0 successes"}
[21:54:35]   price_watcher: {"status": "OK", "detail": "Last entry: [2026-03-28 21:50 ET] Outside market hours. Exiting.", "is_market_hours": false, "log_path": "/Users/zekezirk/zeke-status/logs/price-watcher.log"}
[21:54:35]   new_cron_topics: {"status": "OK", "active_topics": {"gold-cycle": 8, "btc-spx-macro": 6, "oil-tlt": 6}, "missing_topics": [], "detail": "Active: ['gold-cycle', 'btc-spx-macro', 'oil-tlt'], Missing 24h: []"}
[21:54:35]   capabilities: {"status": "FAILED", "failures": ["conviction-backtest.json is 28.4h old (stale)"], "warnings": ["claude-code v2.1.85 is 1 version(s) behind latest v2.1.86", "Orphaned pre_fetched transcripts (not in processed_ids): ['AmmCHacJaGg', 'BgUGDmRBX4M', 'j92VqUja0Zs', 'aMVFidX_1vs', 'o_IDu7m3SNk']", "infra-scout-state.json: last_run 39.9h ago (>26h)", "capability-scanner-state.json: last_run 38.9h ago (>26h)"], "claude_code": {"status": "WARN", "current": "2.1.85", "latest": "2.1.86", "behind": 1}, "conviction_backtest": {"status": "FAILED", "age_hours": 28.4, "positions": 23, "missing_scores": []}, "camel_yt_orphans": {"status": "WARN", "pre_fetched_count": 6, "orphaned": ["AmmCHacJaGg", "BgUGDmRBX4M", "j92VqUja0Zs", "aMVFidX_1vs", "o_IDu7m3SNk"]}, "infra_scout": {"status": "WARN", "age_hours": 39.9, "last_run": "2026-03-27T10:00:14.084846+00:00"}, "capability_scanner": {"status": "WARN", "age_hours": 38.9, "last_run": "2026-03-27T11:00:06.088801+00:00"}, "members_transcripts": {"status": "OK", "file_count": 10, "pre_fetched_count": 6}}
[21:54:35]   ⚠ SAME: still C (persistent failures: ['cowork_executor', 'capabilities'])
[21:54:35]   CHRONIC: cowork_executor has failed 3 consecutive assessments
[21:54:35]   CHRONIC: capabilities has failed 3 consecutive assessments
[21:54:35] Pushed 1 fix tasks to cowork
[21:54:35] Learning log updated: /Users/zekezirk/zeke-status/memory/learning-log.jsonl
[21:54:35] === Done ===
[23:54:35] === Bi-Hourly Self-Assessment ===
[23:54:36] Grade: C. OK: prewarm, l1b, l2, queue, feed_quality, noise, price_watcher, new_cron_topics. Failed: cowork_executor, capabilities.
[23:54:36]   prewarm: {"status": "OK", "detail": "[2026-03-26T21:56:14Z] Super loaded: 3 tokens in 69.7s"}
[23:54:36]   l1b: {"dispatched": 15, "ingested": 12, "status": "OK", "quality": "GOOD"}
[23:54:36]   l2: {"status": "OK", "count": 2, "narrating": false, "preview": ""}
[23:54:36]   queue: {"done": 13863, "failed": 0, "pending": 3, "echo_rate": 0.0, "status": "OK"}
[23:54:36]   feed_quality: {"avg_score": 8.5, "junk_pct": 0, "actionable_pct": 85, "total": 100, "status": "OK"}
[23:54:36]   noise: {"noise_entries_6h": 0, "breakdown": {}, "status": "OK"}
[23:54:36]   cowork_executor: {"status": "DEGRADED", "completed_runs": 4, "successes": 0, "failures": 6, "detail": "Ran but 0 successes"}
[23:54:36]   price_watcher: {"status": "OK", "detail": "Last entry: [2026-03-28 23:50 ET] Outside market hours. Exiting.", "is_market_hours": false, "log_path": "/Users/zekezirk/zeke-status/logs/price-watcher.log"}
[23:54:36]   new_cron_topics: {"status": "OK", "active_topics": {"btc-spx-macro": 6, "oil-tlt": 6, "gold-cycle": 8}, "missing_topics": [], "detail": "Active: ['btc-spx-macro', 'oil-tlt', 'gold-cycle'], Missing 24h: []"}
[23:54:36]   capabilities: {"status": "FAILED", "failures": ["conviction-backtest.json is 30.4h old (stale)"], "warnings": ["claude-code v2.1.85 is 2 version(s) behind latest v2.1.87", "Orphaned pre_fetched transcripts (not in processed_ids): ['AmmCHacJaGg', 'BgUGDmRBX4M', 'j92VqUja0Zs', 'aMVFidX_1vs', 'o_IDu7m3SNk']", "infra-scout-state.json: last_run 41.9h ago (>26h)", "capability-scanner-state.json: last_run 40.9h ago (>26h)"], "claude_code": {"status": "WARN", "current": "2.1.85", "latest": "2.1.87", "behind": 2}, "conviction_backtest": {"status": "FAILED", "age_hours": 30.4, "positions": 23, "missing_scores": []}, "camel_yt_orphans": {"status": "WARN", "pre_fetched_count": 6, "orphaned": ["AmmCHacJaGg", "BgUGDmRBX4M", "j92VqUja0Zs", "aMVFidX_1vs", "o_IDu7m3SNk"]}, "infra_scout": {"status": "WARN", "age_hours": 41.9, "last_run": "2026-03-27T10:00:14.084846+00:00"}, "capability_scanner": {"status": "WARN", "age_hours": 40.9, "last_run": "2026-03-27T11:00:06.088801+00:00"}, "members_transcripts": {"status": "OK", "file_count": 10, "pre_fetched_count": 6}}
[23:54:36]   ⚠ SAME: still C (persistent failures: ['cowork_executor', 'capabilities'])
[23:54:36]   CHRONIC: cowork_executor has failed 3 consecutive assessments
[23:54:36]   CHRONIC: capabilities has failed 3 consecutive assessments
[23:54:36] Learning log updated: /Users/zekezirk/zeke-status/memory/learning-log.jsonl
[23:54:36] === Done ===
[01:54:37] === Bi-Hourly Self-Assessment ===
[01:54:38] Grade: C. OK: prewarm, l1b, l2, queue, feed_quality, noise, price_watcher, new_cron_topics. Failed: cowork_executor, capabilities.
[01:54:38]   prewarm: {"status": "OK", "detail": "[2026-03-26T21:56:14Z] Super loaded: 3 tokens in 69.7s"}
[01:54:38]   l1b: {"dispatched": 15, "ingested": 12, "status": "OK", "quality": "GOOD"}
[01:54:38]   l2: {"status": "OK", "count": 2, "narrating": false, "preview": ""}
[01:54:38]   queue: {"done": 14036, "failed": 0, "pending": 2, "echo_rate": 0.0, "status": "OK"}
[01:54:38]   feed_quality: {"avg_score": 8.6, "junk_pct": 0, "actionable_pct": 90, "total": 100, "status": "OK"}
[01:54:38]   noise: {"noise_entries_6h": 0, "breakdown": {}, "status": "OK"}
[01:54:38]   cowork_executor: {"status": "DEGRADED", "completed_runs": 6, "successes": 0, "failures": 10, "detail": "Ran but 0 successes"}
[01:54:38]   price_watcher: {"status": "OK", "detail": "Last entry: [2026-03-29 01:50 ET] Outside market hours. Exiting.", "is_market_hours": false, "log_path": "/Users/zekezirk/zeke-status/logs/price-watcher.log"}
[01:54:38]   new_cron_topics: {"status": "OK", "active_topics": {"oil-tlt": 6, "gold-cycle": 5, "btc-spx-macro": 6}, "missing_topics": [], "detail": "Active: ['oil-tlt', 'gold-cycle', 'btc-spx-macro'], Missing 24h: []"}
[01:54:38]   capabilities: {"status": "FAILED", "failures": ["conviction-backtest.json is 32.4h old (stale)"], "warnings": ["claude-code v2.1.85 is 2 version(s) behind latest v2.1.87", "Orphaned pre_fetched transcripts (not in processed_ids): ['AmmCHacJaGg', 'BgUGDmRBX4M', 'j92VqUja0Zs', 'aMVFidX_1vs', 'o_IDu7m3SNk']", "infra-scout-state.json: last_run 43.9h ago (>26h)", "capability-scanner-state.json: last_run 42.9h ago (>26h)"], "claude_code": {"status": "WARN", "current": "2.1.85", "latest": "2.1.87", "behind": 2}, "conviction_backtest": {"status": "FAILED", "age_hours": 32.4, "positions": 23, "missing_scores": []}, "camel_yt_orphans": {"status": "WARN", "pre_fetched_count": 6, "orphaned": ["AmmCHacJaGg", "BgUGDmRBX4M", "j92VqUja0Zs", "aMVFidX_1vs", "o_IDu7m3SNk"]}, "infra_scout": {"status": "WARN", "age_hours": 43.9, "last_run": "2026-03-27T10:00:14.084846+00:00"}, "capability_scanner": {"status": "WARN", "age_hours": 42.9, "last_run": "2026-03-27T11:00:06.088801+00:00"}, "members_transcripts": {"status": "OK", "file_count": 10, "pre_fetched_count": 6}}
[01:54:38]   ⚠ SAME: still C (persistent failures: ['cowork_executor', 'capabilities'])
[01:54:38]   CHRONIC: cowork_executor has failed 3 consecutive assessments
[01:54:38]   CHRONIC: capabilities has failed 3 consecutive assessments
[01:54:38] Learning log updated: /Users/zekezirk/zeke-status/memory/learning-log.jsonl
[01:54:38] === Done ===
[03:54:38] === Bi-Hourly Self-Assessment ===
[03:54:39] Grade: C. OK: prewarm, l1b, l2, queue, feed_quality, noise, price_watcher, new_cron_topics. Failed: cowork_executor, capabilities.
[03:54:39]   prewarm: {"status": "OK", "detail": "[2026-03-26T21:56:14Z] Super loaded: 3 tokens in 69.7s"}
[03:54:39]   l1b: {"dispatched": 15, "ingested": 12, "status": "OK", "quality": "GOOD"}
[03:54:39]   l2: {"status": "OK", "count": 2, "narrating": false, "preview": ""}
[03:54:39]   queue: {"done": 14213, "failed": 0, "pending": 4, "echo_rate": 0.0, "status": "OK"}
[03:54:39]   feed_quality: {"avg_score": 8.3, "junk_pct": 1, "actionable_pct": 86, "total": 100, "status": "OK"}
[03:54:39]   noise: {"noise_entries_6h": 0, "breakdown": {}, "status": "OK"}
[03:54:39]   cowork_executor: {"status": "DEGRADED", "completed_runs": 4, "successes": 0, "failures": 8, "detail": "Ran but 0 successes"}
[03:54:39]   price_watcher: {"status": "OK", "detail": "Last entry: [2026-03-29 03:50 ET] Outside market hours. Exiting.", "is_market_hours": false, "log_path": "/Users/zekezirk/zeke-status/logs/price-watcher.log"}
[03:54:39]   new_cron_topics: {"status": "OK", "active_topics": {"oil-tlt": 7, "gold-cycle": 7, "btc-spx-macro": 7}, "missing_topics": [], "detail": "Active: ['oil-tlt', 'gold-cycle', 'btc-spx-macro'], Missing 24h: []"}
[03:54:39]   capabilities: {"status": "FAILED", "failures": ["conviction-backtest.json is 34.4h old (stale)"], "warnings": ["claude-code v2.1.85 is 2 version(s) behind latest v2.1.87", "Orphaned pre_fetched transcripts (not in processed_ids): ['AmmCHacJaGg', 'BgUGDmRBX4M', 'j92VqUja0Zs', 'aMVFidX_1vs', 'o_IDu7m3SNk']", "infra-scout-state.json: last_run 45.9h ago (>26h)", "capability-scanner-state.json: last_run 44.9h ago (>26h)"], "claude_code": {"status": "WARN", "current": "2.1.85", "latest": "2.1.87", "behind": 2}, "conviction_backtest": {"status": "FAILED", "age_hours": 34.4, "positions": 23, "missing_scores": []}, "camel_yt_orphans": {"status": "WARN", "pre_fetched_count": 6, "orphaned": ["AmmCHacJaGg", "BgUGDmRBX4M", "j92VqUja0Zs", "aMVFidX_1vs", "o_IDu7m3SNk"]}, "infra_scout": {"status": "WARN", "age_hours": 45.9, "last_run": "2026-03-27T10:00:14.084846+00:00"}, "capability_scanner": {"status": "WARN", "age_hours": 44.9, "last_run": "2026-03-27T11:00:06.088801+00:00"}, "members_transcripts": {"status": "OK", "file_count": 10, "pre_fetched_count": 6}}
[03:54:39]   ⚠ SAME: still C (persistent failures: ['cowork_executor', 'capabilities'])
[03:54:39]   CHRONIC: cowork_executor has failed 3 consecutive assessments
[03:54:39]   CHRONIC: capabilities has failed 3 consecutive assessments
[03:54:39] Learning log updated: /Users/zekezirk/zeke-status/memory/learning-log.jsonl
[03:54:39] === Done ===
[05:54:39] === Bi-Hourly Self-Assessment ===
[05:54:40] Grade: C. OK: prewarm, l1b, l2, queue, feed_quality, noise, price_watcher, new_cron_topics. Failed: cowork_executor, capabilities.
[05:54:40]   prewarm: {"status": "OK", "detail": "[2026-03-26T21:56:14Z] Super loaded: 3 tokens in 69.7s"}
[05:54:40]   l1b: {"dispatched": 15, "ingested": 12, "status": "OK", "quality": "GOOD"}
[05:54:40]   l2: {"status": "OK", "count": 2, "narrating": false, "preview": ""}
[05:54:40]   queue: {"done": 14395, "failed": 0, "pending": 3, "echo_rate": 0.0, "status": "OK"}
[05:54:40]   feed_quality: {"avg_score": 8.5, "junk_pct": 0, "actionable_pct": 90, "total": 100, "status": "OK"}
[05:54:40]   noise: {"noise_entries_6h": 0, "breakdown": {}, "status": "OK"}
[05:54:40]   cowork_executor: {"status": "DEGRADED", "completed_runs": 6, "successes": 0, "failures": 10, "detail": "Ran but 0 successes"}
[05:54:40]   price_watcher: {"status": "OK", "detail": "Last entry: [2026-03-29 05:50 ET] Outside market hours. Exiting.", "is_market_hours": false, "log_path": "/Users/zekezirk/zeke-status/logs/price-watcher.log"}
[05:54:40]   new_cron_topics: {"status": "OK", "active_topics": {"gold-cycle": 6, "oil-tlt": 7, "btc-spx-macro": 7}, "missing_topics": [], "detail": "Active: ['gold-cycle', 'oil-tlt', 'btc-spx-macro'], Missing 24h: []"}
[05:54:40]   capabilities: {"status": "FAILED", "failures": ["conviction-backtest.json is 36.4h old (stale)"], "warnings": ["claude-code v2.1.85 is 2 version(s) behind latest v2.1.87", "Orphaned pre_fetched transcripts (not in processed_ids): ['AmmCHacJaGg', 'BgUGDmRBX4M', 'j92VqUja0Zs', 'aMVFidX_1vs', 'o_IDu7m3SNk']", "infra-scout-state.json: last_run 47.9h ago (>26h)", "capability-scanner-state.json: last_run 46.9h ago (>26h)"], "claude_code": {"status": "WARN", "current": "2.1.85", "latest": "2.1.87", "behind": 2}, "conviction_backtest": {"status": "FAILED", "age_hours": 36.4, "positions": 23, "missing_scores": []}, "camel_yt_orphans": {"status": "WARN", "pre_fetched_count": 6, "orphaned": ["AmmCHacJaGg", "BgUGDmRBX4M", "j92VqUja0Zs", "aMVFidX_1vs", "o_IDu7m3SNk"]}, "infra_scout": {"status": "WARN", "age_hours": 47.9, "last_run": "2026-03-27T10:00:14.084846+00:00"}, "capability_scanner": {"status": "WARN", "age_hours": 46.9, "last_run": "2026-03-27T11:00:06.088801+00:00"}, "members_transcripts": {"status": "OK", "file_count": 10, "pre_fetched_count": 6}}
[05:54:40]   ⚠ SAME: still C (persistent failures: ['cowork_executor', 'capabilities'])
[05:54:40]   CHRONIC: cowork_executor has failed 3 consecutive assessments
[05:54:40]   CHRONIC: capabilities has failed 3 consecutive assessments
[05:54:40] Learning log updated: /Users/zekezirk/zeke-status/memory/learning-log.jsonl
[05:54:40] === Done ===
[07:54:40] === Bi-Hourly Self-Assessment ===
[07:54:40] Grade: C. OK: prewarm, l1b, l2, queue, feed_quality, noise, price_watcher, new_cron_topics. Failed: cowork_executor, capabilities.
[07:54:40]   prewarm: {"status": "OK", "detail": "[2026-03-26T21:56:14Z] Super loaded: 3 tokens in 69.7s"}
[07:54:40]   l1b: {"dispatched": 15, "ingested": 12, "status": "OK", "quality": "GOOD"}
[07:54:40]   l2: {"status": "OK", "count": 2, "narrating": false, "preview": ""}
[07:54:40]   queue: {"done": 14621, "failed": 0, "pending": 1, "echo_rate": 0.0, "status": "OK"}
[07:54:40]   feed_quality: {"avg_score": 8.3, "junk_pct": 0, "actionable_pct": 88, "total": 100, "status": "OK"}
[07:54:40]   noise: {"noise_entries_6h": 0, "breakdown": {}, "status": "OK"}
[07:54:40]   cowork_executor: {"status": "DEGRADED", "completed_runs": 6, "successes": 0, "failures": 10, "detail": "Ran but 0 successes"}
[07:54:40]   price_watcher: {"status": "OK", "detail": "Last entry: [2026-03-29 07:50 ET] Outside market hours. Exiting.", "is_market_hours": false, "log_path": "/Users/zekezirk/zeke-status/logs/price-watcher.log"}
[07:54:40]   new_cron_topics: {"status": "OK", "active_topics": {"btc-spx-macro": 7, "oil-tlt": 7, "gold-cycle": 7}, "missing_topics": [], "detail": "Active: ['btc-spx-macro', 'oil-tlt', 'gold-cycle'], Missing 24h: []"}
[07:54:40]   capabilities: {"status": "FAILED", "failures": ["conviction-backtest.json is 38.4h old (stale)"], "warnings": ["claude-code v2.1.85 is 2 version(s) behind latest v2.1.87", "Orphaned pre_fetched transcripts (not in processed_ids): ['AmmCHacJaGg', 'BgUGDmRBX4M', 'j92VqUja0Zs', 'aMVFidX_1vs', 'o_IDu7m3SNk']", "infra-scout-state.json: last_run 49.9h ago (>26h)", "capability-scanner-state.json: last_run 48.9h ago (>26h)"], "claude_code": {"status": "WARN", "current": "2.1.85", "latest": "2.1.87", "behind": 2}, "conviction_backtest": {"status": "FAILED", "age_hours": 38.4, "positions": 23, "missing_scores": []}, "camel_yt_orphans": {"status": "WARN", "pre_fetched_count": 6, "orphaned": ["AmmCHacJaGg", "BgUGDmRBX4M", "j92VqUja0Zs", "aMVFidX_1vs", "o_IDu7m3SNk"]}, "infra_scout": {"status": "WARN", "age_hours": 49.9, "last_run": "2026-03-27T10:00:14.084846+00:00"}, "capability_scanner": {"status": "WARN", "age_hours": 48.9, "last_run": "2026-03-27T11:00:06.088801+00:00"}, "members_transcripts": {"status": "OK", "file_count": 10, "pre_fetched_count": 6}}
[07:54:40]   ⚠ SAME: still C (persistent failures: ['cowork_executor', 'capabilities'])
[07:54:40]   CHRONIC: cowork_executor has failed 3 consecutive assessments
[07:54:40]   CHRONIC: capabilities has failed 3 consecutive assessments
[07:54:40] Learning log updated: /Users/zekezirk/zeke-status/memory/learning-log.jsonl
[07:54:40] === Done ===
[09:54:41] === Bi-Hourly Self-Assessment ===
[09:54:41] Grade: C. OK: prewarm, l1b, l2, queue, feed_quality, noise, price_watcher, new_cron_topics. Failed: cowork_executor, capabilities.
[09:54:41]   prewarm: {"status": "OK", "detail": "[2026-03-26T21:56:14Z] Super loaded: 3 tokens in 69.7s"}
[09:54:41]   l1b: {"dispatched": 15, "ingested": 12, "status": "OK", "quality": "GOOD"}
[09:54:41]   l2: {"status": "OK", "count": 2, "narrating": false, "preview": ""}
[09:54:41]   queue: {"done": 14832, "failed": 0, "pending": 3, "echo_rate": 0.0, "status": "OK"}
[09:54:41]   feed_quality: {"avg_score": 8.3, "junk_pct": 0, "actionable_pct": 86, "total": 100, "status": "OK"}
[09:54:41]   noise: {"noise_entries_6h": 0, "breakdown": {}, "status": "OK"}
[09:54:41]   cowork_executor: {"status": "DEGRADED", "completed_runs": 6, "successes": 0, "failures": 10, "detail": "Ran but 0 successes"}
[09:54:41]   price_watcher: {"status": "OK", "detail": "Last entry: [2026-03-29 09:50 ET] Outside market hours. Exiting.", "is_market_hours": false, "log_path": "/Users/zekezirk/zeke-status/logs/price-watcher.log"}
[09:54:41]   new_cron_topics: {"status": "OK", "active_topics": {"gold-cycle": 7, "btc-spx-macro": 7, "oil-tlt": 7}, "missing_topics": [], "detail": "Active: ['gold-cycle', 'btc-spx-macro', 'oil-tlt'], Missing 24h: []"}
[09:54:41]   capabilities: {"status": "FAILED", "failures": ["conviction-backtest.json is 40.4h old (stale)"], "warnings": ["claude-code v2.1.85 is 2 version(s) behind latest v2.1.87", "Orphaned pre_fetched transcripts (not in processed_ids): ['AmmCHacJaGg', 'BgUGDmRBX4M', 'j92VqUja0Zs', 'aMVFidX_1vs', 'o_IDu7m3SNk']", "infra-scout-state.json: last_run 51.9h ago (>26h)", "capability-scanner-state.json: last_run 50.9h ago (>26h)"], "claude_code": {"status": "WARN", "current": "2.1.85", "latest": "2.1.87", "behind": 2}, "conviction_backtest": {"status": "FAILED", "age_hours": 40.4, "positions": 23, "missing_scores": []}, "camel_yt_orphans": {"status": "WARN", "pre_fetched_count": 6, "orphaned": ["AmmCHacJaGg", "BgUGDmRBX4M", "j92VqUja0Zs", "aMVFidX_1vs", "o_IDu7m3SNk"]}, "infra_scout": {"status": "WARN", "age_hours": 51.9, "last_run": "2026-03-27T10:00:14.084846+00:00"}, "capability_scanner": {"status": "WARN", "age_hours": 50.9, "last_run": "2026-03-27T11:00:06.088801+00:00"}, "members_transcripts": {"status": "OK", "file_count": 10, "pre_fetched_count": 6}}
[09:54:41]   ⚠ SAME: still C (persistent failures: ['cowork_executor', 'capabilities'])
[09:54:41]   CHRONIC: cowork_executor has failed 3 consecutive assessments
[09:54:41]   CHRONIC: capabilities has failed 3 consecutive assessments
[09:54:41] Learning log updated: /Users/zekezirk/zeke-status/memory/learning-log.jsonl
[09:54:41] === Done ===
[11:54:42] === Bi-Hourly Self-Assessment ===
[11:54:42] Grade: C. OK: prewarm, l1b, l2, queue, feed_quality, noise, price_watcher, new_cron_topics. Failed: cowork_executor, capabilities.
[11:54:42]   prewarm: {"status": "OK", "detail": "[2026-03-26T21:56:14Z] Super loaded: 3 tokens in 69.7s"}
[11:54:42]   l1b: {"dispatched": 15, "ingested": 12, "status": "OK", "quality": "GOOD"}
[11:54:42]   l2: {"status": "OK", "count": 2, "narrating": false, "preview": ""}
[11:54:42]   queue: {"done": 15056, "failed": 0, "pending": 2, "echo_rate": 0.0, "status": "OK"}
[11:54:42]   feed_quality: {"avg_score": 8.5, "junk_pct": 0, "actionable_pct": 89, "total": 100, "status": "OK"}
[11:54:42]   noise: {"noise_entries_6h": 0, "breakdown": {}, "status": "OK"}
[11:54:42]   cowork_executor: {"status": "DEGRADED", "completed_runs": 2, "successes": 0, "failures": 6, "detail": "Ran but 0 successes"}
[11:54:42]   price_watcher: {"status": "OK", "detail": "Last entry: [2026-03-29 11:50 ET] Outside market hours. Exiting.", "is_market_hours": false, "log_path": "/Users/zekezirk/zeke-status/logs/price-watcher.log"}
[11:54:42]   new_cron_topics: {"status": "OK", "active_topics": {"btc-spx-macro": 7, "oil-tlt": 6, "gold-cycle": 6}, "missing_topics": [], "detail": "Active: ['btc-spx-macro', 'oil-tlt', 'gold-cycle'], Missing 24h: []"}
[11:54:42]   capabilities: {"status": "FAILED", "failures": ["conviction-backtest.json is 42.4h old (stale)"], "warnings": ["claude-code v2.1.85 is 2 version(s) behind latest v2.1.87", "Orphaned pre_fetched transcripts (not in processed_ids): ['AmmCHacJaGg', 'BgUGDmRBX4M', 'j92VqUja0Zs', 'aMVFidX_1vs', 'o_IDu7m3SNk']", "infra-scout-state.json: last_run 53.9h ago (>26h)", "capability-scanner-state.json: last_run 52.9h ago (>26h)"], "claude_code": {"status": "WARN", "current": "2.1.85", "latest": "2.1.87", "behind": 2}, "conviction_backtest": {"status": "FAILED", "age_hours": 42.4, "positions": 23, "missing_scores": []}, "camel_yt_orphans": {"status": "WARN", "pre_fetched_count": 6, "orphaned": ["AmmCHacJaGg", "BgUGDmRBX4M", "j92VqUja0Zs", "aMVFidX_1vs", "o_IDu7m3SNk"]}, "infra_scout": {"status": "WARN", "age_hours": 53.9, "last_run": "2026-03-27T10:00:14.084846+00:00"}, "capability_scanner": {"status": "WARN", "age_hours": 52.9, "last_run": "2026-03-27T11:00:06.088801+00:00"}, "members_transcripts": {"status": "OK", "file_count": 10, "pre_fetched_count": 6}}
[11:54:42]   ⚠ SAME: still C (persistent failures: ['cowork_executor', 'capabilities'])
[11:54:42]   CHRONIC: cowork_executor has failed 3 consecutive assessments
[11:54:42]   CHRONIC: capabilities has failed 3 consecutive assessments
[11:54:42] Learning log updated: /Users/zekezirk/zeke-status/memory/learning-log.jsonl
[11:54:42] === Done ===
