[2026-04-19T21:28:36.322604+00:00] [INFO] === ORCHESTRATOR STARTED pid=89993 ===
[2026-04-19T21:28:36.322995+00:00] [INFO] === cycle 3 ===
[2026-04-19T21:28:36.748166+00:00] [INFO]   wrote session briefing (10 capability groups, 0 broken integrations)
[2026-04-19T21:28:36.748301+00:00] [INFO]   cycle 3 done in 0.4s, 0 actions
[2026-04-19T21:28:46.350185+00:00] [INFO] signal 15, exiting cleanly
[2026-04-19T21:28:46.438825+00:00] [INFO] === ORCHESTRATOR STARTED pid=90012 ===
[2026-04-19T21:28:46.439236+00:00] [INFO] === cycle 4 ===
[2026-04-19T21:28:46.880179+00:00] [INFO]   wrote session briefing (10 capability groups, 0 broken integrations)
[2026-04-19T21:28:46.880326+00:00] [INFO]   cycle 4 done in 0.4s, 0 actions
[2026-04-19T21:41:31.209932+00:00] [INFO] signal 15, exiting cleanly
[2026-04-19T21:41:31.300093+00:00] [INFO] === ORCHESTRATOR STARTED pid=90414 ===
[2026-04-19T21:41:31.301125+00:00] [INFO] === cycle 5 ===
[2026-04-19T21:41:31.764166+00:00] [INFO]   wrote session briefing (10 capability groups, 0 broken integrations)
[2026-04-19T21:41:31.764311+00:00] [INFO]   cycle 5 done in 0.5s, 0 actions
[2026-04-19T22:41:31.939587+00:00] [INFO] === cycle 6 ===
[2026-04-19T22:41:32.597771+00:00] [INFO]   wrote session briefing (10 capability groups, 0 broken integrations)
[2026-04-19T22:41:32.597895+00:00] [INFO]   cycle 6 done in 0.7s, 0 actions
[2026-04-19T22:50:46.724345+00:00] [INFO] signal 15, exiting cleanly
[2026-04-19T22:50:46.831185+00:00] [INFO] === ORCHESTRATOR STARTED pid=92924 ===
[2026-04-19T22:50:46.831626+00:00] [INFO] === cycle 7 ===
[2026-04-19T22:50:47.428862+00:00] [INFO]   wrote session briefing (10 capability groups, 0 broken integrations)
[2026-04-19T22:50:47.428996+00:00] [INFO]   cycle 7 done in 0.6s, 0 actions
[2026-04-19T23:30:39.360209+00:00] [INFO] signal 15, exiting cleanly
[2026-04-19T23:30:39.470354+00:00] [INFO] === ORCHESTRATOR STARTED pid=94957 ===
[2026-04-19T23:30:39.470769+00:00] [INFO] === cycle 8 ===
[2026-04-19T23:30:39.999306+00:00] [INFO]   DETECT 3 crashed launchagents
[2026-04-19T23:30:40.000742+00:00] [INFO]   SKIP fix_crashed_launchagents: unknown_action_at_MEDIUM_severity_requires_manual
[2026-04-19T23:30:40.001415+00:00] [ERROR] cycle error: 'usage'
[2026-04-19T23:30:40.001475+00:00] [INFO]   sleeping 900s until next cycle
[2026-04-19T23:31:42.933930+00:00] [INFO] signal 15, exiting cleanly
[2026-04-19T23:31:43.049696+00:00] [INFO] === ORCHESTRATOR STARTED pid=95005 ===
[2026-04-19T23:31:43.050011+00:00] [INFO] === cycle 8 ===
[2026-04-19T23:31:43.536735+00:00] [INFO]   DETECT 3 crashed launchagents
[2026-04-19T23:31:43.537754+00:00] [INFO]   SKIP fix_crashed_launchagents: unknown_action_at_MEDIUM_severity_requires_manual
[2026-04-19T23:31:43.538832+00:00] [INFO]   wrote session briefing (10 capability groups, 0 broken integrations)
[2026-04-19T23:31:43.538956+00:00] [INFO]   cycle 8 done in 0.5s, 0 actions
[2026-04-19T23:31:43.539024+00:00] [INFO]   sleeping 900s until next cycle
[2026-04-19T23:46:43.693743+00:00] [INFO] === cycle 9 ===
[2026-04-19T23:46:44.295630+00:00] [INFO]   DETECT 3 crashed launchagents
[2026-04-19T23:46:44.300124+00:00] [INFO]   QUEUED fix_crashed_launchagents → cowork [orch:fix_crashed_launchagents:c5a226]
[2026-04-19T23:46:44.300866+00:00] [INFO]   DIRECTED: queued=1, consulted=0, skipped=0
[2026-04-19T23:46:44.301981+00:00] [INFO]   wrote session briefing (10 capability groups, 0 broken integrations)
[2026-04-19T23:46:44.302099+00:00] [INFO]   cycle 9 done in 0.6s, 1 actions
[2026-04-19T23:46:44.302182+00:00] [INFO]   sleeping 120s until next cycle
[2026-04-19T23:48:44.453020+00:00] [INFO] === cycle 10 ===
[2026-04-19T23:48:44.983835+00:00] [INFO]   DETECT 3 crashed launchagents
[2026-04-19T23:48:44.986463+00:00] [INFO]   wrote session briefing (10 capability groups, 0 broken integrations)
[2026-04-19T23:48:44.986723+00:00] [INFO]   cycle 10 done in 0.5s, 0 actions
[2026-04-19T23:48:44.986807+00:00] [INFO]   sleeping 900s until next cycle
[2026-04-20T00:01:09.372565+00:00] [INFO] signal 15, exiting cleanly
[2026-04-20T00:01:09.508650+00:00] [INFO] === ORCHESTRATOR STARTED pid=96106 ===
[2026-04-20T00:01:09.509060+00:00] [INFO] === cycle 11 ===
[2026-04-20T00:01:10.081308+00:00] [INFO]   DETECT 3 crashed launchagents
[2026-04-20T00:01:10.085975+00:00] [INFO]   wrote session briefing (10 capability groups, 0 broken integrations)
[2026-04-20T00:01:10.086145+00:00] [INFO]   cycle 11 done in 0.6s, 0 actions
[2026-04-20T00:01:10.086231+00:00] [INFO]   sleeping 900s until next cycle
[2026-04-20T00:16:10.240797+00:00] [INFO] === cycle 12 ===
[2026-04-20T00:16:11.132619+00:00] [INFO]   DETECT 3 crashed launchagents
[2026-04-20T00:16:11.135816+00:00] [INFO]   wrote session briefing (10 capability groups, 0 broken integrations)
[2026-04-20T00:16:11.136070+00:00] [INFO]   cycle 12 done in 0.9s, 0 actions
[2026-04-20T00:16:11.136155+00:00] [INFO]   sleeping 900s until next cycle
[2026-04-20T00:31:11.300569+00:00] [INFO] === cycle 13 ===
[2026-04-20T00:31:11.829776+00:00] [INFO]   DETECT 3 crashed launchagents
[2026-04-20T00:31:11.832454+00:00] [INFO]   wrote session briefing (10 capability groups, 0 broken integrations)
[2026-04-20T00:31:11.832690+00:00] [INFO]   cycle 13 done in 0.5s, 0 actions
[2026-04-20T00:31:11.832765+00:00] [INFO]   sleeping 900s until next cycle
[2026-04-20T00:46:11.989244+00:00] [INFO] === cycle 14 ===
[2026-04-20T00:46:12.813285+00:00] [INFO]   DETECT 3 crashed launchagents
[2026-04-20T00:46:12.816309+00:00] [INFO]   wrote session briefing (10 capability groups, 0 broken integrations)
[2026-04-20T00:46:12.816424+00:00] [INFO]   cycle 14 done in 0.8s, 0 actions
[2026-04-20T00:46:12.816506+00:00] [INFO]   sleeping 900s until next cycle
[2026-04-20T01:01:12.973896+00:00] [INFO] === cycle 15 ===
[2026-04-20T01:01:13.550301+00:00] [INFO]   DETECT 3 crashed launchagents
[2026-04-20T01:01:13.553775+00:00] [INFO]   wrote session briefing (10 capability groups, 0 broken integrations)
[2026-04-20T01:01:13.553912+00:00] [INFO]   cycle 15 done in 0.6s, 0 actions
[2026-04-20T01:01:13.553993+00:00] [INFO]   sleeping 900s until next cycle
[2026-04-20T01:16:13.710733+00:00] [INFO] === cycle 16 ===
[2026-04-20T01:16:14.226819+00:00] [INFO]   DETECT 3 crashed launchagents
[2026-04-20T01:16:14.229599+00:00] [INFO]   wrote session briefing (10 capability groups, 0 broken integrations)
[2026-04-20T01:16:14.229715+00:00] [INFO]   cycle 16 done in 0.5s, 0 actions
[2026-04-20T01:16:14.229788+00:00] [INFO]   sleeping 900s until next cycle
[2026-04-20T01:31:14.388399+00:00] [INFO] === cycle 17 ===
[2026-04-20T01:31:14.390274+00:00] [INFO]   refreshing capability manifest
[2026-04-20T01:31:16.026546+00:00] [INFO]   DETECT 3 crashed launchagents
[2026-04-20T01:31:16.030234+00:00] [INFO]   wrote session briefing (10 capability groups, 0 broken integrations)
[2026-04-20T01:31:16.030407+00:00] [INFO]   cycle 17 done in 1.6s, 0 actions
[2026-04-20T01:31:16.030513+00:00] [INFO]   sleeping 900s until next cycle
[2026-04-20T01:46:16.187916+00:00] [INFO] === cycle 18 ===
[2026-04-20T01:46:16.721361+00:00] [INFO]   DETECT 3 crashed launchagents
[2026-04-20T01:46:16.724114+00:00] [INFO]   wrote session briefing (10 capability groups, 0 broken integrations)
[2026-04-20T01:46:16.724242+00:00] [INFO]   cycle 18 done in 0.5s, 0 actions
[2026-04-20T01:46:16.724325+00:00] [INFO]   sleeping 900s until next cycle
[2026-04-20T02:01:16.881451+00:00] [INFO] === cycle 19 ===
[2026-04-20T02:01:17.456009+00:00] [INFO]   DETECT 3 crashed launchagents
[2026-04-20T02:01:17.459524+00:00] [INFO]   wrote session briefing (10 capability groups, 0 broken integrations)
[2026-04-20T02:01:17.459690+00:00] [INFO]   cycle 19 done in 0.6s, 0 actions
[2026-04-20T02:01:17.459792+00:00] [INFO]   sleeping 900s until next cycle
[2026-04-20T02:16:17.615951+00:00] [INFO] === cycle 20 ===
[2026-04-20T02:16:18.201256+00:00] [INFO]   DETECT 3 crashed launchagents
[2026-04-20T02:16:18.204071+00:00] [INFO]   wrote session briefing (10 capability groups, 0 broken integrations)
[2026-04-20T02:16:18.204194+00:00] [INFO]   cycle 20 done in 0.6s, 0 actions
[2026-04-20T02:16:18.204284+00:00] [INFO]   sleeping 900s until next cycle
[2026-04-20T02:31:18.361253+00:00] [INFO] === cycle 21 ===
[2026-04-20T02:31:18.855394+00:00] [INFO]   DETECT 3 crashed launchagents
[2026-04-20T02:31:18.857824+00:00] [INFO]   wrote session briefing (10 capability groups, 0 broken integrations)
[2026-04-20T02:31:18.858036+00:00] [INFO]   cycle 21 done in 0.5s, 0 actions
[2026-04-20T02:31:18.858110+00:00] [INFO]   sleeping 900s until next cycle
[2026-04-20T02:46:18.934384+00:00] [INFO] === cycle 22 ===
[2026-04-20T02:46:19.476644+00:00] [INFO]   DETECT 3 crashed launchagents
[2026-04-20T02:46:19.479290+00:00] [INFO]   wrote session briefing (10 capability groups, 0 broken integrations)
[2026-04-20T02:46:19.479410+00:00] [INFO]   cycle 22 done in 0.5s, 0 actions
[2026-04-20T02:46:19.479490+00:00] [INFO]   sleeping 900s until next cycle
[2026-04-20T03:01:19.636213+00:00] [INFO] === cycle 23 ===
[2026-04-20T03:01:20.184103+00:00] [INFO]   DETECT 3 crashed launchagents
[2026-04-20T03:01:20.187011+00:00] [INFO]   wrote session briefing (10 capability groups, 0 broken integrations)
[2026-04-20T03:01:20.187140+00:00] [INFO]   cycle 23 done in 0.6s, 0 actions
[2026-04-20T03:01:20.187226+00:00] [INFO]   sleeping 900s until next cycle
[2026-04-20T03:16:20.342910+00:00] [INFO] === cycle 24 ===
[2026-04-20T03:16:21.052542+00:00] [INFO]   DETECT 3 crashed launchagents
[2026-04-20T03:16:21.055178+00:00] [INFO]   wrote session briefing (10 capability groups, 0 broken integrations)
[2026-04-20T03:16:21.055440+00:00] [INFO]   cycle 24 done in 0.7s, 0 actions
[2026-04-20T03:16:21.055514+00:00] [INFO]   sleeping 900s until next cycle
[2026-04-20T03:31:21.211936+00:00] [INFO] === cycle 25 ===
[2026-04-20T03:31:21.738222+00:00] [INFO]   DETECT 2 crashed launchagents
[2026-04-20T03:31:21.739335+00:00] [INFO]   LEARNED from 1 completed tasks (tracking 5 action types)
[2026-04-20T03:31:21.741972+00:00] [INFO]   QUEUED fix_crashed_launchagents → cowork [orch:fix_crashed_launchagents:280ca2]
[2026-04-20T03:31:21.742201+00:00] [INFO]   DIRECTED: queued=1, consulted=0, skipped=0
[2026-04-20T03:31:21.742936+00:00] [INFO]   wrote session briefing (10 capability groups, 0 broken integrations)
[2026-04-20T03:31:21.743140+00:00] [INFO]   cycle 25 done in 0.5s, 1 actions
[2026-04-20T03:31:21.743209+00:00] [INFO]   sleeping 120s until next cycle
[2026-04-20T03:33:21.744156+00:00] [INFO] === cycle 26 ===
[2026-04-20T03:33:22.254145+00:00] [INFO]   DETECT 2 crashed launchagents
[2026-04-20T03:33:22.256821+00:00] [INFO]   wrote session briefing (10 capability groups, 0 broken integrations)
[2026-04-20T03:33:22.256956+00:00] [INFO]   cycle 26 done in 0.5s, 0 actions
[2026-04-20T03:33:22.257039+00:00] [INFO]   sleeping 900s until next cycle
[2026-04-20T03:48:22.413477+00:00] [INFO] === cycle 27 ===
[2026-04-20T03:48:22.953500+00:00] [INFO]   DETECT 2 crashed launchagents
[2026-04-20T03:48:22.956377+00:00] [INFO]   wrote session briefing (10 capability groups, 0 broken integrations)
[2026-04-20T03:48:22.956514+00:00] [INFO]   cycle 27 done in 0.5s, 0 actions
[2026-04-20T03:48:22.956604+00:00] [INFO]   sleeping 900s until next cycle
[2026-04-20T04:03:23.071359+00:00] [INFO] === cycle 28 ===
[2026-04-20T04:03:23.631120+00:00] [INFO]   DETECT 2 crashed launchagents
[2026-04-20T04:03:23.633745+00:00] [INFO]   wrote session briefing (10 capability groups, 0 broken integrations)
[2026-04-20T04:03:23.633862+00:00] [INFO]   cycle 28 done in 0.6s, 0 actions
[2026-04-20T04:03:23.633941+00:00] [INFO]   sleeping 900s until next cycle
[2026-04-20T04:18:23.789761+00:00] [INFO] === cycle 29 ===
[2026-04-20T04:18:24.315280+00:00] [INFO]   DETECT 2 crashed launchagents
[2026-04-20T04:18:24.317907+00:00] [INFO]   wrote session briefing (10 capability groups, 0 broken integrations)
[2026-04-20T04:18:24.318041+00:00] [INFO]   cycle 29 done in 0.5s, 0 actions
[2026-04-20T04:18:24.318122+00:00] [INFO]   sleeping 900s until next cycle
[2026-04-20T04:33:24.475945+00:00] [INFO] === cycle 30 ===
[2026-04-20T04:33:25.013479+00:00] [INFO]   DETECT 2 crashed launchagents
[2026-04-20T04:33:25.016204+00:00] [INFO]   wrote session briefing (10 capability groups, 0 broken integrations)
[2026-04-20T04:33:25.016349+00:00] [INFO]   cycle 30 done in 0.5s, 0 actions
[2026-04-20T04:33:25.016431+00:00] [INFO]   sleeping 900s until next cycle
[2026-04-20T04:48:25.173843+00:00] [INFO] === cycle 31 ===
[2026-04-20T04:48:25.700179+00:00] [INFO]   DETECT 2 crashed launchagents
[2026-04-20T04:48:25.702938+00:00] [INFO]   wrote session briefing (10 capability groups, 0 broken integrations)
[2026-04-20T04:48:25.703081+00:00] [INFO]   cycle 31 done in 0.5s, 0 actions
[2026-04-20T04:48:25.703163+00:00] [INFO]   sleeping 900s until next cycle
[2026-04-20T05:03:25.859888+00:00] [INFO] === cycle 32 ===
[2026-04-20T05:03:26.378066+00:00] [INFO]   DETECT 2 crashed launchagents
[2026-04-20T05:03:26.380725+00:00] [INFO]   wrote session briefing (10 capability groups, 0 broken integrations)
[2026-04-20T05:03:26.380861+00:00] [INFO]   cycle 32 done in 0.5s, 0 actions
[2026-04-20T05:03:26.380940+00:00] [INFO]   sleeping 900s until next cycle
[2026-04-20T05:18:26.538718+00:00] [INFO] === cycle 33 ===
[2026-04-20T05:18:27.336308+00:00] [INFO]   DETECT 2 crashed launchagents
[2026-04-20T05:18:27.338828+00:00] [INFO]   wrote session briefing (10 capability groups, 0 broken integrations)
[2026-04-20T05:18:27.339047+00:00] [INFO]   cycle 33 done in 0.8s, 0 actions
[2026-04-20T05:18:27.339128+00:00] [INFO]   sleeping 900s until next cycle
[2026-04-20T05:33:27.496149+00:00] [INFO] === cycle 34 ===
[2026-04-20T05:33:27.499348+00:00] [INFO]   refreshing capability manifest
[2026-04-20T05:33:29.214768+00:00] [INFO]   DETECT 2 crashed launchagents
[2026-04-20T05:33:29.216575+00:00] [INFO]   LEARNED from 1 completed tasks (tracking 5 action types)
[2026-04-20T05:33:29.219722+00:00] [INFO]   QUEUED fix_crashed_launchagents → cowork [orch:fix_crashed_launchagents:88e31b]
[2026-04-20T05:33:29.220339+00:00] [INFO]   DIRECTED: queued=1, consulted=0, skipped=0
[2026-04-20T05:33:29.221399+00:00] [INFO]   wrote session briefing (10 capability groups, 0 broken integrations)
[2026-04-20T05:33:29.221531+00:00] [INFO]   cycle 34 done in 1.7s, 1 actions
[2026-04-20T05:33:29.221627+00:00] [INFO]   sleeping 120s until next cycle
[2026-04-20T05:35:29.372696+00:00] [INFO] === cycle 35 ===
[2026-04-20T05:35:29.912056+00:00] [INFO]   DETECT 2 crashed launchagents
[2026-04-20T05:35:29.914978+00:00] [INFO]   wrote session briefing (10 capability groups, 0 broken integrations)
[2026-04-20T05:35:29.915135+00:00] [INFO]   cycle 35 done in 0.5s, 0 actions
[2026-04-20T05:35:29.915235+00:00] [INFO]   sleeping 900s until next cycle
[2026-04-20T05:50:30.071758+00:00] [INFO] === cycle 36 ===
[2026-04-20T05:50:30.648216+00:00] [INFO]   DETECT 2 crashed launchagents
[2026-04-20T05:50:30.651410+00:00] [INFO]   wrote session briefing (10 capability groups, 0 broken integrations)
[2026-04-20T05:50:30.651548+00:00] [INFO]   cycle 36 done in 0.6s, 0 actions
[2026-04-20T05:50:30.651642+00:00] [INFO]   sleeping 900s until next cycle
[2026-04-20T06:05:30.808426+00:00] [INFO] === cycle 37 ===
[2026-04-20T06:05:31.382014+00:00] [INFO]   DETECT 2 crashed launchagents
[2026-04-20T06:05:31.385046+00:00] [INFO]   wrote session briefing (10 capability groups, 0 broken integrations)
[2026-04-20T06:05:31.385279+00:00] [INFO]   cycle 37 done in 0.6s, 0 actions
[2026-04-20T06:05:31.385361+00:00] [INFO]   sleeping 900s until next cycle
[2026-04-20T06:20:31.542227+00:00] [INFO] === cycle 38 ===
[2026-04-20T06:20:32.102353+00:00] [INFO]   DETECT 2 crashed launchagents
[2026-04-20T06:20:32.105316+00:00] [INFO]   wrote session briefing (10 capability groups, 0 broken integrations)
[2026-04-20T06:20:32.105451+00:00] [INFO]   cycle 38 done in 0.6s, 0 actions
[2026-04-20T06:20:32.105532+00:00] [INFO]   sleeping 900s until next cycle
[2026-04-20T06:35:32.262253+00:00] [INFO] === cycle 39 ===
[2026-04-20T06:35:32.847279+00:00] [INFO]   DETECT 2 crashed launchagents
[2026-04-20T06:35:32.850403+00:00] [INFO]   wrote session briefing (10 capability groups, 0 broken integrations)
[2026-04-20T06:35:32.850666+00:00] [INFO]   cycle 39 done in 0.6s, 0 actions
[2026-04-20T06:35:32.850747+00:00] [INFO]   sleeping 900s until next cycle
[2026-04-20T06:50:33.006967+00:00] [INFO] === cycle 40 ===
[2026-04-20T06:50:33.576252+00:00] [INFO]   DETECT 2 crashed launchagents
[2026-04-20T06:50:33.579416+00:00] [INFO]   wrote session briefing (10 capability groups, 0 broken integrations)
[2026-04-20T06:50:33.579549+00:00] [INFO]   cycle 40 done in 0.6s, 0 actions
[2026-04-20T06:50:33.579631+00:00] [INFO]   sleeping 900s until next cycle
[2026-04-20T07:05:33.615597+00:00] [INFO] === cycle 41 ===
[2026-04-20T07:05:34.323632+00:00] [INFO]   DETECT 2 crashed launchagents
[2026-04-20T07:05:34.326503+00:00] [INFO]   wrote session briefing (10 capability groups, 0 broken integrations)
[2026-04-20T07:05:34.326738+00:00] [INFO]   cycle 41 done in 0.7s, 0 actions
[2026-04-20T07:05:34.326817+00:00] [INFO]   sleeping 900s until next cycle
[2026-04-20T07:20:34.483546+00:00] [INFO] === cycle 42 ===
[2026-04-20T07:20:35.228692+00:00] [INFO]   DETECT 2 crashed launchagents
[2026-04-20T07:20:35.230184+00:00] [INFO]   LEARNED from 1 completed tasks (tracking 5 action types)
[2026-04-20T07:20:35.233110+00:00] [INFO]   QUEUED fix_crashed_launchagents → cowork [orch:fix_crashed_launchagents:cf77b5]
[2026-04-20T07:20:35.233378+00:00] [INFO]   DIRECTED: queued=1, consulted=0, skipped=0
[2026-04-20T07:20:35.234106+00:00] [INFO]   wrote session briefing (10 capability groups, 0 broken integrations)
[2026-04-20T07:20:35.234448+00:00] [INFO]   cycle 42 done in 0.8s, 1 actions
[2026-04-20T07:20:35.234519+00:00] [INFO]   sleeping 120s until next cycle
[2026-04-20T07:22:35.357541+00:00] [INFO] === cycle 43 ===
[2026-04-20T07:22:35.869341+00:00] [INFO]   DETECT 2 crashed launchagents
[2026-04-20T07:22:35.871955+00:00] [INFO]   wrote session briefing (10 capability groups, 0 broken integrations)
[2026-04-20T07:22:35.872086+00:00] [INFO]   cycle 43 done in 0.5s, 0 actions
[2026-04-20T07:22:35.872169+00:00] [INFO]   sleeping 900s until next cycle
[2026-04-20T07:37:36.025041+00:00] [INFO] === cycle 44 ===
[2026-04-20T07:37:36.596003+00:00] [INFO]   DETECT 2 crashed launchagents
[2026-04-20T07:37:36.599058+00:00] [INFO]   wrote session briefing (10 capability groups, 0 broken integrations)
[2026-04-20T07:37:36.599184+00:00] [INFO]   cycle 44 done in 0.6s, 0 actions
[2026-04-20T07:37:36.599265+00:00] [INFO]   sleeping 900s until next cycle
[2026-04-20T07:52:36.754953+00:00] [INFO] === cycle 45 ===
[2026-04-20T07:52:37.322147+00:00] [INFO]   DETECT 2 crashed launchagents
[2026-04-20T07:52:37.325224+00:00] [INFO]   wrote session briefing (10 capability groups, 0 broken integrations)
[2026-04-20T07:52:37.325359+00:00] [INFO]   cycle 45 done in 0.6s, 0 actions
[2026-04-20T07:52:37.325436+00:00] [INFO]   sleeping 900s until next cycle
[2026-04-20T08:07:37.485022+00:00] [INFO] === cycle 46 ===
[2026-04-20T08:07:38.056070+00:00] [INFO]   DETECT 2 crashed launchagents
[2026-04-20T08:07:38.059083+00:00] [INFO]   wrote session briefing (10 capability groups, 0 broken integrations)
[2026-04-20T08:07:38.059332+00:00] [INFO]   cycle 46 done in 0.6s, 0 actions
[2026-04-20T08:07:38.059414+00:00] [INFO]   sleeping 900s until next cycle
[2026-04-20T08:22:38.215994+00:00] [INFO] === cycle 47 ===
[2026-04-20T08:22:38.787315+00:00] [INFO]   DETECT 2 crashed launchagents
[2026-04-20T08:22:38.790245+00:00] [INFO]   wrote session briefing (10 capability groups, 0 broken integrations)
[2026-04-20T08:22:38.790378+00:00] [INFO]   cycle 47 done in 0.6s, 0 actions
[2026-04-20T08:22:38.790460+00:00] [INFO]   sleeping 900s until next cycle
[2026-04-20T08:37:38.947561+00:00] [INFO] === cycle 48 ===
[2026-04-20T08:37:39.483224+00:00] [INFO]   DETECT 2 crashed launchagents
[2026-04-20T08:37:39.486056+00:00] [INFO]   wrote session briefing (10 capability groups, 0 broken integrations)
[2026-04-20T08:37:39.486199+00:00] [INFO]   cycle 48 done in 0.5s, 0 actions
[2026-04-20T08:37:39.486288+00:00] [INFO]   sleeping 900s until next cycle
[2026-04-20T08:52:39.563063+00:00] [INFO] === cycle 49 ===
[2026-04-20T08:52:40.407678+00:00] [INFO]   DETECT 2 crashed launchagents
[2026-04-20T08:52:40.410390+00:00] [INFO]   wrote session briefing (10 capability groups, 0 broken integrations)
[2026-04-20T08:52:40.410619+00:00] [INFO]   cycle 49 done in 0.8s, 0 actions
[2026-04-20T08:52:40.410695+00:00] [INFO]   sleeping 900s until next cycle
[2026-04-20T09:07:40.566909+00:00] [INFO] === cycle 50 ===
[2026-04-20T09:07:41.249644+00:00] [INFO]   DETECT 2 crashed launchagents
[2026-04-20T09:07:41.252757+00:00] [INFO]   wrote session briefing (10 capability groups, 0 broken integrations)
[2026-04-20T09:07:41.252888+00:00] [INFO]   cycle 50 done in 0.7s, 0 actions
[2026-04-20T09:07:41.252976+00:00] [INFO]   sleeping 900s until next cycle
[2026-04-20T09:22:41.410733+00:00] [INFO] === cycle 51 ===
[2026-04-20T09:22:42.143825+00:00] [INFO]   DETECT 2 crashed launchagents
[2026-04-20T09:22:42.145143+00:00] [INFO]   LEARNED from 1 completed tasks (tracking 5 action types)
[2026-04-20T09:22:42.147584+00:00] [INFO]   QUEUED fix_crashed_launchagents → cowork [orch:fix_crashed_launchagents:175108]
[2026-04-20T09:22:42.148186+00:00] [INFO]   DIRECTED: queued=1, consulted=0, skipped=0
[2026-04-20T09:22:42.148996+00:00] [INFO]   wrote session briefing (10 capability groups, 0 broken integrations)
[2026-04-20T09:22:42.149113+00:00] [INFO]   cycle 51 done in 0.7s, 1 actions
[2026-04-20T09:22:42.149194+00:00] [INFO]   sleeping 120s until next cycle
[2026-04-20T09:24:42.300229+00:00] [INFO] === cycle 52 ===
[2026-04-20T09:24:42.839528+00:00] [INFO]   DETECT 2 crashed launchagents
[2026-04-20T09:24:42.842528+00:00] [INFO]   wrote session briefing (10 capability groups, 0 broken integrations)
[2026-04-20T09:24:42.842671+00:00] [INFO]   cycle 52 done in 0.5s, 0 actions
[2026-04-20T09:24:42.842763+00:00] [INFO]   sleeping 900s until next cycle
[2026-04-20T09:39:42.999453+00:00] [INFO] === cycle 53 ===
[2026-04-20T09:39:43.001292+00:00] [INFO]   refreshing capability manifest
[2026-04-20T09:39:44.696029+00:00] [INFO]   DETECT 2 crashed launchagents
[2026-04-20T09:39:44.698823+00:00] [INFO]   wrote session briefing (10 capability groups, 0 broken integrations)
[2026-04-20T09:39:44.698968+00:00] [INFO]   cycle 53 done in 1.7s, 0 actions
[2026-04-20T09:39:44.699052+00:00] [INFO]   sleeping 900s until next cycle
[2026-04-20T09:54:44.855051+00:00] [INFO] === cycle 54 ===
[2026-04-20T09:54:45.568897+00:00] [INFO]   DETECT 2 crashed launchagents
[2026-04-20T09:54:45.571659+00:00] [INFO]   wrote session briefing (10 capability groups, 0 broken integrations)
[2026-04-20T09:54:45.571808+00:00] [INFO]   cycle 54 done in 0.7s, 0 actions
[2026-04-20T09:54:45.571888+00:00] [INFO]   sleeping 900s until next cycle
[2026-04-20T10:09:45.728411+00:00] [INFO] === cycle 55 ===
[2026-04-20T10:09:46.441554+00:00] [INFO]   DETECT 2 crashed launchagents
[2026-04-20T10:09:46.444512+00:00] [INFO]   wrote session briefing (10 capability groups, 0 broken integrations)
[2026-04-20T10:09:46.444656+00:00] [INFO]   cycle 55 done in 0.7s, 0 actions
[2026-04-20T10:09:46.444747+00:00] [INFO]   sleeping 900s until next cycle
[2026-04-20T10:24:46.519888+00:00] [INFO] === cycle 56 ===
[2026-04-20T10:24:47.237823+00:00] [INFO]   DETECT 2 crashed launchagents
[2026-04-20T10:24:47.240567+00:00] [INFO]   wrote session briefing (10 capability groups, 0 broken integrations)
[2026-04-20T10:24:47.240702+00:00] [INFO]   cycle 56 done in 0.7s, 0 actions
[2026-04-20T10:24:47.240788+00:00] [INFO]   sleeping 900s until next cycle
[2026-04-20T10:39:47.397911+00:00] [INFO] === cycle 57 ===
[2026-04-20T10:39:48.120374+00:00] [INFO]   DETECT 2 crashed launchagents
[2026-04-20T10:39:48.123186+00:00] [INFO]   wrote session briefing (10 capability groups, 0 broken integrations)
[2026-04-20T10:39:48.123302+00:00] [INFO]   cycle 57 done in 0.7s, 0 actions
[2026-04-20T10:39:48.123386+00:00] [INFO]   sleeping 900s until next cycle
[2026-04-20T10:54:48.155728+00:00] [INFO] === cycle 58 ===
[2026-04-20T10:54:49.481385+00:00] [INFO]   DETECT 2 crashed launchagents
[2026-04-20T10:54:49.487210+00:00] [INFO]   wrote session briefing (10 capability groups, 0 broken integrations)
[2026-04-20T10:54:49.487464+00:00] [INFO]   cycle 58 done in 1.3s, 0 actions
[2026-04-20T10:54:49.487564+00:00] [INFO]   sleeping 900s until next cycle
[2026-04-20T11:09:49.644177+00:00] [INFO] === cycle 59 ===
[2026-04-20T11:09:50.451216+00:00] [INFO]   DETECT 2 crashed launchagents
[2026-04-20T11:09:50.454449+00:00] [INFO]   wrote session briefing (10 capability groups, 0 broken integrations)
[2026-04-20T11:09:50.454565+00:00] [INFO]   cycle 59 done in 0.8s, 0 actions
[2026-04-20T11:09:50.454649+00:00] [INFO]   sleeping 900s until next cycle
[2026-04-20T11:24:50.611410+00:00] [INFO] === cycle 60 ===
[2026-04-20T11:24:51.304043+00:00] [INFO]   DETECT 2 crashed launchagents
[2026-04-20T11:24:51.307060+00:00] [INFO]   wrote session briefing (10 capability groups, 0 broken integrations)
[2026-04-20T11:24:51.307190+00:00] [INFO]   cycle 60 done in 0.7s, 0 actions
[2026-04-20T11:24:51.307272+00:00] [INFO]   sleeping 900s until next cycle
[2026-04-20T11:39:51.463725+00:00] [INFO] === cycle 61 ===
[2026-04-20T11:39:52.258109+00:00] [INFO]   DETECT 2 crashed launchagents
[2026-04-20T11:39:52.259482+00:00] [INFO]   LEARNED from 1 completed tasks (tracking 5 action types)
[2026-04-20T11:39:52.262219+00:00] [INFO]   QUEUED fix_crashed_launchagents → cowork [orch:fix_crashed_launchagents:6508a4]
[2026-04-20T11:39:52.262672+00:00] [INFO]   DIRECTED: queued=1, consulted=0, skipped=0
[2026-04-20T11:39:52.263460+00:00] [INFO]   wrote session briefing (10 capability groups, 0 broken integrations)
[2026-04-20T11:39:52.263570+00:00] [INFO]   cycle 61 done in 0.8s, 1 actions
[2026-04-20T11:39:52.263653+00:00] [INFO]   sleeping 120s until next cycle
[2026-04-20T11:41:52.414640+00:00] [INFO] === cycle 62 ===
[2026-04-20T11:41:52.934223+00:00] [INFO]   DETECT 2 crashed launchagents
[2026-04-20T11:41:52.936838+00:00] [INFO]   wrote session briefing (10 capability groups, 0 broken integrations)
[2026-04-20T11:41:52.936957+00:00] [INFO]   cycle 62 done in 0.5s, 0 actions
[2026-04-20T11:41:52.937035+00:00] [INFO]   sleeping 900s until next cycle
[2026-04-20T11:56:53.093501+00:00] [INFO] === cycle 63 ===
[2026-04-20T11:56:53.654620+00:00] [INFO]   DETECT 2 crashed launchagents
[2026-04-20T11:56:53.657381+00:00] [INFO]   wrote session briefing (10 capability groups, 0 broken integrations)
[2026-04-20T11:56:53.657501+00:00] [INFO]   cycle 63 done in 0.6s, 0 actions
[2026-04-20T11:56:53.657593+00:00] [INFO]   sleeping 900s until next cycle
[2026-04-20T12:11:53.815504+00:00] [INFO] === cycle 64 ===
[2026-04-20T12:11:54.361605+00:00] [INFO]   DETECT 2 crashed launchagents
[2026-04-20T12:11:54.364346+00:00] [INFO]   wrote session briefing (10 capability groups, 0 broken integrations)
[2026-04-20T12:11:54.364465+00:00] [INFO]   cycle 64 done in 0.5s, 0 actions
[2026-04-20T12:11:54.364547+00:00] [INFO]   sleeping 900s until next cycle
[2026-04-20T12:26:54.521362+00:00] [INFO] === cycle 65 ===
[2026-04-20T12:26:55.077209+00:00] [INFO]   DETECT 2 crashed launchagents
[2026-04-20T12:26:55.079937+00:00] [INFO]   wrote session briefing (10 capability groups, 0 broken integrations)
[2026-04-20T12:26:55.080053+00:00] [INFO]   cycle 65 done in 0.6s, 0 actions
[2026-04-20T12:26:55.080134+00:00] [INFO]   sleeping 900s until next cycle
[2026-04-20T12:41:55.235809+00:00] [INFO] === cycle 66 ===
[2026-04-20T12:41:55.799241+00:00] [INFO]   DETECT 2 crashed launchagents
[2026-04-20T12:41:55.802199+00:00] [INFO]   wrote session briefing (10 capability groups, 0 broken integrations)
[2026-04-20T12:41:55.802345+00:00] [INFO]   cycle 66 done in 0.6s, 0 actions
[2026-04-20T12:41:55.802441+00:00] [INFO]   sleeping 900s until next cycle
[2026-04-20T12:56:55.958952+00:00] [INFO] === cycle 67 ===
[2026-04-20T12:56:56.522775+00:00] [INFO]   DETECT 2 crashed launchagents
[2026-04-20T12:56:56.525648+00:00] [INFO]   wrote session briefing (10 capability groups, 0 broken integrations)
[2026-04-20T12:56:56.525788+00:00] [INFO]   cycle 67 done in 0.6s, 0 actions
[2026-04-20T12:56:56.525878+00:00] [INFO]   sleeping 900s until next cycle
[2026-04-20T13:11:56.681852+00:00] [INFO] === cycle 68 ===
[2026-04-20T13:11:57.213393+00:00] [INFO]   DETECT 2 crashed launchagents
[2026-04-20T13:11:57.216014+00:00] [INFO]   wrote session briefing (10 capability groups, 0 broken integrations)
[2026-04-20T13:11:57.216134+00:00] [INFO]   cycle 68 done in 0.5s, 0 actions
[2026-04-20T13:11:57.216217+00:00] [INFO]   sleeping 900s until next cycle
[2026-04-20T13:26:57.372537+00:00] [INFO] === cycle 69 ===
[2026-04-20T13:26:57.931593+00:00] [INFO]   DETECT 2 crashed launchagents
[2026-04-20T13:26:57.934402+00:00] [INFO]   wrote session briefing (10 capability groups, 0 broken integrations)
[2026-04-20T13:26:57.934529+00:00] [INFO]   cycle 69 done in 0.6s, 0 actions
[2026-04-20T13:26:57.934618+00:00] [INFO]   sleeping 900s until next cycle
[2026-04-20T13:41:58.087978+00:00] [INFO] === cycle 70 ===
[2026-04-20T13:41:58.090810+00:00] [INFO]   refreshing capability manifest
[2026-04-20T13:41:59.748834+00:00] [INFO]   DETECT 2 crashed launchagents
[2026-04-20T13:41:59.750511+00:00] [INFO]   LEARNED from 1 completed tasks (tracking 5 action types)
[2026-04-20T13:41:59.752977+00:00] [INFO]   QUEUED fix_crashed_launchagents → cowork [orch:fix_crashed_launchagents:fdcc3a]
[2026-04-20T13:41:59.753450+00:00] [INFO]   DIRECTED: queued=1, consulted=0, skipped=0
[2026-04-20T13:41:59.754210+00:00] [INFO]   wrote session briefing (10 capability groups, 0 broken integrations)
[2026-04-20T13:41:59.754430+00:00] [INFO]   cycle 70 done in 1.7s, 1 actions
[2026-04-20T13:41:59.754518+00:00] [INFO]   sleeping 120s until next cycle
[2026-04-20T13:43:59.905403+00:00] [INFO] === cycle 71 ===
[2026-04-20T13:44:00.457855+00:00] [INFO]   DETECT 2 crashed launchagents
[2026-04-20T13:44:00.460702+00:00] [INFO]   wrote session briefing (10 capability groups, 0 broken integrations)
[2026-04-20T13:44:00.460927+00:00] [INFO]   cycle 71 done in 0.6s, 0 actions
[2026-04-20T13:44:00.461009+00:00] [INFO]   sleeping 900s until next cycle
[2026-04-20T13:59:00.619458+00:00] [INFO] === cycle 72 ===
[2026-04-20T13:59:01.388839+00:00] [INFO]   DETECT 2 crashed launchagents
[2026-04-20T13:59:01.391880+00:00] [INFO]   wrote session briefing (10 capability groups, 0 broken integrations)
[2026-04-20T13:59:01.392024+00:00] [INFO]   cycle 72 done in 0.8s, 0 actions
[2026-04-20T13:59:01.392118+00:00] [INFO]   sleeping 900s until next cycle
[2026-04-20T14:14:01.548360+00:00] [INFO] === cycle 73 ===
[2026-04-20T14:14:02.247428+00:00] [INFO]   DETECT 2 crashed launchagents
[2026-04-20T14:14:02.250268+00:00] [INFO]   wrote session briefing (10 capability groups, 0 broken integrations)
[2026-04-20T14:14:02.250385+00:00] [INFO]   cycle 73 done in 0.7s, 0 actions
[2026-04-20T14:14:02.250463+00:00] [INFO]   sleeping 900s until next cycle
[2026-04-20T14:29:02.408699+00:00] [INFO] === cycle 74 ===
[2026-04-20T14:29:03.107239+00:00] [INFO]   DETECT 2 crashed launchagents
[2026-04-20T14:29:03.110089+00:00] [INFO]   wrote session briefing (10 capability groups, 0 broken integrations)
[2026-04-20T14:29:03.110218+00:00] [INFO]   cycle 74 done in 0.7s, 0 actions
[2026-04-20T14:29:03.110302+00:00] [INFO]   sleeping 900s until next cycle
[2026-04-20T14:44:03.266971+00:00] [INFO] === cycle 75 ===
[2026-04-20T14:44:03.946756+00:00] [INFO]   DETECT 2 crashed launchagents
[2026-04-20T14:44:03.949993+00:00] [INFO]   wrote session briefing (10 capability groups, 0 broken integrations)
[2026-04-20T14:44:03.950135+00:00] [INFO]   cycle 75 done in 0.7s, 0 actions
[2026-04-20T14:44:03.950228+00:00] [INFO]   sleeping 900s until next cycle
[2026-04-20T14:59:04.106396+00:00] [INFO] === cycle 76 ===
[2026-04-20T14:59:04.831307+00:00] [INFO]   DETECT 2 crashed launchagents
[2026-04-20T14:59:04.834250+00:00] [INFO]   wrote session briefing (10 capability groups, 0 broken integrations)
[2026-04-20T14:59:04.834374+00:00] [INFO]   cycle 76 done in 0.7s, 0 actions
[2026-04-20T14:59:04.834449+00:00] [INFO]   sleeping 900s until next cycle
[2026-04-20T15:14:04.991034+00:00] [INFO] === cycle 77 ===
[2026-04-20T15:14:05.567469+00:00] [INFO]   DETECT 2 crashed launchagents
[2026-04-20T15:14:05.570247+00:00] [INFO]   wrote session briefing (10 capability groups, 0 broken integrations)
[2026-04-20T15:14:05.570477+00:00] [INFO]   cycle 77 done in 0.6s, 0 actions
[2026-04-20T15:14:05.570554+00:00] [INFO]   sleeping 900s until next cycle
[2026-04-20T15:29:05.592923+00:00] [INFO] === cycle 78 ===
[2026-04-20T15:29:06.260980+00:00] [INFO]   DETECT 2 crashed launchagents
[2026-04-20T15:29:06.264134+00:00] [INFO]   wrote session briefing (10 capability groups, 0 broken integrations)
[2026-04-20T15:29:06.264258+00:00] [INFO]   cycle 78 done in 0.7s, 0 actions
[2026-04-20T15:29:06.264344+00:00] [INFO]   sleeping 900s until next cycle
[2026-04-20T15:44:06.420628+00:00] [INFO] === cycle 79 ===
[2026-04-20T15:44:07.027007+00:00] [INFO]   DETECT 2 crashed launchagents
[2026-04-20T15:44:07.028516+00:00] [INFO]   LEARNED from 1 completed tasks (tracking 5 action types)
[2026-04-20T15:44:07.030985+00:00] [INFO]   QUEUED fix_crashed_launchagents → cowork [orch:fix_crashed_launchagents:fa97e3]
[2026-04-20T15:44:07.031215+00:00] [INFO]   DIRECTED: queued=1, consulted=0, skipped=0
[2026-04-20T15:44:07.032047+00:00] [INFO]   wrote session briefing (10 capability groups, 0 broken integrations)
[2026-04-20T15:44:07.032153+00:00] [INFO]   cycle 79 done in 0.6s, 1 actions
[2026-04-20T15:44:07.032229+00:00] [INFO]   sleeping 120s until next cycle
[2026-04-20T15:46:07.141154+00:00] [INFO] === cycle 80 ===
[2026-04-20T15:46:07.719598+00:00] [INFO]   DETECT 2 crashed launchagents
[2026-04-20T15:46:07.722648+00:00] [INFO]   wrote session briefing (10 capability groups, 0 broken integrations)
[2026-04-20T15:46:07.722762+00:00] [INFO]   cycle 80 done in 0.6s, 0 actions
[2026-04-20T15:46:07.722841+00:00] [INFO]   sleeping 900s until next cycle
[2026-04-20T16:01:07.764223+00:00] [INFO] === cycle 81 ===
[2026-04-20T16:01:08.550318+00:00] [INFO]   DETECT 2 crashed launchagents
[2026-04-20T16:01:08.553394+00:00] [INFO]   wrote session briefing (10 capability groups, 0 broken integrations)
[2026-04-20T16:01:08.553509+00:00] [INFO]   cycle 81 done in 0.8s, 0 actions
[2026-04-20T16:01:08.553589+00:00] [INFO]   sleeping 900s until next cycle
[2026-04-20T16:16:08.710950+00:00] [INFO] === cycle 82 ===
[2026-04-20T16:16:09.452975+00:00] [INFO]   DETECT 2 crashed launchagents
[2026-04-20T16:16:09.456498+00:00] [INFO]   wrote session briefing (10 capability groups, 0 broken integrations)
[2026-04-20T16:16:09.456634+00:00] [INFO]   cycle 82 done in 0.7s, 0 actions
[2026-04-20T16:16:09.456720+00:00] [INFO]   sleeping 900s until next cycle
[2026-04-20T16:31:09.613368+00:00] [INFO] === cycle 83 ===
[2026-04-20T16:31:10.325786+00:00] [INFO]   DETECT 2 crashed launchagents
[2026-04-20T16:31:10.329032+00:00] [INFO]   wrote session briefing (10 capability groups, 0 broken integrations)
[2026-04-20T16:31:10.329157+00:00] [INFO]   cycle 83 done in 0.7s, 0 actions
[2026-04-20T16:31:10.329240+00:00] [INFO]   sleeping 900s until next cycle
[2026-04-20T16:46:10.482787+00:00] [INFO] === cycle 84 ===
[2026-04-20T16:46:11.249749+00:00] [INFO]   DETECT 2 crashed launchagents
[2026-04-20T16:46:11.254200+00:00] [INFO]   wrote session briefing (10 capability groups, 0 broken integrations)
[2026-04-20T16:46:11.254601+00:00] [INFO]   cycle 84 done in 0.8s, 0 actions
[2026-04-20T16:46:11.254693+00:00] [INFO]   sleeping 900s until next cycle
[2026-04-20T17:01:11.410532+00:00] [INFO] === cycle 85 ===
[2026-04-20T17:01:11.987741+00:00] [INFO]   DETECT 2 crashed launchagents
[2026-04-20T17:01:11.991225+00:00] [INFO]   wrote session briefing (10 capability groups, 0 broken integrations)
[2026-04-20T17:01:11.991367+00:00] [INFO]   cycle 85 done in 0.6s, 0 actions
[2026-04-20T17:01:11.991451+00:00] [INFO]   sleeping 900s until next cycle
[2026-04-20T17:16:12.152454+00:00] [INFO] === cycle 86 ===
[2026-04-20T17:16:12.713324+00:00] [INFO]   DETECT 2 crashed launchagents
[2026-04-20T17:16:12.716976+00:00] [INFO]   wrote session briefing (10 capability groups, 0 broken integrations)
[2026-04-20T17:16:12.717090+00:00] [INFO]   cycle 86 done in 0.6s, 0 actions
[2026-04-20T17:16:12.717175+00:00] [INFO]   sleeping 900s until next cycle
[2026-04-20T17:31:12.874085+00:00] [INFO] === cycle 87 ===
[2026-04-20T17:31:13.453994+00:00] [INFO]   DETECT 2 crashed launchagents
[2026-04-20T17:31:13.457113+00:00] [INFO]   wrote session briefing (10 capability groups, 0 broken integrations)
[2026-04-20T17:31:13.457246+00:00] [INFO]   cycle 87 done in 0.6s, 0 actions
[2026-04-20T17:31:13.457324+00:00] [INFO]   sleeping 900s until next cycle
[2026-04-20T17:46:13.586534+00:00] [INFO] === cycle 88 ===
[2026-04-20T17:46:13.588231+00:00] [INFO]   refreshing capability manifest
[2026-04-20T17:46:15.435859+00:00] [INFO]   DETECT 2 crashed launchagents
[2026-04-20T17:46:15.437494+00:00] [INFO]   LEARNED from 1 completed tasks (tracking 5 action types)
[2026-04-20T17:46:15.440162+00:00] [INFO]   QUEUED fix_crashed_launchagents → cowork [orch:fix_crashed_launchagents:ebf202]
[2026-04-20T17:46:15.440492+00:00] [INFO]   DIRECTED: queued=1, consulted=0, skipped=0
[2026-04-20T17:46:15.441407+00:00] [INFO]   wrote session briefing (10 capability groups, 0 broken integrations)
[2026-04-20T17:46:15.441628+00:00] [INFO]   cycle 88 done in 1.9s, 1 actions
[2026-04-20T17:46:15.441700+00:00] [INFO]   sleeping 120s until next cycle
[2026-04-20T17:48:15.592731+00:00] [INFO] === cycle 89 ===
[2026-04-20T17:48:16.133009+00:00] [INFO]   DETECT 2 crashed launchagents
[2026-04-20T17:48:16.135906+00:00] [INFO]   wrote session briefing (10 capability groups, 0 broken integrations)
[2026-04-20T17:48:16.136151+00:00] [INFO]   cycle 89 done in 0.5s, 0 actions
[2026-04-20T17:48:16.136230+00:00] [INFO]   sleeping 900s until next cycle
[2026-04-20T18:03:16.292972+00:00] [INFO] === cycle 90 ===
[2026-04-20T18:03:17.085131+00:00] [INFO]   DETECT 2 crashed launchagents
[2026-04-20T18:03:17.088335+00:00] [INFO]   wrote session briefing (10 capability groups, 0 broken integrations)
[2026-04-20T18:03:17.088576+00:00] [INFO]   cycle 90 done in 0.8s, 0 actions
[2026-04-20T18:03:17.088663+00:00] [INFO]   sleeping 900s until next cycle
[2026-04-20T18:18:17.245469+00:00] [INFO] === cycle 91 ===
[2026-04-20T18:18:17.815075+00:00] [INFO]   DETECT 2 crashed launchagents
[2026-04-20T18:18:17.818544+00:00] [INFO]   wrote session briefing (10 capability groups, 0 broken integrations)
[2026-04-20T18:18:17.818804+00:00] [INFO]   cycle 91 done in 0.6s, 0 actions
[2026-04-20T18:18:17.818888+00:00] [INFO]   sleeping 900s until next cycle
[2026-04-20T18:33:17.975640+00:00] [INFO] === cycle 92 ===
[2026-04-20T18:33:18.543464+00:00] [INFO]   DETECT 2 crashed launchagents
[2026-04-20T18:33:18.546448+00:00] [INFO]   wrote session briefing (10 capability groups, 0 broken integrations)
[2026-04-20T18:33:18.546581+00:00] [INFO]   cycle 92 done in 0.6s, 0 actions
[2026-04-20T18:33:18.546659+00:00] [INFO]   sleeping 900s until next cycle
[2026-04-20T18:48:18.701327+00:00] [INFO] === cycle 93 ===
[2026-04-20T18:48:19.270387+00:00] [INFO]   DETECT 2 crashed launchagents
[2026-04-20T18:48:19.273849+00:00] [INFO]   wrote session briefing (10 capability groups, 0 broken integrations)
[2026-04-20T18:48:19.274079+00:00] [INFO]   cycle 93 done in 0.6s, 0 actions
[2026-04-20T18:48:19.274158+00:00] [INFO]   sleeping 900s until next cycle
[2026-04-20T19:03:19.430447+00:00] [INFO] === cycle 94 ===
[2026-04-20T19:03:20.046967+00:00] [INFO]   DETECT 2 crashed launchagents
[2026-04-20T19:03:20.051123+00:00] [INFO]   wrote session briefing (10 capability groups, 0 broken integrations)
[2026-04-20T19:03:20.051266+00:00] [INFO]   cycle 94 done in 0.6s, 0 actions
[2026-04-20T19:03:20.051378+00:00] [INFO]   sleeping 900s until next cycle
[2026-04-20T19:18:20.208327+00:00] [INFO] === cycle 95 ===
[2026-04-20T19:18:20.806313+00:00] [INFO]   DETECT 2 crashed launchagents
[2026-04-20T19:18:20.809489+00:00] [INFO]   wrote session briefing (10 capability groups, 0 broken integrations)
[2026-04-20T19:18:20.809610+00:00] [INFO]   cycle 95 done in 0.6s, 0 actions
[2026-04-20T19:18:20.809698+00:00] [INFO]   sleeping 900s until next cycle
[2026-04-20T19:33:20.966140+00:00] [INFO] === cycle 96 ===
[2026-04-20T19:33:21.802952+00:00] [INFO]   DETECT 2 crashed launchagents
[2026-04-20T19:33:21.806511+00:00] [INFO]   wrote session briefing (10 capability groups, 0 broken integrations)
[2026-04-20T19:33:21.806774+00:00] [INFO]   cycle 96 done in 0.8s, 0 actions
[2026-04-20T19:33:21.806863+00:00] [INFO]   sleeping 900s until next cycle
[2026-04-20T19:48:21.963952+00:00] [INFO] === cycle 97 ===
[2026-04-20T19:48:22.802053+00:00] [INFO]   DETECT 2 crashed launchagents
[2026-04-20T19:48:22.803652+00:00] [INFO]   LEARNED from 1 completed tasks (tracking 5 action types)
[2026-04-20T19:48:22.806489+00:00] [INFO]   QUEUED fix_crashed_launchagents → cowork [orch:fix_crashed_launchagents:3dda53]
[2026-04-20T19:48:22.806739+00:00] [INFO]   DIRECTED: queued=1, consulted=0, skipped=0
[2026-04-20T19:48:22.807827+00:00] [INFO]   wrote session briefing (10 capability groups, 0 broken integrations)
[2026-04-20T19:48:22.807946+00:00] [INFO]   cycle 97 done in 0.8s, 1 actions
[2026-04-20T19:48:22.808031+00:00] [INFO]   sleeping 120s until next cycle
[2026-04-20T19:50:22.959002+00:00] [INFO] === cycle 98 ===
[2026-04-20T19:50:23.597898+00:00] [INFO]   DETECT 2 crashed launchagents
[2026-04-20T19:50:23.600831+00:00] [INFO]   wrote session briefing (10 capability groups, 0 broken integrations)
[2026-04-20T19:50:23.601057+00:00] [INFO]   cycle 98 done in 0.6s, 0 actions
[2026-04-20T19:50:23.601138+00:00] [INFO]   sleeping 900s until next cycle
[2026-04-20T20:05:23.757758+00:00] [INFO] === cycle 99 ===
[2026-04-20T20:05:24.584231+00:00] [INFO]   DETECT 2 crashed launchagents
[2026-04-20T20:05:24.587494+00:00] [INFO]   wrote session briefing (10 capability groups, 0 broken integrations)
[2026-04-20T20:05:24.587621+00:00] [INFO]   cycle 99 done in 0.8s, 0 actions
[2026-04-20T20:05:24.587697+00:00] [INFO]   sleeping 900s until next cycle
[2026-04-20T20:20:24.743774+00:00] [INFO] === cycle 100 ===
[2026-04-20T20:20:25.605657+00:00] [INFO]   DETECT 2 crashed launchagents
[2026-04-20T20:20:25.609092+00:00] [INFO]   wrote session briefing (10 capability groups, 0 broken integrations)
[2026-04-20T20:20:25.609376+00:00] [INFO]   cycle 100 done in 0.9s, 0 actions
[2026-04-20T20:20:25.609470+00:00] [INFO]   sleeping 900s until next cycle
[2026-04-20T20:35:25.765924+00:00] [INFO] === cycle 101 ===
[2026-04-20T20:35:26.491804+00:00] [INFO]   DETECT 2 crashed launchagents
[2026-04-20T20:35:26.495226+00:00] [INFO]   wrote session briefing (10 capability groups, 0 broken integrations)
[2026-04-20T20:35:26.495359+00:00] [INFO]   cycle 101 done in 0.7s, 0 actions
[2026-04-20T20:35:26.495444+00:00] [INFO]   sleeping 900s until next cycle
[2026-04-20T20:50:26.652555+00:00] [INFO] === cycle 102 ===
[2026-04-20T20:50:27.494853+00:00] [INFO]   DETECT 2 crashed launchagents
[2026-04-20T20:50:27.497969+00:00] [INFO]   wrote session briefing (10 capability groups, 0 broken integrations)
[2026-04-20T20:50:27.498113+00:00] [INFO]   cycle 102 done in 0.8s, 0 actions
[2026-04-20T20:50:27.498200+00:00] [INFO]   sleeping 900s until next cycle
[2026-04-20T21:05:27.655654+00:00] [INFO] === cycle 103 ===
[2026-04-20T21:05:28.236762+00:00] [INFO]   DETECT 2 crashed launchagents
[2026-04-20T21:05:28.239967+00:00] [INFO]   wrote session briefing (10 capability groups, 0 broken integrations)
[2026-04-20T21:05:28.240097+00:00] [INFO]   cycle 103 done in 0.6s, 0 actions
[2026-04-20T21:05:28.240186+00:00] [INFO]   sleeping 900s until next cycle
[2026-04-20T21:20:28.396988+00:00] [INFO] === cycle 104 ===
[2026-04-20T21:20:29.098042+00:00] [INFO]   DETECT 2 crashed launchagents
[2026-04-20T21:20:29.102590+00:00] [INFO]   wrote session briefing (10 capability groups, 0 broken integrations)
[2026-04-20T21:20:29.102788+00:00] [INFO]   cycle 104 done in 0.7s, 0 actions
[2026-04-20T21:20:29.102914+00:00] [INFO]   sleeping 900s until next cycle
[2026-04-20T21:35:29.167469+00:00] [INFO] === cycle 105 ===
[2026-04-20T21:35:29.992897+00:00] [INFO]   DETECT 2 crashed launchagents
[2026-04-20T21:35:29.996080+00:00] [INFO]   wrote session briefing (10 capability groups, 0 broken integrations)
[2026-04-20T21:35:29.996317+00:00] [INFO]   cycle 105 done in 0.8s, 0 actions
[2026-04-20T21:35:29.996402+00:00] [INFO]   sleeping 900s until next cycle
[2026-04-20T21:50:30.152923+00:00] [INFO] === cycle 106 ===
[2026-04-20T21:50:30.155103+00:00] [INFO]   refreshing capability manifest
[2026-04-20T21:50:32.062940+00:00] [INFO]   DETECT 2 crashed launchagents
[2026-04-20T21:50:32.064528+00:00] [INFO]   LEARNED from 1 completed tasks (tracking 5 action types)
[2026-04-20T21:50:32.067345+00:00] [INFO]   QUEUED fix_crashed_launchagents → cowork [orch:fix_crashed_launchagents:be3636]
[2026-04-20T21:50:32.067719+00:00] [INFO]   DIRECTED: queued=1, consulted=0, skipped=0
[2026-04-20T21:50:32.068621+00:00] [INFO]   wrote session briefing (10 capability groups, 0 broken integrations)
[2026-04-20T21:50:32.068738+00:00] [INFO]   cycle 106 done in 1.9s, 1 actions
[2026-04-20T21:50:32.068821+00:00] [INFO]   sleeping 120s until next cycle
[2026-04-20T21:52:32.219837+00:00] [INFO] === cycle 107 ===
[2026-04-20T21:52:32.744813+00:00] [INFO]   DETECT 2 crashed launchagents
[2026-04-20T21:52:32.747593+00:00] [INFO]   wrote session briefing (10 capability groups, 0 broken integrations)
[2026-04-20T21:52:32.747742+00:00] [INFO]   cycle 107 done in 0.5s, 0 actions
[2026-04-20T21:52:32.747830+00:00] [INFO]   sleeping 900s until next cycle
[2026-04-20T22:07:32.904731+00:00] [INFO] === cycle 108 ===
[2026-04-20T22:07:33.651106+00:00] [INFO]   DETECT 2 crashed launchagents
[2026-04-20T22:07:33.654568+00:00] [INFO]   wrote session briefing (10 capability groups, 0 broken integrations)
[2026-04-20T22:07:33.654701+00:00] [INFO]   cycle 108 done in 0.8s, 0 actions
[2026-04-20T22:07:33.654791+00:00] [INFO]   sleeping 900s until next cycle
[2026-04-20T22:22:33.811353+00:00] [INFO] === cycle 109 ===
[2026-04-20T22:22:34.627625+00:00] [INFO]   DETECT 2 crashed launchagents
[2026-04-20T22:22:34.631421+00:00] [INFO]   wrote session briefing (10 capability groups, 0 broken integrations)
[2026-04-20T22:22:34.631569+00:00] [INFO]   cycle 109 done in 0.8s, 0 actions
[2026-04-20T22:22:34.631668+00:00] [INFO]   sleeping 900s until next cycle
[2026-04-20T22:37:34.787780+00:00] [INFO] === cycle 110 ===
[2026-04-20T22:37:35.572145+00:00] [INFO]   DETECT 2 crashed launchagents
[2026-04-20T22:37:35.575391+00:00] [INFO]   wrote session briefing (10 capability groups, 0 broken integrations)
[2026-04-20T22:37:35.575511+00:00] [INFO]   cycle 110 done in 0.8s, 0 actions
[2026-04-20T22:37:35.575595+00:00] [INFO]   sleeping 900s until next cycle
[2026-04-20T22:52:35.732076+00:00] [INFO] === cycle 111 ===
[2026-04-20T22:52:36.546767+00:00] [INFO]   DETECT 2 crashed launchagents
[2026-04-20T22:52:36.549939+00:00] [INFO]   wrote session briefing (10 capability groups, 0 broken integrations)
[2026-04-20T22:52:36.550055+00:00] [INFO]   cycle 111 done in 0.8s, 0 actions
[2026-04-20T22:52:36.550139+00:00] [INFO]   sleeping 900s until next cycle
[2026-04-20T23:00:29.974396+00:00] [INFO] signal 15, exiting cleanly
[2026-04-20T23:00:32.224649+00:00] [INFO] === ORCHESTRATOR STARTED pid=86892 ===
[2026-04-20T23:00:32.225109+00:00] [INFO] === cycle 112 ===
[2026-04-20T23:00:32.728262+00:00] [INFO]   wrote session briefing (10 capability groups, 0 broken integrations)
[2026-04-20T23:00:32.728400+00:00] [INFO]   cycle 112 done in 0.5s, 0 actions
[2026-04-20T23:00:32.728469+00:00] [INFO]   sleeping 900s until next cycle
[2026-04-20T23:15:32.885122+00:00] [INFO] === cycle 113 ===
[2026-04-20T23:15:33.728148+00:00] [INFO]   wrote session briefing (10 capability groups, 0 broken integrations)
[2026-04-20T23:15:33.728296+00:00] [INFO]   cycle 113 done in 0.8s, 0 actions
[2026-04-20T23:15:33.728371+00:00] [INFO]   sleeping 900s until next cycle
[2026-04-20T23:30:33.884248+00:00] [INFO] === cycle 114 ===
[2026-04-20T23:30:34.417980+00:00] [INFO]   wrote session briefing (10 capability groups, 0 broken integrations)
[2026-04-20T23:30:34.418116+00:00] [INFO]   cycle 114 done in 0.5s, 0 actions
[2026-04-20T23:30:34.418202+00:00] [INFO]   sleeping 900s until next cycle
[2026-04-20T23:45:34.574608+00:00] [INFO] === cycle 115 ===
[2026-04-20T23:45:35.536517+00:00] [INFO]   LEARNED from 1 completed tasks (tracking 5 action types)
[2026-04-20T23:45:35.537575+00:00] [INFO]   wrote session briefing (10 capability groups, 0 broken integrations)
[2026-04-20T23:45:35.537689+00:00] [INFO]   cycle 115 done in 1.0s, 0 actions
[2026-04-20T23:45:35.537760+00:00] [INFO]   sleeping 900s until next cycle
[2026-04-21T00:00:35.695428+00:00] [INFO] === cycle 116 ===
[2026-04-21T00:00:36.224067+00:00] [INFO]   wrote session briefing (10 capability groups, 0 broken integrations)
[2026-04-21T00:00:36.224203+00:00] [INFO]   cycle 116 done in 0.5s, 0 actions
[2026-04-21T00:00:36.224285+00:00] [INFO]   sleeping 900s until next cycle
[2026-04-21T00:15:36.380925+00:00] [INFO] === cycle 117 ===
[2026-04-21T00:15:36.971234+00:00] [INFO]   wrote session briefing (10 capability groups, 0 broken integrations)
[2026-04-21T00:15:36.971359+00:00] [INFO]   cycle 117 done in 0.6s, 0 actions
[2026-04-21T00:15:36.971435+00:00] [INFO]   sleeping 900s until next cycle
[2026-04-21T00:30:37.126052+00:00] [INFO] === cycle 118 ===
[2026-04-21T00:30:37.673044+00:00] [INFO]   wrote session briefing (10 capability groups, 0 broken integrations)
[2026-04-21T00:30:37.673339+00:00] [INFO]   cycle 118 done in 0.5s, 0 actions
[2026-04-21T00:30:37.673421+00:00] [INFO]   sleeping 900s until next cycle
[2026-04-21T00:45:37.832626+00:00] [INFO] === cycle 119 ===
[2026-04-21T00:45:38.411129+00:00] [INFO]   wrote session briefing (10 capability groups, 0 broken integrations)
[2026-04-21T00:45:38.411266+00:00] [INFO]   cycle 119 done in 0.6s, 0 actions
[2026-04-21T00:45:38.411347+00:00] [INFO]   sleeping 900s until next cycle
[2026-04-21T01:00:38.568280+00:00] [INFO] === cycle 120 ===
[2026-04-21T01:00:39.099380+00:00] [INFO]   wrote session briefing (10 capability groups, 0 broken integrations)
[2026-04-21T01:00:39.099653+00:00] [INFO]   cycle 120 done in 0.5s, 0 actions
[2026-04-21T01:00:39.099736+00:00] [INFO]   sleeping 900s until next cycle
[2026-04-21T01:15:39.256183+00:00] [INFO] === cycle 121 ===
[2026-04-21T01:15:39.788271+00:00] [INFO]   wrote session briefing (10 capability groups, 0 broken integrations)
[2026-04-21T01:15:39.788536+00:00] [INFO]   cycle 121 done in 0.5s, 0 actions
[2026-04-21T01:15:39.788616+00:00] [INFO]   sleeping 900s until next cycle
[2026-04-21T01:30:39.945378+00:00] [INFO] === cycle 122 ===
[2026-04-21T01:30:40.475337+00:00] [INFO]   wrote session briefing (10 capability groups, 0 broken integrations)
[2026-04-21T01:30:40.475475+00:00] [INFO]   cycle 122 done in 0.5s, 0 actions
[2026-04-21T01:30:40.475554+00:00] [INFO]   sleeping 900s until next cycle
[2026-04-21T01:45:40.604029+00:00] [INFO] === cycle 123 ===
[2026-04-21T01:45:41.134674+00:00] [INFO]   wrote session briefing (10 capability groups, 0 broken integrations)
[2026-04-21T01:45:41.134927+00:00] [INFO]   cycle 123 done in 0.5s, 0 actions
[2026-04-21T01:45:41.135008+00:00] [INFO]   sleeping 900s until next cycle
[2026-04-21T02:00:41.291765+00:00] [INFO] === cycle 124 ===
[2026-04-21T02:00:41.293932+00:00] [INFO]   refreshing capability manifest
[2026-04-21T02:00:42.901862+00:00] [INFO]   wrote session briefing (10 capability groups, 0 broken integrations)
[2026-04-21T02:00:42.902015+00:00] [INFO]   cycle 124 done in 1.6s, 0 actions
[2026-04-21T02:00:42.902101+00:00] [INFO]   sleeping 900s until next cycle
[2026-04-21T02:15:43.058899+00:00] [INFO] === cycle 125 ===
[2026-04-21T02:15:43.599963+00:00] [INFO]   wrote session briefing (10 capability groups, 0 broken integrations)
[2026-04-21T02:15:43.600105+00:00] [INFO]   cycle 125 done in 0.5s, 0 actions
[2026-04-21T02:15:43.600186+00:00] [INFO]   sleeping 900s until next cycle
[2026-04-21T02:30:43.756974+00:00] [INFO] === cycle 126 ===
[2026-04-21T02:30:44.291821+00:00] [INFO]   wrote session briefing (10 capability groups, 0 broken integrations)
[2026-04-21T02:30:44.292088+00:00] [INFO]   cycle 126 done in 0.5s, 0 actions
[2026-04-21T02:30:44.292172+00:00] [INFO]   sleeping 900s until next cycle
[2026-04-21T02:45:44.447545+00:00] [INFO] === cycle 127 ===
[2026-04-21T02:45:45.158703+00:00] [INFO]   wrote session briefing (10 capability groups, 0 broken integrations)
[2026-04-21T02:45:45.159596+00:00] [INFO]   cycle 127 done in 0.7s, 0 actions
[2026-04-21T02:45:45.159974+00:00] [INFO]   sleeping 900s until next cycle
[2026-04-21T03:00:45.301739+00:00] [INFO] === cycle 128 ===
[2026-04-21T03:00:45.883237+00:00] [INFO]   wrote session briefing (10 capability groups, 0 broken integrations)
[2026-04-21T03:00:45.883373+00:00] [INFO]   cycle 128 done in 0.6s, 0 actions
[2026-04-21T03:00:45.883458+00:00] [INFO]   sleeping 900s until next cycle
[2026-04-21T03:15:46.040516+00:00] [INFO] === cycle 129 ===
[2026-04-21T03:15:46.606858+00:00] [INFO]   wrote session briefing (10 capability groups, 0 broken integrations)
[2026-04-21T03:15:46.607142+00:00] [INFO]   cycle 129 done in 0.6s, 0 actions
[2026-04-21T03:15:46.607222+00:00] [INFO]   sleeping 900s until next cycle
[2026-04-21T03:30:46.764886+00:00] [INFO] === cycle 130 ===
[2026-04-21T03:30:47.276502+00:00] [INFO]   wrote session briefing (10 capability groups, 0 broken integrations)
[2026-04-21T03:30:47.276628+00:00] [INFO]   cycle 130 done in 0.5s, 0 actions
[2026-04-21T03:30:47.276706+00:00] [INFO]   sleeping 900s until next cycle
[2026-04-21T03:45:47.433519+00:00] [INFO] === cycle 131 ===
[2026-04-21T03:45:48.012637+00:00] [INFO]   wrote session briefing (10 capability groups, 0 broken integrations)
[2026-04-21T03:45:48.012767+00:00] [INFO]   cycle 131 done in 0.6s, 0 actions
[2026-04-21T03:45:48.012846+00:00] [INFO]   sleeping 900s until next cycle
[2026-04-21T04:00:48.169980+00:00] [INFO] === cycle 132 ===
[2026-04-21T04:00:48.748599+00:00] [INFO]   wrote session briefing (10 capability groups, 0 broken integrations)
[2026-04-21T04:00:48.748879+00:00] [INFO]   cycle 132 done in 0.6s, 0 actions
[2026-04-21T04:00:48.748963+00:00] [INFO]   sleeping 900s until next cycle
[2026-04-21T04:15:48.905888+00:00] [INFO] === cycle 133 ===
[2026-04-21T04:15:49.497068+00:00] [INFO]   wrote session briefing (10 capability groups, 0 broken integrations)
[2026-04-21T04:15:49.497385+00:00] [INFO]   cycle 133 done in 0.6s, 0 actions
[2026-04-21T04:15:49.497479+00:00] [INFO]   sleeping 900s until next cycle
[2026-04-21T04:30:49.653474+00:00] [INFO] === cycle 134 ===
[2026-04-21T04:30:50.177862+00:00] [INFO]   wrote session briefing (10 capability groups, 0 broken integrations)
[2026-04-21T04:30:50.177990+00:00] [INFO]   cycle 134 done in 0.5s, 0 actions
[2026-04-21T04:30:50.178069+00:00] [INFO]   sleeping 900s until next cycle
[2026-04-21T04:45:50.334743+00:00] [INFO] === cycle 135 ===
[2026-04-21T04:45:50.897425+00:00] [INFO]   wrote session briefing (10 capability groups, 0 broken integrations)
[2026-04-21T04:45:50.897707+00:00] [INFO]   cycle 135 done in 0.6s, 0 actions
[2026-04-21T04:45:50.897787+00:00] [INFO]   sleeping 900s until next cycle
[2026-04-21T05:00:51.053788+00:00] [INFO] === cycle 136 ===
[2026-04-21T05:00:51.617031+00:00] [INFO]   wrote session briefing (10 capability groups, 0 broken integrations)
[2026-04-21T05:00:51.617169+00:00] [INFO]   cycle 136 done in 0.6s, 0 actions
[2026-04-21T05:00:51.617252+00:00] [INFO]   sleeping 900s until next cycle
[2026-04-21T05:15:51.773734+00:00] [INFO] === cycle 137 ===
[2026-04-21T05:15:52.314775+00:00] [INFO]   wrote session briefing (10 capability groups, 0 broken integrations)
[2026-04-21T05:15:52.314919+00:00] [INFO]   cycle 137 done in 0.5s, 0 actions
[2026-04-21T05:15:52.315002+00:00] [INFO]   sleeping 900s until next cycle
[2026-04-21T05:30:52.471537+00:00] [INFO] === cycle 138 ===
[2026-04-21T05:30:52.998157+00:00] [INFO]   wrote session briefing (10 capability groups, 0 broken integrations)
[2026-04-21T05:30:52.998294+00:00] [INFO]   cycle 138 done in 0.5s, 0 actions
[2026-04-21T05:30:52.998374+00:00] [INFO]   sleeping 900s until next cycle
[2026-04-21T05:45:53.154897+00:00] [INFO] === cycle 139 ===
[2026-04-21T05:45:53.730969+00:00] [INFO]   wrote session briefing (10 capability groups, 0 broken integrations)
[2026-04-21T05:45:53.731235+00:00] [INFO]   cycle 139 done in 0.6s, 0 actions
[2026-04-21T05:45:53.731322+00:00] [INFO]   sleeping 900s until next cycle
[2026-04-21T06:00:53.888310+00:00] [INFO] === cycle 140 ===
[2026-04-21T06:00:53.891522+00:00] [INFO]   refreshing capability manifest
[2026-04-21T06:00:55.558763+00:00] [INFO]   wrote session briefing (10 capability groups, 0 broken integrations)
[2026-04-21T06:00:55.558894+00:00] [INFO]   cycle 140 done in 1.7s, 0 actions
[2026-04-21T06:00:55.558974+00:00] [INFO]   sleeping 900s until next cycle
[2026-04-21T06:15:55.715509+00:00] [INFO] === cycle 141 ===
[2026-04-21T06:15:56.302227+00:00] [INFO]   wrote session briefing (10 capability groups, 0 broken integrations)
[2026-04-21T06:15:56.302391+00:00] [INFO]   cycle 141 done in 0.6s, 0 actions
[2026-04-21T06:15:56.302478+00:00] [INFO]   sleeping 900s until next cycle
[2026-04-21T06:30:56.458626+00:00] [INFO] === cycle 142 ===
[2026-04-21T06:30:56.979325+00:00] [INFO]   wrote session briefing (10 capability groups, 0 broken integrations)
[2026-04-21T06:30:56.979588+00:00] [INFO]   cycle 142 done in 0.5s, 0 actions
[2026-04-21T06:30:56.979672+00:00] [INFO]   sleeping 900s until next cycle
[2026-04-21T06:45:57.136115+00:00] [INFO] === cycle 143 ===
[2026-04-21T06:45:57.697931+00:00] [INFO]   wrote session briefing (10 capability groups, 0 broken integrations)
[2026-04-21T06:45:57.698068+00:00] [INFO]   cycle 143 done in 0.6s, 0 actions
[2026-04-21T06:45:57.698149+00:00] [INFO]   sleeping 900s until next cycle
[2026-04-21T07:00:57.854365+00:00] [INFO] === cycle 144 ===
[2026-04-21T07:00:58.542910+00:00] [INFO]   wrote session briefing (10 capability groups, 0 broken integrations)
[2026-04-21T07:00:58.543174+00:00] [INFO]   cycle 144 done in 0.7s, 0 actions
[2026-04-21T07:00:58.543257+00:00] [INFO]   sleeping 900s until next cycle
[2026-04-21T07:15:58.699695+00:00] [INFO] === cycle 145 ===
[2026-04-21T07:15:59.298781+00:00] [INFO]   wrote session briefing (10 capability groups, 0 broken integrations)
[2026-04-21T07:15:59.298922+00:00] [INFO]   cycle 145 done in 0.6s, 0 actions
[2026-04-21T07:15:59.299008+00:00] [INFO]   sleeping 900s until next cycle
[2026-04-21T07:30:59.456060+00:00] [INFO] === cycle 146 ===
[2026-04-21T07:31:00.008908+00:00] [INFO]   wrote session briefing (10 capability groups, 0 broken integrations)
[2026-04-21T07:31:00.009197+00:00] [INFO]   cycle 146 done in 0.6s, 0 actions
[2026-04-21T07:31:00.009280+00:00] [INFO]   sleeping 900s until next cycle
[2026-04-21T07:46:00.165826+00:00] [INFO] === cycle 147 ===
[2026-04-21T07:46:00.755387+00:00] [INFO]   wrote session briefing (10 capability groups, 0 broken integrations)
[2026-04-21T07:46:00.755660+00:00] [INFO]   cycle 147 done in 0.6s, 0 actions
[2026-04-21T07:46:00.755751+00:00] [INFO]   sleeping 900s until next cycle
[2026-04-21T08:01:00.907274+00:00] [INFO] === cycle 148 ===
[2026-04-21T08:01:01.455572+00:00] [INFO]   wrote session briefing (10 capability groups, 0 broken integrations)
[2026-04-21T08:01:01.455711+00:00] [INFO]   cycle 148 done in 0.5s, 0 actions
[2026-04-21T08:01:01.455795+00:00] [INFO]   sleeping 900s until next cycle
[2026-04-21T08:16:01.615971+00:00] [INFO] === cycle 149 ===
[2026-04-21T08:16:02.199028+00:00] [INFO]   wrote session briefing (10 capability groups, 0 broken integrations)
[2026-04-21T08:16:02.199172+00:00] [INFO]   cycle 149 done in 0.6s, 0 actions
[2026-04-21T08:16:02.199260+00:00] [INFO]   sleeping 900s until next cycle
[2026-04-21T08:31:02.355815+00:00] [INFO] === cycle 150 ===
[2026-04-21T08:31:03.027177+00:00] [INFO]   wrote session briefing (10 capability groups, 0 broken integrations)
[2026-04-21T08:31:03.027321+00:00] [INFO]   cycle 150 done in 0.7s, 0 actions
[2026-04-21T08:31:03.027399+00:00] [INFO]   sleeping 900s until next cycle
[2026-04-21T08:46:03.184755+00:00] [INFO] === cycle 151 ===
[2026-04-21T08:46:04.000942+00:00] [INFO]   wrote session briefing (10 capability groups, 0 broken integrations)
[2026-04-21T08:46:04.001234+00:00] [INFO]   cycle 151 done in 0.8s, 0 actions
[2026-04-21T08:46:04.001329+00:00] [INFO]   sleeping 900s until next cycle
[2026-04-21T09:01:04.157986+00:00] [INFO] === cycle 152 ===
[2026-04-21T09:01:04.702728+00:00] [INFO]   wrote session briefing (10 capability groups, 0 broken integrations)
[2026-04-21T09:01:04.703024+00:00] [INFO]   cycle 152 done in 0.5s, 0 actions
[2026-04-21T09:01:04.703113+00:00] [INFO]   sleeping 900s until next cycle
[2026-04-21T09:16:04.859760+00:00] [INFO] === cycle 153 ===
[2026-04-21T09:16:07.468048+00:00] [INFO]   wrote session briefing (10 capability groups, 0 broken integrations)
[2026-04-21T09:16:07.469215+00:00] [INFO]   cycle 153 done in 2.6s, 0 actions
[2026-04-21T09:16:07.469701+00:00] [INFO]   sleeping 900s until next cycle
[2026-04-21T09:31:07.556479+00:00] [INFO] === cycle 154 ===
[2026-04-21T09:31:08.101311+00:00] [INFO]   wrote session briefing (10 capability groups, 0 broken integrations)
[2026-04-21T09:31:08.101452+00:00] [INFO]   cycle 154 done in 0.5s, 0 actions
[2026-04-21T09:31:08.101541+00:00] [INFO]   sleeping 900s until next cycle
[2026-04-21T09:46:08.257724+00:00] [INFO] === cycle 155 ===
[2026-04-21T09:46:08.980577+00:00] [INFO]   wrote session briefing (10 capability groups, 0 broken integrations)
[2026-04-21T09:46:08.980861+00:00] [INFO]   cycle 155 done in 0.7s, 0 actions
[2026-04-21T09:46:08.980954+00:00] [INFO]   sleeping 900s until next cycle
[2026-04-21T10:01:09.137571+00:00] [INFO] === cycle 156 ===
[2026-04-21T10:01:09.138684+00:00] [INFO]   refreshing capability manifest
[2026-04-21T10:01:10.759863+00:00] [INFO]   wrote session briefing (10 capability groups, 0 broken integrations)
[2026-04-21T10:01:10.760127+00:00] [INFO]   cycle 156 done in 1.6s, 0 actions
[2026-04-21T10:01:10.760213+00:00] [INFO]   sleeping 900s until next cycle
[2026-04-21T10:16:10.916769+00:00] [INFO] === cycle 157 ===
[2026-04-21T10:16:11.655997+00:00] [INFO]   wrote session briefing (10 capability groups, 0 broken integrations)
[2026-04-21T10:16:11.656298+00:00] [INFO]   cycle 157 done in 0.7s, 0 actions
[2026-04-21T10:16:11.656393+00:00] [INFO]   sleeping 900s until next cycle
[2026-04-21T10:31:11.812636+00:00] [INFO] === cycle 158 ===
[2026-04-21T10:31:12.534983+00:00] [INFO]   wrote session briefing (10 capability groups, 0 broken integrations)
[2026-04-21T10:31:12.535256+00:00] [INFO]   cycle 158 done in 0.7s, 0 actions
[2026-04-21T10:31:12.535349+00:00] [INFO]   sleeping 900s until next cycle
[2026-04-21T10:46:12.691985+00:00] [INFO] === cycle 159 ===
[2026-04-21T10:46:13.511396+00:00] [INFO]   wrote session briefing (10 capability groups, 0 broken integrations)
[2026-04-21T10:46:13.511537+00:00] [INFO]   cycle 159 done in 0.8s, 0 actions
[2026-04-21T10:46:13.511627+00:00] [INFO]   sleeping 900s until next cycle
[2026-04-21T11:01:13.637308+00:00] [INFO] === cycle 160 ===
[2026-04-21T11:01:14.385097+00:00] [INFO]   wrote session briefing (10 capability groups, 0 broken integrations)
[2026-04-21T11:01:14.385550+00:00] [INFO]   cycle 160 done in 0.7s, 0 actions
[2026-04-21T11:01:14.385666+00:00] [INFO]   sleeping 900s until next cycle
[2026-04-21T11:16:14.542165+00:00] [INFO] === cycle 161 ===
[2026-04-21T11:16:15.255667+00:00] [INFO]   wrote session briefing (10 capability groups, 0 broken integrations)
[2026-04-21T11:16:15.255927+00:00] [INFO]   cycle 161 done in 0.7s, 0 actions
[2026-04-21T11:16:15.256013+00:00] [INFO]   sleeping 900s until next cycle
[2026-04-21T11:31:15.412236+00:00] [INFO] === cycle 162 ===
[2026-04-21T11:31:16.120735+00:00] [INFO]   wrote session briefing (10 capability groups, 0 broken integrations)
[2026-04-21T11:31:16.120866+00:00] [INFO]   cycle 162 done in 0.7s, 0 actions
[2026-04-21T11:31:16.120965+00:00] [INFO]   sleeping 900s until next cycle
[2026-04-21T11:46:16.277136+00:00] [INFO] === cycle 163 ===
[2026-04-21T11:46:16.983381+00:00] [INFO]   wrote session briefing (10 capability groups, 0 broken integrations)
[2026-04-21T11:46:16.983667+00:00] [INFO]   cycle 163 done in 0.7s, 0 actions
[2026-04-21T11:46:16.983760+00:00] [INFO]   sleeping 900s until next cycle
[2026-04-21T12:01:17.140312+00:00] [INFO] === cycle 164 ===
[2026-04-21T12:01:17.843997+00:00] [INFO]   wrote session briefing (10 capability groups, 0 broken integrations)
[2026-04-21T12:01:17.844130+00:00] [INFO]   cycle 164 done in 0.7s, 0 actions
[2026-04-21T12:01:17.844213+00:00] [INFO]   sleeping 900s until next cycle
[2026-04-21T12:16:18.000586+00:00] [INFO] === cycle 165 ===
[2026-04-21T12:16:18.794320+00:00] [INFO]   wrote session briefing (10 capability groups, 0 broken integrations)
[2026-04-21T12:16:18.794640+00:00] [INFO]   cycle 165 done in 0.8s, 0 actions
[2026-04-21T12:16:18.794747+00:00] [INFO]   sleeping 900s until next cycle
[2026-04-21T12:31:18.951089+00:00] [INFO] === cycle 166 ===
[2026-04-21T12:31:19.660866+00:00] [INFO]   wrote session briefing (10 capability groups, 0 broken integrations)
[2026-04-21T12:31:19.661113+00:00] [INFO]   cycle 166 done in 0.7s, 0 actions
[2026-04-21T12:31:19.661193+00:00] [INFO]   sleeping 900s until next cycle
[2026-04-21T12:46:19.816750+00:00] [INFO] === cycle 167 ===
[2026-04-21T12:46:20.524919+00:00] [INFO]   wrote session briefing (10 capability groups, 0 broken integrations)
[2026-04-21T12:46:20.525207+00:00] [INFO]   cycle 167 done in 0.7s, 0 actions
[2026-04-21T12:46:20.525293+00:00] [INFO]   sleeping 900s until next cycle
[2026-04-21T13:01:20.681466+00:00] [INFO] === cycle 168 ===
[2026-04-21T13:01:21.321594+00:00] [INFO]   wrote session briefing (10 capability groups, 0 broken integrations)
[2026-04-21T13:01:21.321855+00:00] [INFO]   cycle 168 done in 0.6s, 0 actions
[2026-04-21T13:01:21.321936+00:00] [INFO]   sleeping 900s until next cycle
[2026-04-21T13:16:21.478301+00:00] [INFO] === cycle 169 ===
[2026-04-21T13:16:22.027876+00:00] [INFO]   wrote session briefing (10 capability groups, 0 broken integrations)
[2026-04-21T13:16:22.028005+00:00] [INFO]   cycle 169 done in 0.5s, 0 actions
[2026-04-21T13:16:22.028083+00:00] [INFO]   sleeping 900s until next cycle
[2026-04-21T13:31:22.184316+00:00] [INFO] === cycle 170 ===
[2026-04-21T13:31:22.739282+00:00] [INFO]   wrote session briefing (10 capability groups, 0 broken integrations)
[2026-04-21T13:31:22.739404+00:00] [INFO]   cycle 170 done in 0.6s, 0 actions
[2026-04-21T13:31:22.739486+00:00] [INFO]   sleeping 900s until next cycle
[2026-04-21T13:46:22.896402+00:00] [INFO] === cycle 171 ===
[2026-04-21T13:46:23.581900+00:00] [INFO]   wrote session briefing (10 capability groups, 0 broken integrations)
[2026-04-21T13:46:23.582163+00:00] [INFO]   cycle 171 done in 0.7s, 0 actions
[2026-04-21T13:46:23.582248+00:00] [INFO]   sleeping 900s until next cycle
[2026-04-21T14:01:23.738634+00:00] [INFO] === cycle 172 ===
[2026-04-21T14:01:23.739962+00:00] [INFO]   refreshing capability manifest
[2026-04-21T14:01:25.577890+00:00] [INFO]   wrote session briefing (10 capability groups, 0 broken integrations)
[2026-04-21T14:01:25.578042+00:00] [INFO]   cycle 172 done in 1.8s, 0 actions
[2026-04-21T14:01:25.578136+00:00] [INFO]   sleeping 900s until next cycle
[2026-04-21T14:16:25.734160+00:00] [INFO] === cycle 173 ===
[2026-04-21T14:16:26.498281+00:00] [INFO]   wrote session briefing (10 capability groups, 0 broken integrations)
[2026-04-21T14:16:26.498542+00:00] [INFO]   cycle 173 done in 0.8s, 0 actions
[2026-04-21T14:16:26.498626+00:00] [INFO]   sleeping 900s until next cycle
[2026-04-21T14:31:26.654893+00:00] [INFO] === cycle 174 ===
[2026-04-21T14:31:27.358224+00:00] [INFO]   wrote session briefing (10 capability groups, 0 broken integrations)
[2026-04-21T14:31:27.358465+00:00] [INFO]   cycle 174 done in 0.7s, 0 actions
[2026-04-21T14:31:27.358547+00:00] [INFO]   sleeping 900s until next cycle
[2026-04-21T14:46:27.515916+00:00] [INFO] === cycle 175 ===
[2026-04-21T14:46:28.292275+00:00] [INFO]   wrote session briefing (10 capability groups, 0 broken integrations)
[2026-04-21T14:46:28.292528+00:00] [INFO]   cycle 175 done in 0.8s, 0 actions
[2026-04-21T14:46:28.292613+00:00] [INFO]   sleeping 900s until next cycle
[2026-04-21T15:01:28.449142+00:00] [INFO] === cycle 176 ===
[2026-04-21T15:01:29.189061+00:00] [INFO]   wrote session briefing (10 capability groups, 0 broken integrations)
[2026-04-21T15:01:29.189361+00:00] [INFO]   cycle 176 done in 0.7s, 0 actions
[2026-04-21T15:01:29.189453+00:00] [INFO]   sleeping 900s until next cycle
[2026-04-21T15:16:29.346011+00:00] [INFO] === cycle 177 ===
[2026-04-21T15:16:30.152022+00:00] [INFO]   wrote session briefing (10 capability groups, 0 broken integrations)
[2026-04-21T15:16:30.152383+00:00] [INFO]   cycle 177 done in 0.8s, 0 actions
[2026-04-21T15:16:30.152498+00:00] [INFO]   sleeping 900s until next cycle
[2026-04-21T15:31:30.181005+00:00] [INFO] === cycle 178 ===
[2026-04-21T15:31:30.940484+00:00] [INFO]   wrote session briefing (10 capability groups, 0 broken integrations)
[2026-04-21T15:31:30.940670+00:00] [INFO]   cycle 178 done in 0.8s, 0 actions
[2026-04-21T15:31:30.940782+00:00] [INFO]   sleeping 900s until next cycle
[2026-04-21T15:46:31.097426+00:00] [INFO] === cycle 179 ===
[2026-04-21T15:46:31.840278+00:00] [INFO]   wrote session briefing (10 capability groups, 0 broken integrations)
[2026-04-21T15:46:31.840413+00:00] [INFO]   cycle 179 done in 0.7s, 0 actions
[2026-04-21T15:46:31.840500+00:00] [INFO]   sleeping 900s until next cycle
[2026-04-21T16:01:31.996377+00:00] [INFO] === cycle 180 ===
[2026-04-21T16:01:32.812766+00:00] [INFO]   wrote session briefing (10 capability groups, 0 broken integrations)
[2026-04-21T16:01:32.813075+00:00] [INFO]   cycle 180 done in 0.8s, 0 actions
[2026-04-21T16:01:32.813159+00:00] [INFO]   sleeping 900s until next cycle
[2026-04-21T16:16:32.969608+00:00] [INFO] === cycle 181 ===
[2026-04-21T16:16:33.737328+00:00] [INFO]   wrote session briefing (10 capability groups, 0 broken integrations)
[2026-04-21T16:16:33.737637+00:00] [INFO]   cycle 181 done in 0.8s, 0 actions
[2026-04-21T16:16:33.737728+00:00] [INFO]   sleeping 900s until next cycle
[2026-04-21T16:31:33.776142+00:00] [INFO] === cycle 182 ===
[2026-04-21T16:31:34.488857+00:00] [INFO]   wrote session briefing (10 capability groups, 0 broken integrations)
[2026-04-21T16:31:34.488987+00:00] [INFO]   cycle 182 done in 0.7s, 0 actions
[2026-04-21T16:31:34.489067+00:00] [INFO]   sleeping 900s until next cycle
[2026-04-21T16:46:34.645650+00:00] [INFO] === cycle 183 ===
[2026-04-21T16:46:35.214658+00:00] [INFO]   wrote session briefing (10 capability groups, 0 broken integrations)
[2026-04-21T16:46:35.214789+00:00] [INFO]   cycle 183 done in 0.6s, 0 actions
[2026-04-21T16:46:35.214872+00:00] [INFO]   sleeping 900s until next cycle
[2026-04-21T17:01:35.370822+00:00] [INFO] === cycle 184 ===
[2026-04-21T17:01:36.101700+00:00] [INFO]   wrote session briefing (10 capability groups, 0 broken integrations)
[2026-04-21T17:01:36.101990+00:00] [INFO]   cycle 184 done in 0.7s, 0 actions
[2026-04-21T17:01:36.102078+00:00] [INFO]   sleeping 900s until next cycle
[2026-04-21T17:16:36.258497+00:00] [INFO] === cycle 185 ===
[2026-04-21T17:16:36.836164+00:00] [INFO]   wrote session briefing (10 capability groups, 0 broken integrations)
[2026-04-21T17:16:36.836457+00:00] [INFO]   cycle 185 done in 0.6s, 0 actions
[2026-04-21T17:16:36.836545+00:00] [INFO]   sleeping 900s until next cycle
[2026-04-21T17:31:36.994376+00:00] [INFO] === cycle 186 ===
[2026-04-21T17:31:37.627539+00:00] [INFO]   wrote session briefing (10 capability groups, 0 broken integrations)
[2026-04-21T17:31:37.627668+00:00] [INFO]   cycle 186 done in 0.6s, 0 actions
[2026-04-21T17:31:37.627748+00:00] [INFO]   sleeping 900s until next cycle
[2026-04-21T17:46:37.784460+00:00] [INFO] === cycle 187 ===
[2026-04-21T17:46:38.489171+00:00] [INFO]   wrote session briefing (10 capability groups, 0 broken integrations)
[2026-04-21T17:46:38.489469+00:00] [INFO]   cycle 187 done in 0.7s, 0 actions
[2026-04-21T17:46:38.489555+00:00] [INFO]   sleeping 900s until next cycle
[2026-04-21T18:01:38.646242+00:00] [INFO] === cycle 188 ===
[2026-04-21T18:01:38.648298+00:00] [INFO]   refreshing capability manifest
[2026-04-21T18:01:40.594053+00:00] [INFO]   wrote session briefing (10 capability groups, 0 broken integrations)
[2026-04-21T18:01:40.594330+00:00] [INFO]   cycle 188 done in 1.9s, 0 actions
[2026-04-21T18:01:40.594417+00:00] [INFO]   sleeping 900s until next cycle
[2026-04-21T18:16:40.751118+00:00] [INFO] === cycle 189 ===
[2026-04-21T18:16:41.587946+00:00] [INFO]   wrote session briefing (10 capability groups, 0 broken integrations)
[2026-04-21T18:16:41.588221+00:00] [INFO]   cycle 189 done in 0.8s, 0 actions
[2026-04-21T18:16:41.588307+00:00] [INFO]   sleeping 900s until next cycle
[2026-04-21T18:31:41.745017+00:00] [INFO] === cycle 190 ===
[2026-04-21T18:31:42.460962+00:00] [INFO]   wrote session briefing (10 capability groups, 0 broken integrations)
[2026-04-21T18:31:42.461089+00:00] [INFO]   cycle 190 done in 0.7s, 0 actions
[2026-04-21T18:31:42.461173+00:00] [INFO]   sleeping 900s until next cycle
[2026-04-21T18:46:42.617369+00:00] [INFO] === cycle 191 ===
[2026-04-21T18:46:43.454915+00:00] [INFO]   wrote session briefing (10 capability groups, 0 broken integrations)
[2026-04-21T18:46:43.455056+00:00] [INFO]   cycle 191 done in 0.8s, 0 actions
[2026-04-21T18:46:43.455146+00:00] [INFO]   sleeping 900s until next cycle
[2026-04-21T19:01:43.611848+00:00] [INFO] === cycle 192 ===
[2026-04-21T19:01:44.333241+00:00] [INFO]   wrote session briefing (10 capability groups, 0 broken integrations)
[2026-04-21T19:01:44.333508+00:00] [INFO]   cycle 192 done in 0.7s, 0 actions
[2026-04-21T19:01:44.333587+00:00] [INFO]   sleeping 900s until next cycle
[2026-04-21T19:16:44.491215+00:00] [INFO] === cycle 193 ===
[2026-04-21T19:16:45.312483+00:00] [INFO]   wrote session briefing (10 capability groups, 0 broken integrations)
[2026-04-21T19:16:45.312796+00:00] [INFO]   cycle 193 done in 0.8s, 0 actions
[2026-04-21T19:16:45.312886+00:00] [INFO]   sleeping 900s until next cycle
[2026-04-21T19:31:45.469702+00:00] [INFO] === cycle 194 ===
[2026-04-21T19:31:46.305139+00:00] [INFO]   wrote session briefing (10 capability groups, 0 broken integrations)
[2026-04-21T19:31:46.305395+00:00] [INFO]   cycle 194 done in 0.8s, 0 actions
[2026-04-21T19:31:46.305480+00:00] [INFO]   sleeping 900s until next cycle
[2026-04-21T19:46:46.457899+00:00] [INFO] === cycle 195 ===
[2026-04-21T19:46:47.330655+00:00] [INFO]   wrote session briefing (10 capability groups, 0 broken integrations)
[2026-04-21T19:46:47.330915+00:00] [INFO]   cycle 195 done in 0.9s, 0 actions
[2026-04-21T19:46:47.331004+00:00] [INFO]   sleeping 900s until next cycle
[2026-04-21T20:01:47.488666+00:00] [INFO] === cycle 196 ===
[2026-04-21T20:01:48.250876+00:00] [INFO]   wrote session briefing (10 capability groups, 0 broken integrations)
[2026-04-21T20:01:48.251151+00:00] [INFO]   cycle 196 done in 0.8s, 0 actions
[2026-04-21T20:01:48.251246+00:00] [INFO]   sleeping 900s until next cycle
[2026-04-21T20:16:48.409547+00:00] [INFO] === cycle 197 ===
[2026-04-21T20:16:49.269532+00:00] [INFO]   wrote session briefing (10 capability groups, 0 broken integrations)
[2026-04-21T20:16:49.269839+00:00] [INFO]   cycle 197 done in 0.9s, 0 actions
[2026-04-21T20:16:49.269939+00:00] [INFO]   sleeping 900s until next cycle
[2026-04-21T20:31:49.427473+00:00] [INFO] === cycle 198 ===
[2026-04-21T20:31:50.179446+00:00] [INFO]   wrote session briefing (10 capability groups, 0 broken integrations)
[2026-04-21T20:31:50.179760+00:00] [INFO]   cycle 198 done in 0.8s, 0 actions
[2026-04-21T20:31:50.179849+00:00] [INFO]   sleeping 900s until next cycle
[2026-04-21T20:46:50.336742+00:00] [INFO] === cycle 199 ===
[2026-04-21T20:46:51.169496+00:00] [INFO]   wrote session briefing (10 capability groups, 0 broken integrations)
[2026-04-21T20:46:51.169767+00:00] [INFO]   cycle 199 done in 0.8s, 0 actions
[2026-04-21T20:46:51.169852+00:00] [INFO]   sleeping 900s until next cycle
[2026-04-21T21:01:51.327774+00:00] [INFO] === cycle 200 ===
[2026-04-21T21:01:52.053315+00:00] [INFO]   wrote session briefing (10 capability groups, 0 broken integrations)
[2026-04-21T21:01:52.053606+00:00] [INFO]   cycle 200 done in 0.7s, 0 actions
[2026-04-21T21:01:52.053694+00:00] [INFO]   sleeping 900s until next cycle
[2026-04-21T21:16:52.210810+00:00] [INFO] === cycle 201 ===
[2026-04-21T21:16:53.066352+00:00] [INFO]   wrote session briefing (10 capability groups, 0 broken integrations)
[2026-04-21T21:16:53.066635+00:00] [INFO]   cycle 201 done in 0.9s, 0 actions
[2026-04-21T21:16:53.066723+00:00] [INFO]   sleeping 900s until next cycle
[2026-04-21T21:31:53.223320+00:00] [INFO] === cycle 202 ===
[2026-04-21T21:31:53.930562+00:00] [INFO]   wrote session briefing (10 capability groups, 0 broken integrations)
[2026-04-21T21:31:53.930692+00:00] [INFO]   cycle 202 done in 0.7s, 0 actions
[2026-04-21T21:31:53.930776+00:00] [INFO]   sleeping 900s until next cycle
[2026-04-21T21:46:54.087890+00:00] [INFO] === cycle 203 ===
[2026-04-21T21:46:54.934654+00:00] [INFO]   wrote session briefing (10 capability groups, 0 broken integrations)
[2026-04-21T21:46:54.934792+00:00] [INFO]   cycle 203 done in 0.8s, 0 actions
[2026-04-21T21:46:54.934878+00:00] [INFO]   sleeping 900s until next cycle
[2026-04-21T22:01:55.089173+00:00] [INFO] === cycle 204 ===
[2026-04-21T22:01:55.091667+00:00] [INFO]   refreshing capability manifest
[2026-04-21T22:01:56.926521+00:00] [INFO]   wrote session briefing (10 capability groups, 0 broken integrations)
[2026-04-21T22:01:56.926801+00:00] [INFO]   cycle 204 done in 1.8s, 0 actions
[2026-04-21T22:01:56.926892+00:00] [INFO]   sleeping 900s until next cycle
[2026-04-21T22:16:57.083283+00:00] [INFO] === cycle 205 ===
[2026-04-21T22:16:57.970315+00:00] [INFO]   wrote session briefing (10 capability groups, 0 broken integrations)
[2026-04-21T22:16:57.970638+00:00] [INFO]   cycle 205 done in 0.9s, 0 actions
[2026-04-21T22:16:57.970748+00:00] [INFO]   sleeping 900s until next cycle
[2026-04-21T22:31:58.127846+00:00] [INFO] === cycle 206 ===
[2026-04-21T22:31:58.730863+00:00] [INFO]   wrote session briefing (10 capability groups, 0 broken integrations)
[2026-04-21T22:31:58.730989+00:00] [INFO]   cycle 206 done in 0.6s, 0 actions
[2026-04-21T22:31:58.731070+00:00] [INFO]   sleeping 900s until next cycle
[2026-04-21T22:46:58.887557+00:00] [INFO] === cycle 207 ===
[2026-04-21T22:46:59.734904+00:00] [INFO]   wrote session briefing (10 capability groups, 0 broken integrations)
[2026-04-21T22:46:59.735180+00:00] [INFO]   cycle 207 done in 0.8s, 0 actions
[2026-04-21T22:46:59.735266+00:00] [INFO]   sleeping 900s until next cycle
[2026-04-21T23:01:59.892603+00:00] [INFO] === cycle 208 ===
[2026-04-21T23:02:00.641140+00:00] [INFO]   wrote session briefing (10 capability groups, 0 broken integrations)
[2026-04-21T23:02:00.641401+00:00] [INFO]   cycle 208 done in 0.7s, 0 actions
[2026-04-21T23:02:00.641484+00:00] [INFO]   sleeping 900s until next cycle
[2026-04-21T23:17:00.781734+00:00] [INFO] === cycle 209 ===
[2026-04-21T23:17:01.629009+00:00] [INFO]   wrote session briefing (10 capability groups, 0 broken integrations)
[2026-04-21T23:17:01.629291+00:00] [INFO]   cycle 209 done in 0.8s, 0 actions
[2026-04-21T23:17:01.629382+00:00] [INFO]   sleeping 900s until next cycle
[2026-04-21T23:32:01.786058+00:00] [INFO] === cycle 210 ===
[2026-04-21T23:32:02.452175+00:00] [INFO]   wrote session briefing (10 capability groups, 0 broken integrations)
[2026-04-21T23:32:02.452417+00:00] [INFO]   cycle 210 done in 0.7s, 0 actions
[2026-04-21T23:32:02.452494+00:00] [INFO]   sleeping 900s until next cycle
[2026-04-21T23:47:02.608614+00:00] [INFO] === cycle 211 ===
[2026-04-21T23:47:03.455864+00:00] [INFO]   wrote session briefing (10 capability groups, 0 broken integrations)
[2026-04-21T23:47:03.456117+00:00] [INFO]   cycle 211 done in 0.8s, 0 actions
[2026-04-21T23:47:03.456203+00:00] [INFO]   sleeping 900s until next cycle
[2026-04-22T00:02:03.613218+00:00] [INFO] === cycle 212 ===
[2026-04-22T00:02:04.180734+00:00] [INFO]   wrote session briefing (10 capability groups, 0 broken integrations)
[2026-04-22T00:02:04.180888+00:00] [INFO]   cycle 212 done in 0.6s, 0 actions
[2026-04-22T00:02:04.180987+00:00] [INFO]   sleeping 900s until next cycle
[2026-04-22T00:17:04.336671+00:00] [INFO] === cycle 213 ===
[2026-04-22T00:17:05.185949+00:00] [INFO]   wrote session briefing (10 capability groups, 0 broken integrations)
[2026-04-22T00:17:05.186218+00:00] [INFO]   cycle 213 done in 0.8s, 0 actions
[2026-04-22T00:17:05.186310+00:00] [INFO]   sleeping 900s until next cycle
[2026-04-22T00:27:57.377513+00:00] [INFO] signal 15, exiting cleanly
[2026-04-22T00:27:57.485590+00:00] [INFO] === ORCHESTRATOR STARTED pid=76803 ===
[2026-04-22T00:27:57.485972+00:00] [INFO] === cycle 214 ===
[2026-04-22T00:27:58.161571+00:00] [INFO] === roadmap-driver cycle ===
[2026-04-22T00:27:58.174905+00:00] [INFO] budget check: budget block at 9.0%
[2026-04-22T00:27:58.175630+00:00] [INFO] SKIP — queue depth 5 >= cap 5
[2026-04-22T00:27:58.175683+00:00] [INFO]   ROADMAP-DRIVER status: skipped_queue_full
[2026-04-22T00:27:58.176433+00:00] [INFO]   wrote session briefing (10 capability groups, 0 broken integrations)
[2026-04-22T00:27:58.176651+00:00] [INFO]   cycle 214 done in 0.7s, 0 actions
[2026-04-22T00:27:58.176709+00:00] [INFO]   sleeping 900s until next cycle
[2026-04-22T00:42:58.333056+00:00] [INFO] === cycle 215 ===
[2026-04-22T00:42:59.057982+00:00] [INFO] === roadmap-driver cycle ===
[2026-04-22T00:42:59.072879+00:00] [INFO] budget check: budget block at 9.0%
[2026-04-22T00:42:59.073638+00:00] [INFO] SKIP — queue depth 5 >= cap 5
[2026-04-22T00:42:59.073700+00:00] [INFO]   ROADMAP-DRIVER status: skipped_queue_full
[2026-04-22T00:42:59.074467+00:00] [INFO]   wrote session briefing (10 capability groups, 0 broken integrations)
[2026-04-22T00:42:59.074734+00:00] [INFO]   cycle 215 done in 0.7s, 0 actions
[2026-04-22T00:42:59.074803+00:00] [INFO]   sleeping 900s until next cycle
[2026-04-22T00:57:59.231289+00:00] [INFO] === cycle 216 ===
[2026-04-22T00:58:00.209752+00:00] [INFO] === roadmap-driver cycle ===
[2026-04-22T00:58:00.241710+00:00] [INFO] budget check: budget block at 6.0%
[2026-04-22T00:58:00.243200+00:00] [INFO] SKIP — queue depth 5 >= cap 5
[2026-04-22T00:58:00.243324+00:00] [INFO]   ROADMAP-DRIVER status: skipped_queue_full
[2026-04-22T00:58:00.245076+00:00] [INFO]   wrote session briefing (10 capability groups, 0 broken integrations)
[2026-04-22T00:58:00.245281+00:00] [INFO]   cycle 216 done in 1.0s, 0 actions
[2026-04-22T00:58:00.245391+00:00] [INFO]   sleeping 900s until next cycle
[2026-04-22T01:13:00.347301+00:00] [INFO] === cycle 217 ===
[2026-04-22T01:13:00.927428+00:00] [INFO] === roadmap-driver cycle ===
[2026-04-22T01:13:00.941366+00:00] [INFO] budget check: budget block at 6.0%
[2026-04-22T01:13:00.942089+00:00] [INFO] SKIP — queue depth 5 >= cap 5
[2026-04-22T01:13:00.942144+00:00] [INFO]   ROADMAP-DRIVER status: skipped_queue_full
[2026-04-22T01:13:00.943044+00:00] [INFO]   wrote session briefing (10 capability groups, 0 broken integrations)
[2026-04-22T01:13:00.943277+00:00] [INFO]   cycle 217 done in 0.6s, 0 actions
[2026-04-22T01:13:00.943339+00:00] [INFO]   sleeping 900s until next cycle
[2026-04-22T01:28:01.099648+00:00] [INFO] === cycle 218 ===
[2026-04-22T01:28:01.663345+00:00] [INFO] === roadmap-driver cycle ===
[2026-04-22T01:28:01.677294+00:00] [INFO] budget check: budget block at 6.0%
[2026-04-22T01:28:01.678026+00:00] [INFO] SKIP — queue depth 5 >= cap 5
[2026-04-22T01:28:01.678081+00:00] [INFO]   ROADMAP-DRIVER status: skipped_queue_full
[2026-04-22T01:28:01.679105+00:00] [INFO]   wrote session briefing (10 capability groups, 0 broken integrations)
[2026-04-22T01:28:01.679204+00:00] [INFO]   cycle 218 done in 0.6s, 0 actions
[2026-04-22T01:28:01.679266+00:00] [INFO]   sleeping 900s until next cycle
[2026-04-22T01:43:01.835571+00:00] [INFO] === cycle 219 ===
[2026-04-22T01:43:02.608888+00:00] [INFO] === roadmap-driver cycle ===
[2026-04-22T01:43:02.627255+00:00] [INFO] budget check: budget block at 6.0%
[2026-04-22T01:43:02.628162+00:00] [INFO] SKIP — queue depth 5 >= cap 5
[2026-04-22T01:43:02.628228+00:00] [INFO]   ROADMAP-DRIVER status: skipped_queue_full
[2026-04-22T01:43:02.630638+00:00] [INFO]   wrote session briefing (10 capability groups, 0 broken integrations)
[2026-04-22T01:43:02.630919+00:00] [INFO]   cycle 219 done in 0.8s, 0 actions
[2026-04-22T01:43:02.630995+00:00] [INFO]   sleeping 900s until next cycle
[2026-04-22T01:58:02.788903+00:00] [INFO] === cycle 220 ===
[2026-04-22T01:58:03.398689+00:00] [INFO] === roadmap-driver cycle ===
[2026-04-22T01:58:03.423222+00:00] [INFO] budget check: budget block at 34.5%
[2026-04-22T01:58:03.438812+00:00] [INFO]   roadmap_decisions_dashboard_endpoint: already in pending queue
[2026-04-22T01:58:03.439433+00:00] [INFO]   roadmap_exit_playbook_v1: already in pending queue
[2026-04-22T01:58:03.440007+00:00] [INFO]   roadmap_ibit_decision_through_engine: already in pending queue
[2026-04-22T01:58:03.440101+00:00] [INFO]   PUSHED roadmap_orch_alpha_v3_tile  sev=MEDIUM  Add ALPHA V3 tile to ORCH dashboard tab
[2026-04-22T01:58:03.440151+00:00] [INFO]   PUSHED roadmap_alpha_v3_edge_iv_percentile  sev=MEDIUM  Add IV percentile edge to alpha_v3
[2026-04-22T01:58:03.441513+00:00] [INFO] === done — pushed 2 tasks, queue now 5 ===
[2026-04-22T01:58:03.441649+00:00] [INFO]   ROADMAP-DRIVER: pushed 2 build tasks (queue depth now 5)
[2026-04-22T01:58:03.442672+00:00] [INFO]   wrote session briefing (10 capability groups, 0 broken integrations)
[2026-04-22T01:58:03.443004+00:00] [INFO]   cycle 220 done in 0.7s, 2 actions
[2026-04-22T01:58:03.443095+00:00] [INFO]   sleeping 120s until next cycle
[2026-04-22T02:00:03.594130+00:00] [INFO] === cycle 221 ===
[2026-04-22T02:00:04.142580+00:00] [INFO] === roadmap-driver cycle ===
[2026-04-22T02:00:04.158651+00:00] [INFO] budget check: budget block at 37.5%
[2026-04-22T02:00:04.159399+00:00] [INFO] SKIP — queue depth 5 >= cap 5
[2026-04-22T02:00:04.159455+00:00] [INFO]   ROADMAP-DRIVER status: skipped_queue_full
[2026-04-22T02:00:04.160197+00:00] [INFO]   wrote session briefing (10 capability groups, 0 broken integrations)
[2026-04-22T02:00:04.160451+00:00] [INFO]   cycle 221 done in 0.6s, 0 actions
[2026-04-22T02:00:04.160514+00:00] [INFO]   sleeping 900s until next cycle
[2026-04-22T02:05:17.238120+00:00] [INFO] signal 15, exiting cleanly
[2026-04-22T02:05:17.339528+00:00] [INFO] === ORCHESTRATOR STARTED pid=86540 ===
[2026-04-22T02:05:17.339985+00:00] [INFO] === cycle 222 ===
[2026-04-22T02:05:17.964695+00:00] [INFO] === roadmap-driver cycle ===
[2026-04-22T02:05:17.980411+00:00] [INFO] budget check: budget block at 38.5%
[2026-04-22T02:05:17.994023+00:00] [INFO]   roadmap_decisions_dashboard_endpoint: already in pending queue
[2026-04-22T02:05:17.994969+00:00] [INFO]   roadmap_ibit_decision_through_engine: already in pending queue
[2026-04-22T02:05:17.995039+00:00] [INFO]   PUSHED roadmap_orch_alpha_v3_tile  sev=MEDIUM  Add ALPHA V3 tile to ORCH dashboard tab
[2026-04-22T02:05:17.995075+00:00] [INFO]   PUSHED roadmap_alpha_v3_edge_iv_percentile  sev=MEDIUM  Add IV percentile edge to alpha_v3
[2026-04-22T02:05:17.995115+00:00] [INFO]   PUSHED roadmap_correlation_scanner_wired  sev=MEDIUM  Wire correlation scanner into alpha_v3 as edge_correlation_b
[2026-04-22T02:05:17.996174+00:00] [INFO] === done — pushed 3 tasks, queue now 5 ===
[2026-04-22T02:05:17.996285+00:00] [INFO]   ROADMAP-DRIVER: pushed 3 build tasks (queue depth now 5)
[2026-04-22T02:05:17.996864+00:00] [WARN] manifest inject failed: name 'manifest' is not defined
[2026-04-22T02:05:17.997200+00:00] [INFO]   wrote session briefing (15 capability groups, 0 broken integrations)
[2026-04-22T02:05:17.997430+00:00] [INFO]   cycle 222 done in 0.7s, 3 actions
[2026-04-22T02:05:17.997494+00:00] [INFO]   sleeping 120s until next cycle
[2026-04-22T02:07:18.148520+00:00] [INFO] === cycle 223 ===
[2026-04-22T02:07:18.721738+00:00] [INFO] === roadmap-driver cycle ===
[2026-04-22T02:07:18.739266+00:00] [INFO] budget check: budget block at 38.5%
[2026-04-22T02:07:18.740074+00:00] [INFO] SKIP — queue depth 5 >= cap 5
[2026-04-22T02:07:18.740144+00:00] [INFO]   ROADMAP-DRIVER status: skipped_queue_full
[2026-04-22T02:07:18.740736+00:00] [WARN] manifest inject failed: name 'manifest' is not defined
[2026-04-22T02:07:18.741046+00:00] [INFO]   wrote session briefing (15 capability groups, 0 broken integrations)
[2026-04-22T02:07:18.741373+00:00] [INFO]   cycle 223 done in 0.6s, 0 actions
[2026-04-22T02:07:18.741440+00:00] [INFO]   sleeping 900s until next cycle
[2026-04-22T02:11:06.406151+00:00] [INFO] signal 15, exiting cleanly
[2026-04-22T02:11:06.486721+00:00] [INFO] === ORCHESTRATOR STARTED pid=87007 ===
[2026-04-22T02:11:06.487128+00:00] [INFO] === cycle 224 ===
[2026-04-22T02:11:07.175435+00:00] [INFO] === roadmap-driver cycle ===
[2026-04-22T02:11:07.191286+00:00] [INFO] budget check: budget block at 38.5%
[2026-04-22T02:11:07.192026+00:00] [INFO] SKIP — queue depth 5 >= cap 5
[2026-04-22T02:11:07.192086+00:00] [INFO]   ROADMAP-DRIVER status: skipped_queue_full
[2026-04-22T02:11:07.192968+00:00] [INFO]   wrote session briefing (15 capability groups, 0 broken integrations)
[2026-04-22T02:11:07.193258+00:00] [INFO]   cycle 224 done in 0.7s, 0 actions
[2026-04-22T02:11:07.193324+00:00] [INFO]   sleeping 900s until next cycle
[2026-04-22T02:26:07.349189+00:00] [INFO] === cycle 225 ===
[2026-04-22T02:26:07.887297+00:00] [INFO] === roadmap-driver cycle ===
[2026-04-22T02:26:07.905209+00:00] [INFO] budget check: budget block at 72.5% >= 70% threshold
[2026-04-22T02:26:07.905250+00:00] [INFO] SKIP — budget threshold exceeded
[2026-04-22T02:26:07.905318+00:00] [INFO]   ROADMAP-DRIVER status: skipped_budget
[2026-04-22T02:26:07.906178+00:00] [INFO]   wrote session briefing (15 capability groups, 0 broken integrations)
[2026-04-22T02:26:07.906426+00:00] [INFO]   cycle 225 done in 0.6s, 0 actions
[2026-04-22T02:26:07.906491+00:00] [INFO]   sleeping 900s until next cycle
[2026-04-22T02:41:08.063050+00:00] [INFO] === cycle 226 ===
[2026-04-22T02:41:08.746698+00:00] [INFO] === roadmap-driver cycle ===
[2026-04-22T02:41:08.765282+00:00] [INFO] budget check: budget block at 72.5% >= 70% threshold
[2026-04-22T02:41:08.765321+00:00] [INFO] SKIP — budget threshold exceeded
[2026-04-22T02:41:08.765370+00:00] [INFO]   ROADMAP-DRIVER status: skipped_budget
[2026-04-22T02:41:08.766231+00:00] [INFO]   wrote session briefing (15 capability groups, 0 broken integrations)
[2026-04-22T02:41:08.766509+00:00] [INFO]   cycle 226 done in 0.7s, 0 actions
[2026-04-22T02:41:08.766579+00:00] [INFO]   sleeping 900s until next cycle
[2026-04-22T02:56:08.923414+00:00] [INFO] === cycle 227 ===
[2026-04-22T02:56:09.445630+00:00] [INFO] === roadmap-driver cycle ===
[2026-04-22T02:56:09.463016+00:00] [INFO] budget check: budget block at 69.5%
[2026-04-22T02:56:09.475697+00:00] [INFO]   roadmap_alpha_v3_edge_iv_percentile: already in pending queue
[2026-04-22T02:56:09.475784+00:00] [INFO]   roadmap_correlation_scanner_wired: already in pending queue
[2026-04-22T02:56:09.483683+00:00] [INFO]   PUSHED roadmap_pretrade_checklist  sev=MEDIUM  Build pre-trade checklist tool that gates new deployments
[2026-04-22T02:56:09.483743+00:00] [INFO]   PUSHED roadmap_infra_scout_ranker_launchagent  sev=MEDIUM  Schedule infra-scout-ranker.py via LaunchAgent (uses Spark S
[2026-04-22T02:56:09.483778+00:00] [INFO]   PUSHED roadmap_alpha_v3_weekly_backtest  sev=MEDIUM  Build weekly walk-forward backtest for alpha_v3 hypotheses
[2026-04-22T02:56:09.484887+00:00] [INFO] === done — pushed 3 tasks, queue now 5 ===
[2026-04-22T02:56:09.485012+00:00] [INFO]   ROADMAP-DRIVER: pushed 3 build tasks (queue depth now 5)
[2026-04-22T02:56:09.485904+00:00] [INFO]   wrote session briefing (15 capability groups, 0 broken integrations)
[2026-04-22T02:56:09.486165+00:00] [INFO]   cycle 227 done in 0.6s, 3 actions
[2026-04-22T02:56:09.486234+00:00] [INFO]   sleeping 120s until next cycle
[2026-04-22T02:58:09.637357+00:00] [INFO] === cycle 228 ===
[2026-04-22T02:58:10.149797+00:00] [INFO] === roadmap-driver cycle ===
[2026-04-22T02:58:10.166855+00:00] [INFO] budget check: budget block at 69.5%
[2026-04-22T02:58:10.167619+00:00] [INFO] SKIP — queue depth 5 >= cap 5
[2026-04-22T02:58:10.167684+00:00] [INFO]   ROADMAP-DRIVER status: skipped_queue_full
[2026-04-22T02:58:10.169435+00:00] [INFO]   wrote session briefing (15 capability groups, 0 broken integrations)
[2026-04-22T02:58:10.169550+00:00] [INFO]   cycle 228 done in 0.5s, 0 actions
[2026-04-22T02:58:10.169618+00:00] [INFO]   sleeping 900s until next cycle
[2026-04-22T03:13:10.326322+00:00] [INFO] === cycle 229 ===
[2026-04-22T03:13:10.876833+00:00] [INFO] === roadmap-driver cycle ===
[2026-04-22T03:13:10.896233+00:00] [INFO] budget check: budget block at 69.5%
[2026-04-22T03:13:10.896990+00:00] [INFO] SKIP — queue depth 5 >= cap 5
[2026-04-22T03:13:10.897049+00:00] [INFO]   ROADMAP-DRIVER status: skipped_queue_full
[2026-04-22T03:13:10.897939+00:00] [INFO]   wrote session briefing (15 capability groups, 0 broken integrations)
[2026-04-22T03:13:10.898202+00:00] [INFO]   cycle 229 done in 0.6s, 0 actions
[2026-04-22T03:13:10.898269+00:00] [INFO]   sleeping 900s until next cycle
[2026-04-22T03:28:11.056705+00:00] [INFO] === cycle 230 ===
[2026-04-22T03:28:11.604783+00:00] [INFO] === roadmap-driver cycle ===
[2026-04-22T03:28:11.623046+00:00] [INFO] budget check: budget block at 69.5%
[2026-04-22T03:28:11.623804+00:00] [INFO] SKIP — queue depth 5 >= cap 5
[2026-04-22T03:28:11.623863+00:00] [INFO]   ROADMAP-DRIVER status: skipped_queue_full
[2026-04-22T03:28:11.624726+00:00] [INFO]   wrote session briefing (15 capability groups, 0 broken integrations)
[2026-04-22T03:28:11.624992+00:00] [INFO]   cycle 230 done in 0.6s, 0 actions
[2026-04-22T03:28:11.625064+00:00] [INFO]   sleeping 900s until next cycle
[2026-04-22T03:43:11.781986+00:00] [INFO] === cycle 231 ===
[2026-04-22T03:43:12.370478+00:00] [INFO] === roadmap-driver cycle ===
[2026-04-22T03:43:12.388431+00:00] [INFO] budget check: budget block at 69.5%
[2026-04-22T03:43:12.389192+00:00] [INFO] SKIP — queue depth 5 >= cap 5
[2026-04-22T03:43:12.389251+00:00] [INFO]   ROADMAP-DRIVER status: skipped_queue_full
[2026-04-22T03:43:12.390116+00:00] [INFO]   wrote session briefing (15 capability groups, 0 broken integrations)
[2026-04-22T03:43:12.390360+00:00] [INFO]   cycle 231 done in 0.6s, 0 actions
[2026-04-22T03:43:12.390425+00:00] [INFO]   sleeping 900s until next cycle
[2026-04-22T03:58:12.545643+00:00] [INFO] === cycle 232 ===
[2026-04-22T03:58:13.077302+00:00] [INFO] === roadmap-driver cycle ===
[2026-04-22T03:58:13.094270+00:00] [INFO] budget check: budget block at 69.5%
[2026-04-22T03:58:13.095031+00:00] [INFO] SKIP — queue depth 5 >= cap 5
[2026-04-22T03:58:13.095091+00:00] [INFO]   ROADMAP-DRIVER status: skipped_queue_full
[2026-04-22T03:58:13.095960+00:00] [INFO]   wrote session briefing (15 capability groups, 0 broken integrations)
[2026-04-22T03:58:13.096215+00:00] [INFO]   cycle 232 done in 0.6s, 0 actions
[2026-04-22T03:58:13.096284+00:00] [INFO]   sleeping 900s until next cycle
[2026-04-22T04:13:13.252158+00:00] [INFO] === cycle 233 ===
[2026-04-22T04:13:14.062108+00:00] [INFO] === roadmap-driver cycle ===
[2026-04-22T04:13:14.079327+00:00] [INFO] budget check: budget block at 69.5%
[2026-04-22T04:13:14.080104+00:00] [INFO] SKIP — queue depth 5 >= cap 5
[2026-04-22T04:13:14.080170+00:00] [INFO]   ROADMAP-DRIVER status: skipped_queue_full
[2026-04-22T04:13:14.081375+00:00] [INFO]   wrote session briefing (15 capability groups, 0 broken integrations)
[2026-04-22T04:13:14.081648+00:00] [INFO]   cycle 233 done in 0.8s, 0 actions
[2026-04-22T04:13:14.081720+00:00] [INFO]   sleeping 900s until next cycle
[2026-04-22T04:28:14.238190+00:00] [INFO] === cycle 234 ===
[2026-04-22T04:28:14.824125+00:00] [INFO] === roadmap-driver cycle ===
[2026-04-22T04:28:14.843820+00:00] [INFO] budget check: budget block at 98.5% >= 70% threshold
[2026-04-22T04:28:14.843882+00:00] [INFO] SKIP — budget threshold exceeded
[2026-04-22T04:28:14.843912+00:00] [INFO]   ROADMAP-DRIVER status: skipped_budget
[2026-04-22T04:28:14.844930+00:00] [INFO]   wrote session briefing (15 capability groups, 0 broken integrations)
[2026-04-22T04:28:14.845148+00:00] [INFO]   cycle 234 done in 0.6s, 0 actions
[2026-04-22T04:28:14.845212+00:00] [INFO]   sleeping 3600s until next cycle
[2026-04-22T05:28:14.975713+00:00] [INFO] === cycle 235 ===
[2026-04-22T05:28:15.575106+00:00] [INFO] === roadmap-driver cycle ===
[2026-04-22T05:28:15.594456+00:00] [INFO] budget check: budget block at 95.5% >= 70% threshold
[2026-04-22T05:28:15.594497+00:00] [INFO] SKIP — budget threshold exceeded
[2026-04-22T05:28:15.594560+00:00] [INFO]   ROADMAP-DRIVER status: skipped_budget
[2026-04-22T05:28:15.595885+00:00] [INFO]   wrote session briefing (15 capability groups, 0 broken integrations)
[2026-04-22T05:28:15.596118+00:00] [INFO]   cycle 235 done in 0.6s, 0 actions
[2026-04-22T05:28:15.596184+00:00] [INFO]   sleeping 3600s until next cycle
[2026-04-22T06:28:15.676529+00:00] [INFO] === cycle 236 ===
[2026-04-22T06:28:15.679238+00:00] [INFO]   refreshing capability manifest
[2026-04-22T06:28:17.588059+00:00] [INFO] === roadmap-driver cycle ===
[2026-04-22T06:28:17.608660+00:00] [INFO] budget check: budget block at 112.5% >= 70% threshold
[2026-04-22T06:28:17.608718+00:00] [INFO] SKIP — budget threshold exceeded
[2026-04-22T06:28:17.608776+00:00] [INFO]   ROADMAP-DRIVER status: skipped_budget
[2026-04-22T06:28:17.609957+00:00] [INFO]   wrote session briefing (15 capability groups, 0 broken integrations)
[2026-04-22T06:28:17.610212+00:00] [INFO]   cycle 236 done in 1.9s, 0 actions
[2026-04-22T06:28:17.610285+00:00] [INFO]   sleeping 3600s until next cycle
[2026-04-22T07:28:17.787753+00:00] [INFO] === cycle 237 ===
[2026-04-22T07:28:18.463385+00:00] [INFO] === roadmap-driver cycle ===
[2026-04-22T07:28:18.483824+00:00] [INFO] budget check: budget block at 46.0%
[2026-04-22T07:28:18.498195+00:00] [INFO]   PUSHED roadmap_orch_dashboard_roadmap_tile  sev=LOW  Add ROADMAP-DRIVER tile to ORCH dashboard tab
[2026-04-22T07:28:18.498265+00:00] [INFO]   PUSHED roadmap_edge_track_record_in_briefing  sev=LOW  Verify morning briefing edge-weight track record line is wir
[2026-04-22T07:28:18.498307+00:00] [INFO]   PUSHED roadmap_alpha_v3_edge_term_structure  sev=LOW  Add edge_term_structure to alpha_v3 (front-month vs back-mon
[2026-04-22T07:28:18.499794+00:00] [INFO] === done — pushed 3 tasks, queue now 3 ===
[2026-04-22T07:28:18.499920+00:00] [INFO]   ROADMAP-DRIVER: pushed 3 build tasks (queue depth now 3)
[2026-04-22T07:28:18.501290+00:00] [INFO]   wrote session briefing (15 capability groups, 0 broken integrations)
[2026-04-22T07:28:18.501499+00:00] [INFO]   cycle 237 done in 0.7s, 3 actions
[2026-04-22T07:28:18.501578+00:00] [INFO]   sleeping 120s until next cycle
[2026-04-22T07:30:18.637139+00:00] [INFO] === cycle 238 ===
[2026-04-22T07:30:19.193183+00:00] [INFO] === roadmap-driver cycle ===
[2026-04-22T07:30:19.213968+00:00] [INFO] budget check: budget block at 46.0%
[2026-04-22T07:30:19.227305+00:00] [INFO]   roadmap_orch_dashboard_roadmap_tile: already in pending queue
[2026-04-22T07:30:19.227435+00:00] [INFO]   roadmap_edge_track_record_in_briefing: already in pending queue
[2026-04-22T07:30:19.227525+00:00] [INFO]   roadmap_alpha_v3_edge_term_structure: already in pending queue
[2026-04-22T07:30:19.227567+00:00] [INFO] nothing to push — all roadmap items either complete or in cooldown
[2026-04-22T07:30:19.228664+00:00] [INFO]   wrote session briefing (15 capability groups, 0 broken integrations)
[2026-04-22T07:30:19.228795+00:00] [INFO]   cycle 238 done in 0.6s, 0 actions
[2026-04-22T07:30:19.228873+00:00] [INFO]   sleeping 900s until next cycle
[2026-04-22T07:45:19.385863+00:00] [INFO] === cycle 239 ===
[2026-04-22T07:45:19.965372+00:00] [INFO] === roadmap-driver cycle ===
[2026-04-22T07:45:19.986073+00:00] [INFO] budget check: budget block at 46.0%
[2026-04-22T07:45:19.999671+00:00] [INFO]   roadmap_orch_dashboard_roadmap_tile: already in pending queue
[2026-04-22T07:45:19.999794+00:00] [INFO]   roadmap_edge_track_record_in_briefing: already in pending queue
[2026-04-22T07:45:19.999874+00:00] [INFO]   roadmap_alpha_v3_edge_term_structure: already in pending queue
[2026-04-22T07:45:19.999911+00:00] [INFO] nothing to push — all roadmap items either complete or in cooldown
[2026-04-22T07:45:20.001408+00:00] [INFO]   wrote session briefing (15 capability groups, 0 broken integrations)
[2026-04-22T07:45:20.001678+00:00] [INFO]   cycle 239 done in 0.6s, 0 actions
[2026-04-22T07:45:20.001755+00:00] [INFO]   sleeping 900s until next cycle
[2026-04-22T08:00:20.157698+00:00] [INFO] === cycle 240 ===
[2026-04-22T08:00:20.761089+00:00] [INFO] === roadmap-driver cycle ===
[2026-04-22T08:00:20.779173+00:00] [INFO] budget check: budget block at 46.0%
[2026-04-22T08:00:20.792751+00:00] [INFO]   roadmap_orch_dashboard_roadmap_tile: already in pending queue
[2026-04-22T08:00:20.792874+00:00] [INFO]   roadmap_edge_track_record_in_briefing: already in pending queue
[2026-04-22T08:00:20.792959+00:00] [INFO]   roadmap_alpha_v3_edge_term_structure: already in pending queue
[2026-04-22T08:00:20.792993+00:00] [INFO] nothing to push — all roadmap items either complete or in cooldown
[2026-04-22T08:00:20.795024+00:00] [INFO]   wrote session briefing (15 capability groups, 0 broken integrations)
[2026-04-22T08:00:20.795141+00:00] [INFO]   cycle 240 done in 0.6s, 0 actions
[2026-04-22T08:00:20.795209+00:00] [INFO]   sleeping 900s until next cycle
[2026-04-22T08:15:20.952304+00:00] [INFO] === cycle 241 ===
[2026-04-22T08:15:21.538673+00:00] [INFO] === roadmap-driver cycle ===
[2026-04-22T08:15:21.556992+00:00] [INFO] budget check: budget block at 46.0%
[2026-04-22T08:15:21.570284+00:00] [INFO]   roadmap_orch_dashboard_roadmap_tile: already in pending queue
[2026-04-22T08:15:21.570406+00:00] [INFO]   roadmap_edge_track_record_in_briefing: already in pending queue
[2026-04-22T08:15:21.570489+00:00] [INFO]   roadmap_alpha_v3_edge_term_structure: already in pending queue
[2026-04-22T08:15:21.570519+00:00] [INFO] nothing to push — all roadmap items either complete or in cooldown
[2026-04-22T08:15:21.571782+00:00] [INFO]   wrote session briefing (15 capability groups, 0 broken integrations)
[2026-04-22T08:15:21.571897+00:00] [INFO]   cycle 241 done in 0.6s, 0 actions
[2026-04-22T08:15:21.571966+00:00] [INFO]   sleeping 900s until next cycle
[2026-04-22T08:30:21.729584+00:00] [INFO] === cycle 242 ===
[2026-04-22T08:30:22.405030+00:00] [INFO] === roadmap-driver cycle ===
[2026-04-22T08:30:22.422111+00:00] [INFO] budget check: budget block at 59.5%
[2026-04-22T08:30:22.434893+00:00] [INFO]   roadmap_orch_dashboard_roadmap_tile: in cooldown (attempted within last 12h)
[2026-04-22T08:30:22.435025+00:00] [INFO]   roadmap_edge_track_record_in_briefing: in cooldown (attempted within last 12h)
[2026-04-22T08:30:22.435118+00:00] [INFO]   roadmap_alpha_v3_edge_term_structure: in cooldown (attempted within last 12h)
[2026-04-22T08:30:22.435176+00:00] [INFO] nothing to push — all roadmap items either complete or in cooldown
[2026-04-22T08:30:22.436247+00:00] [INFO]   wrote session briefing (15 capability groups, 0 broken integrations)
[2026-04-22T08:30:22.436380+00:00] [INFO]   cycle 242 done in 0.7s, 0 actions
[2026-04-22T08:30:22.436451+00:00] [INFO]   sleeping 900s until next cycle
[2026-04-22T08:45:22.501518+00:00] [INFO] === cycle 243 ===
[2026-04-22T08:45:23.344109+00:00] [INFO] === roadmap-driver cycle ===
[2026-04-22T08:45:23.363577+00:00] [INFO] budget check: budget block at 59.5%
[2026-04-22T08:45:23.377659+00:00] [INFO]   roadmap_orch_dashboard_roadmap_tile: in cooldown (attempted within last 12h)
[2026-04-22T08:45:23.377807+00:00] [INFO]   roadmap_edge_track_record_in_briefing: in cooldown (attempted within last 12h)
[2026-04-22T08:45:23.377906+00:00] [INFO]   roadmap_alpha_v3_edge_term_structure: in cooldown (attempted within last 12h)
[2026-04-22T08:45:23.377942+00:00] [INFO] nothing to push — all roadmap items either complete or in cooldown
[2026-04-22T08:45:23.379425+00:00] [INFO]   wrote session briefing (15 capability groups, 0 broken integrations)
[2026-04-22T08:45:23.379685+00:00] [INFO]   cycle 243 done in 0.9s, 0 actions
[2026-04-22T08:45:23.379759+00:00] [INFO]   sleeping 900s until next cycle
[2026-04-22T09:00:23.507556+00:00] [INFO] === cycle 244 ===
[2026-04-22T09:00:24.083521+00:00] [INFO] === roadmap-driver cycle ===
[2026-04-22T09:00:24.100872+00:00] [INFO] budget check: budget block at 59.5%
[2026-04-22T09:00:24.113548+00:00] [INFO]   roadmap_orch_dashboard_roadmap_tile: in cooldown (attempted within last 12h)
[2026-04-22T09:00:24.113695+00:00] [INFO]   roadmap_edge_track_record_in_briefing: in cooldown (attempted within last 12h)
[2026-04-22T09:00:24.113795+00:00] [INFO]   roadmap_alpha_v3_edge_term_structure: in cooldown (attempted within last 12h)
[2026-04-22T09:00:24.113836+00:00] [INFO] nothing to push — all roadmap items either complete or in cooldown
[2026-04-22T09:00:24.115096+00:00] [INFO]   wrote session briefing (15 capability groups, 0 broken integrations)
[2026-04-22T09:00:24.115369+00:00] [INFO]   cycle 244 done in 0.6s, 0 actions
[2026-04-22T09:00:24.115444+00:00] [INFO]   sleeping 900s until next cycle
[2026-04-22T09:15:24.212978+00:00] [INFO] === cycle 245 ===
[2026-04-22T09:15:24.942798+00:00] [INFO] === roadmap-driver cycle ===
[2026-04-22T09:15:24.959687+00:00] [INFO] budget check: budget block at 59.5%
[2026-04-22T09:15:24.972995+00:00] [INFO]   roadmap_orch_dashboard_roadmap_tile: in cooldown (attempted within last 12h)
[2026-04-22T09:15:24.973135+00:00] [INFO]   roadmap_edge_track_record_in_briefing: in cooldown (attempted within last 12h)
[2026-04-22T09:15:24.973228+00:00] [INFO]   roadmap_alpha_v3_edge_term_structure: in cooldown (attempted within last 12h)
[2026-04-22T09:15:24.973261+00:00] [INFO] nothing to push — all roadmap items either complete or in cooldown
[2026-04-22T09:15:24.974380+00:00] [INFO]   wrote session briefing (15 capability groups, 0 broken integrations)
[2026-04-22T09:15:24.974613+00:00] [INFO]   cycle 245 done in 0.8s, 0 actions
[2026-04-22T09:15:24.974685+00:00] [INFO]   sleeping 900s until next cycle
[2026-04-22T09:30:25.131606+00:00] [INFO] === cycle 246 ===
[2026-04-22T09:30:25.897533+00:00] [INFO] === roadmap-driver cycle ===
[2026-04-22T09:30:25.916874+00:00] [INFO] budget check: budget block at 30.5%
[2026-04-22T09:30:25.929907+00:00] [INFO]   roadmap_orch_dashboard_roadmap_tile: in cooldown (attempted within last 12h)
[2026-04-22T09:30:25.930037+00:00] [INFO]   roadmap_edge_track_record_in_briefing: in cooldown (attempted within last 12h)
[2026-04-22T09:30:25.930130+00:00] [INFO]   roadmap_alpha_v3_edge_term_structure: in cooldown (attempted within last 12h)
[2026-04-22T09:30:25.930165+00:00] [INFO] nothing to push — all roadmap items either complete or in cooldown
[2026-04-22T09:30:25.931670+00:00] [INFO]   wrote session briefing (15 capability groups, 0 broken integrations)
[2026-04-22T09:30:25.931912+00:00] [INFO]   cycle 246 done in 0.8s, 0 actions
[2026-04-22T09:30:25.931978+00:00] [INFO]   sleeping 900s until next cycle
[2026-04-22T09:45:26.010799+00:00] [INFO] === cycle 247 ===
[2026-04-22T09:45:26.786530+00:00] [INFO] === roadmap-driver cycle ===
[2026-04-22T09:45:26.804600+00:00] [INFO] budget check: budget block at 30.5%
[2026-04-22T09:45:26.817758+00:00] [INFO]   roadmap_orch_dashboard_roadmap_tile: in cooldown (attempted within last 12h)
[2026-04-22T09:45:26.817895+00:00] [INFO]   roadmap_edge_track_record_in_briefing: in cooldown (attempted within last 12h)
[2026-04-22T09:45:26.817988+00:00] [INFO]   roadmap_alpha_v3_edge_term_structure: in cooldown (attempted within last 12h)
[2026-04-22T09:45:26.818022+00:00] [INFO] nothing to push — all roadmap items either complete or in cooldown
[2026-04-22T09:45:26.819154+00:00] [INFO]   wrote session briefing (15 capability groups, 0 broken integrations)
[2026-04-22T09:45:26.819430+00:00] [INFO]   cycle 247 done in 0.8s, 0 actions
[2026-04-22T09:45:26.819507+00:00] [INFO]   sleeping 900s until next cycle
[2026-04-22T10:00:26.976440+00:00] [INFO] === cycle 248 ===
[2026-04-22T10:00:27.522639+00:00] [INFO] === roadmap-driver cycle ===
[2026-04-22T10:00:27.540303+00:00] [INFO] budget check: budget block at 30.5%
[2026-04-22T10:00:27.553415+00:00] [INFO]   roadmap_orch_dashboard_roadmap_tile: in cooldown (attempted within last 12h)
[2026-04-22T10:00:27.553556+00:00] [INFO]   roadmap_edge_track_record_in_briefing: in cooldown (attempted within last 12h)
[2026-04-22T10:00:27.553651+00:00] [INFO]   roadmap_alpha_v3_edge_term_structure: in cooldown (attempted within last 12h)
[2026-04-22T10:00:27.553686+00:00] [INFO] nothing to push — all roadmap items either complete or in cooldown
[2026-04-22T10:00:27.554797+00:00] [INFO]   wrote session briefing (15 capability groups, 0 broken integrations)
[2026-04-22T10:00:27.555076+00:00] [INFO]   cycle 248 done in 0.6s, 0 actions
[2026-04-22T10:00:27.555153+00:00] [INFO]   sleeping 900s until next cycle
[2026-04-22T10:15:27.710674+00:00] [INFO] === cycle 249 ===
[2026-04-22T10:15:28.449454+00:00] [INFO] === roadmap-driver cycle ===
[2026-04-22T10:15:28.466868+00:00] [INFO] budget check: budget block at 30.5%
[2026-04-22T10:15:28.479914+00:00] [INFO]   roadmap_orch_dashboard_roadmap_tile: in cooldown (attempted within last 12h)
[2026-04-22T10:15:28.480052+00:00] [INFO]   roadmap_edge_track_record_in_briefing: in cooldown (attempted within last 12h)
[2026-04-22T10:15:28.480151+00:00] [INFO]   roadmap_alpha_v3_edge_term_structure: in cooldown (attempted within last 12h)
[2026-04-22T10:15:28.480186+00:00] [INFO] nothing to push — all roadmap items either complete or in cooldown
[2026-04-22T10:15:28.481442+00:00] [INFO]   wrote session briefing (15 capability groups, 0 broken integrations)
[2026-04-22T10:15:28.481728+00:00] [INFO]   cycle 249 done in 0.8s, 0 actions
[2026-04-22T10:15:28.481804+00:00] [INFO]   sleeping 900s until next cycle
[2026-04-22T10:30:28.638383+00:00] [INFO] === cycle 250 ===
[2026-04-22T10:30:28.640907+00:00] [INFO]   refreshing capability manifest
[2026-04-22T10:30:30.575927+00:00] [INFO] === roadmap-driver cycle ===
[2026-04-22T10:30:30.590773+00:00] [INFO] budget check: budget block at 32.5%
[2026-04-22T10:30:30.603988+00:00] [INFO]   roadmap_orch_dashboard_roadmap_tile: in cooldown (attempted within last 12h)
[2026-04-22T10:30:30.604135+00:00] [INFO]   roadmap_edge_track_record_in_briefing: in cooldown (attempted within last 12h)
[2026-04-22T10:30:30.604230+00:00] [INFO]   roadmap_alpha_v3_edge_term_structure: in cooldown (attempted within last 12h)
[2026-04-22T10:30:30.604262+00:00] [INFO] nothing to push — all roadmap items either complete or in cooldown
[2026-04-22T10:30:30.605439+00:00] [INFO]   wrote session briefing (15 capability groups, 0 broken integrations)
[2026-04-22T10:30:30.605697+00:00] [INFO]   cycle 250 done in 2.0s, 0 actions
[2026-04-22T10:30:30.605768+00:00] [INFO]   sleeping 900s until next cycle
[2026-04-22T10:45:30.761339+00:00] [INFO] === cycle 251 ===
[2026-04-22T10:45:31.566195+00:00] [INFO] === roadmap-driver cycle ===
[2026-04-22T10:45:31.583455+00:00] [INFO] budget check: budget block at 61.0%
[2026-04-22T10:45:31.596356+00:00] [INFO]   roadmap_edge_track_record_in_briefing: in cooldown (attempted within last 12h)
[2026-04-22T10:45:31.596506+00:00] [INFO]   PUSHED roadmap_alpha_v3_edge_term_structure  sev=LOW  Add edge_term_structure to alpha_v3 (front-month vs back-mon
[2026-04-22T10:45:31.597658+00:00] [INFO] === done — pushed 1 tasks, queue now 1 ===
[2026-04-22T10:45:31.597794+00:00] [INFO]   ROADMAP-DRIVER: pushed 1 build tasks (queue depth now 1)
[2026-04-22T10:45:31.598887+00:00] [INFO]   wrote session briefing (15 capability groups, 0 broken integrations)
[2026-04-22T10:45:31.599012+00:00] [INFO]   cycle 251 done in 0.8s, 1 actions
[2026-04-22T10:45:31.599090+00:00] [INFO]   sleeping 120s until next cycle
[2026-04-22T10:47:31.750049+00:00] [INFO] === cycle 252 ===
[2026-04-22T10:47:32.433105+00:00] [INFO] === roadmap-driver cycle ===
[2026-04-22T10:47:32.451000+00:00] [INFO] budget check: budget block at 65.0%
[2026-04-22T10:47:32.463635+00:00] [INFO]   roadmap_edge_track_record_in_briefing: in cooldown (attempted within last 12h)
[2026-04-22T10:47:32.463745+00:00] [INFO] nothing to push — all roadmap items either complete or in cooldown
[2026-04-22T10:47:32.465777+00:00] [INFO]   wrote session briefing (15 capability groups, 0 broken integrations)
[2026-04-22T10:47:32.465915+00:00] [INFO]   cycle 252 done in 0.7s, 0 actions
[2026-04-22T10:47:32.465987+00:00] [INFO]   sleeping 900s until next cycle
[2026-04-22T11:02:32.622596+00:00] [INFO] === cycle 253 ===
[2026-04-22T11:02:33.150752+00:00] [INFO] === roadmap-driver cycle ===
[2026-04-22T11:02:33.168336+00:00] [INFO] budget check: budget block at 66.0%
[2026-04-22T11:02:33.181664+00:00] [INFO]   roadmap_edge_track_record_in_briefing: in cooldown (attempted within last 12h)
[2026-04-22T11:02:33.181776+00:00] [INFO] nothing to push — all roadmap items either complete or in cooldown
[2026-04-22T11:02:33.183019+00:00] [INFO]   wrote session briefing (15 capability groups, 0 broken integrations)
[2026-04-22T11:02:33.183299+00:00] [INFO]   cycle 253 done in 0.6s, 0 actions
[2026-04-22T11:02:33.183377+00:00] [INFO]   sleeping 900s until next cycle
[2026-04-22T11:17:33.341684+00:00] [INFO] === cycle 254 ===
[2026-04-22T11:17:34.192469+00:00] [INFO] === roadmap-driver cycle ===
[2026-04-22T11:17:34.210363+00:00] [INFO] budget check: budget block at 66.0%
[2026-04-22T11:17:34.223569+00:00] [INFO]   roadmap_edge_track_record_in_briefing: in cooldown (attempted within last 12h)
[2026-04-22T11:17:34.223684+00:00] [INFO] nothing to push — all roadmap items either complete or in cooldown
[2026-04-22T11:17:34.224961+00:00] [INFO]   wrote session briefing (15 capability groups, 0 broken integrations)
[2026-04-22T11:17:34.225222+00:00] [INFO]   cycle 254 done in 0.9s, 0 actions
[2026-04-22T11:17:34.225295+00:00] [INFO]   sleeping 900s until next cycle
[2026-04-22T11:32:34.381955+00:00] [INFO] === cycle 255 ===
[2026-04-22T11:32:35.115543+00:00] [INFO] === roadmap-driver cycle ===
[2026-04-22T11:32:35.133654+00:00] [INFO] budget check: budget block at 49.0%
[2026-04-22T11:32:35.146978+00:00] [INFO]   roadmap_edge_track_record_in_briefing: in cooldown (attempted within last 12h)
[2026-04-22T11:32:35.147086+00:00] [INFO] nothing to push — all roadmap items either complete or in cooldown
[2026-04-22T11:32:35.148187+00:00] [INFO]   wrote session briefing (15 capability groups, 0 broken integrations)
[2026-04-22T11:32:35.148312+00:00] [INFO]   cycle 255 done in 0.8s, 0 actions
[2026-04-22T11:32:35.148387+00:00] [INFO]   sleeping 900s until next cycle
[2026-04-22T11:47:35.305377+00:00] [INFO] === cycle 256 ===
[2026-04-22T11:47:36.125932+00:00] [INFO] === roadmap-driver cycle ===
[2026-04-22T11:47:36.144163+00:00] [INFO] budget check: budget block at 49.0%
[2026-04-22T11:47:36.157968+00:00] [INFO]   roadmap_edge_track_record_in_briefing: in cooldown (attempted within last 12h)
[2026-04-22T11:47:36.158079+00:00] [INFO] nothing to push — all roadmap items either complete or in cooldown
[2026-04-22T11:47:36.159479+00:00] [INFO]   wrote session briefing (15 capability groups, 0 broken integrations)
[2026-04-22T11:47:36.159613+00:00] [INFO]   cycle 256 done in 0.9s, 0 actions
[2026-04-22T11:47:36.159690+00:00] [INFO]   sleeping 900s until next cycle
[2026-04-22T12:02:36.316419+00:00] [INFO] === cycle 257 ===
[2026-04-22T12:02:37.110177+00:00] [INFO] === roadmap-driver cycle ===
[2026-04-22T12:02:37.128139+00:00] [INFO] budget check: budget block at 49.0%
[2026-04-22T12:02:37.141359+00:00] [INFO]   roadmap_edge_track_record_in_briefing: in cooldown (attempted within last 12h)
[2026-04-22T12:02:37.141480+00:00] [INFO] nothing to push — all roadmap items either complete or in cooldown
[2026-04-22T12:02:37.142901+00:00] [INFO]   wrote session briefing (15 capability groups, 0 broken integrations)
[2026-04-22T12:02:37.143046+00:00] [INFO]   cycle 257 done in 0.8s, 0 actions
[2026-04-22T12:02:37.143128+00:00] [INFO]   sleeping 900s until next cycle
[2026-04-22T12:17:37.300682+00:00] [INFO] === cycle 258 ===
[2026-04-22T12:17:38.160219+00:00] [INFO] === roadmap-driver cycle ===
[2026-04-22T12:17:38.178066+00:00] [INFO] budget check: budget block at 49.0%
[2026-04-22T12:17:38.192156+00:00] [INFO]   roadmap_edge_track_record_in_briefing: in cooldown (attempted within last 12h)
[2026-04-22T12:17:38.192275+00:00] [INFO] nothing to push — all roadmap items either complete or in cooldown
[2026-04-22T12:17:38.193707+00:00] [INFO]   wrote session briefing (15 capability groups, 0 broken integrations)
[2026-04-22T12:17:38.193833+00:00] [INFO]   cycle 258 done in 0.9s, 0 actions
[2026-04-22T12:17:38.193907+00:00] [INFO]   sleeping 900s until next cycle
[2026-04-22T12:32:38.350734+00:00] [INFO] === cycle 259 ===
[2026-04-22T12:32:39.223088+00:00] [INFO] === roadmap-driver cycle ===
[2026-04-22T12:32:39.240186+00:00] [INFO] budget check: budget block at 49.0%
[2026-04-22T12:32:39.263101+00:00] [INFO]   roadmap_edge_track_record_in_briefing: in cooldown (attempted within last 12h)
[2026-04-22T12:32:39.263224+00:00] [INFO] nothing to push — all roadmap items either complete or in cooldown
[2026-04-22T12:32:39.264892+00:00] [INFO]   wrote session briefing (15 capability groups, 0 broken integrations)
[2026-04-22T12:32:39.265088+00:00] [INFO]   cycle 259 done in 0.9s, 0 actions
[2026-04-22T12:32:39.265164+00:00] [INFO]   sleeping 900s until next cycle
[2026-04-22T12:47:39.418998+00:00] [INFO] === cycle 260 ===
[2026-04-22T12:47:40.249731+00:00] [INFO] === roadmap-driver cycle ===
[2026-04-22T12:47:40.267774+00:00] [INFO] budget check: budget block at 60.0%
[2026-04-22T12:47:40.281219+00:00] [INFO]   roadmap_edge_track_record_in_briefing: in cooldown (attempted within last 12h)
[2026-04-22T12:47:40.281339+00:00] [INFO] nothing to push — all roadmap items either complete or in cooldown
[2026-04-22T12:47:40.282440+00:00] [INFO]   wrote session briefing (15 capability groups, 0 broken integrations)
[2026-04-22T12:47:40.282587+00:00] [INFO]   cycle 260 done in 0.9s, 0 actions
[2026-04-22T12:47:40.282665+00:00] [INFO]   sleeping 900s until next cycle
[2026-04-22T13:02:40.440243+00:00] [INFO] === cycle 261 ===
[2026-04-22T13:02:41.166321+00:00] [INFO] === roadmap-driver cycle ===
[2026-04-22T13:02:41.184625+00:00] [INFO] budget check: budget block at 81.5% >= 70% threshold
[2026-04-22T13:02:41.184670+00:00] [INFO] SKIP — budget threshold exceeded
[2026-04-22T13:02:41.184732+00:00] [INFO]   ROADMAP-DRIVER status: skipped_budget
[2026-04-22T13:02:41.186155+00:00] [INFO]   wrote session briefing (15 capability groups, 0 broken integrations)
[2026-04-22T13:02:41.187447+00:00] [INFO]   cycle 261 done in 0.7s, 0 actions
[2026-04-22T13:02:41.187522+00:00] [INFO]   sleeping 900s until next cycle
[2026-04-22T13:17:41.344135+00:00] [INFO] === cycle 262 ===
[2026-04-22T13:17:42.197003+00:00] [INFO] === roadmap-driver cycle ===
[2026-04-22T13:17:42.215488+00:00] [INFO] budget check: budget block at 81.5% >= 70% threshold
[2026-04-22T13:17:42.215533+00:00] [INFO] SKIP — budget threshold exceeded
[2026-04-22T13:17:42.215591+00:00] [INFO]   ROADMAP-DRIVER status: skipped_budget
[2026-04-22T13:17:42.216671+00:00] [INFO]   wrote session briefing (15 capability groups, 0 broken integrations)
[2026-04-22T13:17:42.216788+00:00] [INFO]   cycle 262 done in 0.9s, 0 actions
[2026-04-22T13:17:42.216865+00:00] [INFO]   sleeping 900s until next cycle
[2026-04-22T13:32:42.374424+00:00] [INFO] === cycle 263 ===
[2026-04-22T13:32:43.109761+00:00] [INFO] === roadmap-driver cycle ===
[2026-04-22T13:32:43.128330+00:00] [INFO] budget check: budget block at 68.0%
[2026-04-22T13:32:43.142109+00:00] [INFO]   roadmap_edge_track_record_in_briefing: in cooldown (attempted within last 12h)
[2026-04-22T13:32:43.142218+00:00] [INFO] nothing to push — all roadmap items either complete or in cooldown
[2026-04-22T13:32:43.143316+00:00] [INFO]   wrote session briefing (15 capability groups, 0 broken integrations)
[2026-04-22T13:32:43.143443+00:00] [INFO]   cycle 263 done in 0.8s, 0 actions
[2026-04-22T13:32:43.143517+00:00] [INFO]   sleeping 900s until next cycle
[2026-04-22T13:47:43.300349+00:00] [INFO] === cycle 264 ===
[2026-04-22T13:47:44.147745+00:00] [INFO] === roadmap-driver cycle ===
[2026-04-22T13:47:44.165395+00:00] [INFO] budget check: budget block at 68.0%
[2026-04-22T13:47:44.179510+00:00] [INFO]   roadmap_edge_track_record_in_briefing: in cooldown (attempted within last 12h)
[2026-04-22T13:47:44.179625+00:00] [INFO] nothing to push — all roadmap items either complete or in cooldown
[2026-04-22T13:47:44.181104+00:00] [INFO]   wrote session briefing (15 capability groups, 0 broken integrations)
[2026-04-22T13:47:44.181235+00:00] [INFO]   cycle 264 done in 0.9s, 0 actions
[2026-04-22T13:47:44.181312+00:00] [INFO]   sleeping 900s until next cycle
[2026-04-22T14:02:44.337495+00:00] [INFO] === cycle 265 ===
[2026-04-22T14:02:45.214942+00:00] [INFO] === roadmap-driver cycle ===
[2026-04-22T14:02:45.236769+00:00] [INFO] budget check: budget block at 68.0%
[2026-04-22T14:02:45.251132+00:00] [INFO]   roadmap_edge_track_record_in_briefing: in cooldown (attempted within last 12h)
[2026-04-22T14:02:45.251396+00:00] [INFO] nothing to push — all roadmap items either complete or in cooldown
[2026-04-22T14:02:45.252860+00:00] [INFO]   wrote session briefing (15 capability groups, 0 broken integrations)
[2026-04-22T14:02:45.253005+00:00] [INFO]   cycle 265 done in 0.9s, 0 actions
[2026-04-22T14:02:45.253083+00:00] [INFO]   sleeping 900s until next cycle
[2026-04-22T14:17:45.410136+00:00] [INFO] === cycle 266 ===
[2026-04-22T14:17:46.236611+00:00] [INFO] === roadmap-driver cycle ===
[2026-04-22T14:17:46.257260+00:00] [INFO] budget check: budget block at 68.0%
[2026-04-22T14:17:46.270884+00:00] [INFO]   roadmap_edge_track_record_in_briefing: in cooldown (attempted within last 12h)
[2026-04-22T14:17:46.270995+00:00] [INFO] nothing to push — all roadmap items either complete or in cooldown
[2026-04-22T14:17:46.272238+00:00] [INFO]   wrote session briefing (15 capability groups, 0 broken integrations)
[2026-04-22T14:17:46.272362+00:00] [INFO]   cycle 266 done in 0.9s, 0 actions
[2026-04-22T14:17:46.272438+00:00] [INFO]   sleeping 900s until next cycle
[2026-04-22T14:32:46.430083+00:00] [INFO] === cycle 267 ===
[2026-04-22T14:32:46.432174+00:00] [INFO]   refreshing capability manifest
[2026-04-22T14:32:48.520454+00:00] [INFO] === roadmap-driver cycle ===
[2026-04-22T14:32:48.537733+00:00] [INFO] budget check: budget block at 68.0%
[2026-04-22T14:32:48.550115+00:00] [INFO]   roadmap_edge_track_record_in_briefing: in cooldown (attempted within last 12h)
[2026-04-22T14:32:48.550242+00:00] [INFO] nothing to push — all roadmap items either complete or in cooldown
[2026-04-22T14:32:48.551486+00:00] [INFO]   wrote session briefing (15 capability groups, 0 broken integrations)
[2026-04-22T14:32:48.551631+00:00] [INFO]   cycle 267 done in 2.1s, 0 actions
[2026-04-22T14:32:48.551706+00:00] [INFO]   sleeping 900s until next cycle
[2026-04-22T14:47:48.708652+00:00] [INFO] === cycle 268 ===
[2026-04-22T14:47:49.561791+00:00] [INFO] === roadmap-driver cycle ===
[2026-04-22T14:47:49.578522+00:00] [INFO] budget check: budget block at 68.0%
[2026-04-22T14:47:49.592044+00:00] [INFO]   roadmap_edge_track_record_in_briefing: in cooldown (attempted within last 12h)
[2026-04-22T14:47:49.592162+00:00] [INFO] nothing to push — all roadmap items either complete or in cooldown
[2026-04-22T14:47:49.593665+00:00] [INFO]   wrote session briefing (15 capability groups, 0 broken integrations)
[2026-04-22T14:47:49.593819+00:00] [INFO]   cycle 268 done in 0.9s, 0 actions
[2026-04-22T14:47:49.593896+00:00] [INFO]   sleeping 900s until next cycle
[2026-04-22T15:02:49.751167+00:00] [INFO] === cycle 269 ===
[2026-04-22T15:02:50.502002+00:00] [INFO] === roadmap-driver cycle ===
[2026-04-22T15:02:50.519686+00:00] [INFO] budget check: budget block at 71.0% >= 70% threshold
[2026-04-22T15:02:50.519738+00:00] [INFO] SKIP — budget threshold exceeded
[2026-04-22T15:02:50.519802+00:00] [INFO]   ROADMAP-DRIVER status: skipped_budget
[2026-04-22T15:02:50.521051+00:00] [INFO]   wrote session briefing (15 capability groups, 0 broken integrations)
[2026-04-22T15:02:50.521173+00:00] [INFO]   cycle 269 done in 0.8s, 0 actions
[2026-04-22T15:02:50.521248+00:00] [INFO]   sleeping 900s until next cycle
[2026-04-22T15:17:50.678110+00:00] [INFO] === cycle 270 ===
[2026-04-22T15:17:51.491706+00:00] [INFO] === roadmap-driver cycle ===
[2026-04-22T15:17:51.508791+00:00] [INFO] budget check: budget block at 71.0% >= 70% threshold
[2026-04-22T15:17:51.508838+00:00] [INFO] SKIP — budget threshold exceeded
[2026-04-22T15:17:51.508893+00:00] [INFO]   ROADMAP-DRIVER status: skipped_budget
[2026-04-22T15:17:51.509973+00:00] [INFO]   wrote session briefing (15 capability groups, 0 broken integrations)
[2026-04-22T15:17:51.510098+00:00] [INFO]   cycle 270 done in 0.8s, 0 actions
[2026-04-22T15:17:51.510172+00:00] [INFO]   sleeping 900s until next cycle
[2026-04-22T15:32:51.667018+00:00] [INFO] === cycle 271 ===
[2026-04-22T15:32:52.548643+00:00] [INFO] === roadmap-driver cycle ===
[2026-04-22T15:32:52.567923+00:00] [INFO] budget check: budget block at 68.0%
[2026-04-22T15:32:52.581899+00:00] [INFO]   roadmap_edge_track_record_in_briefing: in cooldown (attempted within last 12h)
[2026-04-22T15:32:52.582010+00:00] [INFO] nothing to push — all roadmap items either complete or in cooldown
[2026-04-22T15:32:52.583390+00:00] [INFO]   wrote session briefing (15 capability groups, 0 broken integrations)
[2026-04-22T15:32:52.583535+00:00] [INFO]   cycle 271 done in 0.9s, 0 actions
[2026-04-22T15:32:52.583614+00:00] [INFO]   sleeping 900s until next cycle
[2026-04-22T15:47:52.740567+00:00] [INFO] === cycle 272 ===
[2026-04-22T15:47:53.526660+00:00] [INFO] === roadmap-driver cycle ===
[2026-04-22T15:47:53.544948+00:00] [INFO] budget check: budget block at 36.5%
[2026-04-22T15:47:53.558315+00:00] [INFO]   roadmap_edge_track_record_in_briefing: in cooldown (attempted within last 12h)
[2026-04-22T15:47:53.558414+00:00] [INFO] nothing to push — all roadmap items either complete or in cooldown
[2026-04-22T15:47:53.559901+00:00] [INFO]   wrote session briefing (15 capability groups, 0 broken integrations)
[2026-04-22T15:47:53.560019+00:00] [INFO]   cycle 272 done in 0.8s, 0 actions
[2026-04-22T15:47:53.560093+00:00] [INFO]   sleeping 900s until next cycle
[2026-04-22T16:02:53.688011+00:00] [INFO] === cycle 273 ===
[2026-04-22T16:02:54.572192+00:00] [INFO] === roadmap-driver cycle ===
[2026-04-22T16:02:54.593044+00:00] [INFO] budget check: budget block at 35.5%
[2026-04-22T16:02:54.607340+00:00] [INFO]   roadmap_edge_track_record_in_briefing: in cooldown (attempted within last 12h)
[2026-04-22T16:02:54.607462+00:00] [INFO] nothing to push — all roadmap items either complete or in cooldown
[2026-04-22T16:02:54.608982+00:00] [INFO]   wrote session briefing (15 capability groups, 0 broken integrations)
[2026-04-22T16:02:54.609124+00:00] [INFO]   cycle 273 done in 0.9s, 0 actions
[2026-04-22T16:02:54.609205+00:00] [INFO]   sleeping 900s until next cycle
[2026-04-22T16:17:54.765872+00:00] [INFO] === cycle 274 ===
[2026-04-22T16:17:55.517015+00:00] [INFO] === roadmap-driver cycle ===
[2026-04-22T16:17:55.534472+00:00] [INFO] budget check: budget block at 35.5%
[2026-04-22T16:17:55.548248+00:00] [INFO]   roadmap_edge_track_record_in_briefing: in cooldown (attempted within last 12h)
[2026-04-22T16:17:55.548364+00:00] [INFO] nothing to push — all roadmap items either complete or in cooldown
[2026-04-22T16:17:55.549871+00:00] [INFO]   wrote session briefing (15 capability groups, 0 broken integrations)
[2026-04-22T16:17:55.550010+00:00] [INFO]   cycle 274 done in 0.8s, 0 actions
[2026-04-22T16:17:55.550092+00:00] [INFO]   sleeping 900s until next cycle
[2026-04-22T16:32:55.706778+00:00] [INFO] === cycle 275 ===
[2026-04-22T16:32:56.556396+00:00] [INFO] === roadmap-driver cycle ===
[2026-04-22T16:32:56.573890+00:00] [INFO] budget check: budget block at 35.5%
[2026-04-22T16:32:56.587945+00:00] [INFO]   roadmap_edge_track_record_in_briefing: in cooldown (attempted within last 12h)
[2026-04-22T16:32:56.588055+00:00] [INFO] nothing to push — all roadmap items either complete or in cooldown
[2026-04-22T16:32:56.589435+00:00] [INFO]   wrote session briefing (15 capability groups, 0 broken integrations)
[2026-04-22T16:32:56.589570+00:00] [INFO]   cycle 275 done in 0.9s, 0 actions
[2026-04-22T16:32:56.589646+00:00] [INFO]   sleeping 900s until next cycle
[2026-04-22T16:47:56.634062+00:00] [INFO] === cycle 276 ===
[2026-04-22T16:47:57.336327+00:00] [INFO]   DETECT 1 crashed launchagents
[2026-04-22T16:47:57.341063+00:00] [INFO]   QUEUED fix_crashed_launchagents → cowork [orch:fix_crashed_launchagents:7f696f]
[2026-04-22T16:47:57.341508+00:00] [INFO]   DIRECTED: queued=1, consulted=0, skipped=0
[2026-04-22T16:47:57.342093+00:00] [INFO] === roadmap-driver cycle ===
[2026-04-22T16:47:57.356549+00:00] [INFO] budget check: budget block at 35.5%
[2026-04-22T16:47:57.370952+00:00] [INFO]   roadmap_edge_track_record_in_briefing: in cooldown (attempted within last 12h)
[2026-04-22T16:47:57.371051+00:00] [INFO] nothing to push — all roadmap items either complete or in cooldown
[2026-04-22T16:47:57.372449+00:00] [INFO]   wrote session briefing (15 capability groups, 0 broken integrations)
[2026-04-22T16:47:57.372702+00:00] [INFO]   cycle 276 done in 0.7s, 1 actions
[2026-04-22T16:47:57.372787+00:00] [INFO]   sleeping 120s until next cycle
[2026-04-22T16:49:57.523769+00:00] [INFO] === cycle 277 ===
[2026-04-22T16:49:58.189242+00:00] [INFO]   DETECT 1 crashed launchagents
[2026-04-22T16:49:58.191950+00:00] [INFO] === roadmap-driver cycle ===
[2026-04-22T16:49:58.206005+00:00] [INFO] budget check: budget block at 35.5%
[2026-04-22T16:49:58.218849+00:00] [INFO]   roadmap_edge_track_record_in_briefing: in cooldown (attempted within last 12h)
[2026-04-22T16:49:58.218978+00:00] [INFO] nothing to push — all roadmap items either complete or in cooldown
[2026-04-22T16:49:58.220077+00:00] [INFO]   wrote session briefing (15 capability groups, 0 broken integrations)
[2026-04-22T16:49:58.220334+00:00] [INFO]   cycle 277 done in 0.7s, 0 actions
[2026-04-22T16:49:58.220414+00:00] [INFO]   sleeping 900s until next cycle
[2026-04-22T17:04:58.376998+00:00] [INFO] === cycle 278 ===
[2026-04-22T17:04:59.100136+00:00] [INFO]   DETECT 1 crashed launchagents
[2026-04-22T17:04:59.103176+00:00] [INFO] === roadmap-driver cycle ===
[2026-04-22T17:04:59.117982+00:00] [INFO] budget check: budget block at 35.5%
[2026-04-22T17:04:59.131459+00:00] [INFO]   roadmap_edge_track_record_in_briefing: in cooldown (attempted within last 12h)
[2026-04-22T17:04:59.131565+00:00] [INFO] nothing to push — all roadmap items either complete or in cooldown
[2026-04-22T17:04:59.132942+00:00] [INFO]   wrote session briefing (15 capability groups, 0 broken integrations)
[2026-04-22T17:04:59.133203+00:00] [INFO]   cycle 278 done in 0.8s, 0 actions
[2026-04-22T17:04:59.133277+00:00] [INFO]   sleeping 900s until next cycle
[2026-04-22T17:19:59.289785+00:00] [INFO] === cycle 279 ===
[2026-04-22T17:19:59.858461+00:00] [INFO]   DETECT 1 crashed launchagents
[2026-04-22T17:19:59.861546+00:00] [INFO] === roadmap-driver cycle ===
[2026-04-22T17:19:59.876313+00:00] [INFO] budget check: budget block at 35.5%
[2026-04-22T17:19:59.890109+00:00] [INFO]   roadmap_edge_track_record_in_briefing: in cooldown (attempted within last 12h)
[2026-04-22T17:19:59.890231+00:00] [INFO] nothing to push — all roadmap items either complete or in cooldown
[2026-04-22T17:19:59.891506+00:00] [INFO]   wrote session briefing (15 capability groups, 0 broken integrations)
[2026-04-22T17:19:59.891643+00:00] [INFO]   cycle 279 done in 0.6s, 0 actions
[2026-04-22T17:19:59.891721+00:00] [INFO]   sleeping 900s until next cycle
[2026-04-22T17:35:00.048237+00:00] [INFO] === cycle 280 ===
[2026-04-22T17:35:00.596168+00:00] [INFO]   DETECT 1 crashed launchagents
[2026-04-22T17:35:00.598534+00:00] [INFO] === roadmap-driver cycle ===
[2026-04-22T17:35:00.612894+00:00] [INFO] budget check: budget block at 35.5%
[2026-04-22T17:35:00.624751+00:00] [INFO]   roadmap_edge_track_record_in_briefing: in cooldown (attempted within last 12h)
[2026-04-22T17:35:00.624882+00:00] [INFO] nothing to push — all roadmap items either complete or in cooldown
[2026-04-22T17:35:00.626022+00:00] [INFO]   wrote session briefing (15 capability groups, 0 broken integrations)
[2026-04-22T17:35:00.626168+00:00] [INFO]   cycle 280 done in 0.6s, 0 actions
[2026-04-22T17:35:00.626249+00:00] [INFO]   sleeping 900s until next cycle
[2026-04-22T17:50:00.782745+00:00] [INFO] === cycle 281 ===
[2026-04-22T17:50:01.346512+00:00] [INFO]   DETECT 1 crashed launchagents
[2026-04-22T17:50:01.349256+00:00] [INFO] === roadmap-driver cycle ===
[2026-04-22T17:50:01.363302+00:00] [INFO] budget check: budget block at 8.5%
[2026-04-22T17:50:01.375129+00:00] [INFO]   roadmap_edge_track_record_in_briefing: in cooldown (attempted within last 12h)
[2026-04-22T17:50:01.375252+00:00] [INFO] nothing to push — all roadmap items either complete or in cooldown
[2026-04-22T17:50:01.376643+00:00] [INFO]   wrote session briefing (15 capability groups, 0 broken integrations)
[2026-04-22T17:50:01.376784+00:00] [INFO]   cycle 281 done in 0.6s, 0 actions
[2026-04-22T17:50:01.376868+00:00] [INFO]   sleeping 900s until next cycle
[2026-04-22T18:05:01.533354+00:00] [INFO] === cycle 282 ===
[2026-04-22T18:05:02.078130+00:00] [INFO]   DETECT 1 crashed launchagents
[2026-04-22T18:05:02.080577+00:00] [INFO] === roadmap-driver cycle ===
[2026-04-22T18:05:02.095087+00:00] [INFO] budget check: budget block at 3.0%
[2026-04-22T18:05:02.106606+00:00] [INFO]   roadmap_edge_track_record_in_briefing: in cooldown (attempted within last 12h)
[2026-04-22T18:05:02.106743+00:00] [INFO] nothing to push — all roadmap items either complete or in cooldown
[2026-04-22T18:05:02.107871+00:00] [INFO]   wrote session briefing (15 capability groups, 0 broken integrations)
[2026-04-22T18:05:02.108009+00:00] [INFO]   cycle 282 done in 0.6s, 0 actions
[2026-04-22T18:05:02.108087+00:00] [INFO]   sleeping 900s until next cycle
[2026-04-22T18:20:02.264590+00:00] [INFO] === cycle 283 ===
[2026-04-22T18:20:02.843296+00:00] [INFO]   DETECT 1 crashed launchagents
[2026-04-22T18:20:02.846290+00:00] [INFO] === roadmap-driver cycle ===
[2026-04-22T18:20:02.861619+00:00] [INFO] budget check: budget block at 3.0%
[2026-04-22T18:20:02.875277+00:00] [INFO]   roadmap_edge_track_record_in_briefing: in cooldown (attempted within last 12h)
[2026-04-22T18:20:02.875393+00:00] [INFO] nothing to push — all roadmap items either complete or in cooldown
[2026-04-22T18:20:02.876777+00:00] [INFO]   wrote session briefing (15 capability groups, 0 broken integrations)
[2026-04-22T18:20:02.876916+00:00] [INFO]   cycle 283 done in 0.6s, 0 actions
[2026-04-22T18:20:02.876999+00:00] [INFO]   sleeping 900s until next cycle
[2026-04-22T18:35:03.033497+00:00] [INFO] === cycle 284 ===
[2026-04-22T18:35:03.035332+00:00] [INFO]   refreshing capability manifest
[2026-04-22T18:35:05.074670+00:00] [INFO]   DETECT 1 crashed launchagents
[2026-04-22T18:35:05.077646+00:00] [INFO] === roadmap-driver cycle ===
[2026-04-22T18:35:05.093283+00:00] [INFO] budget check: budget block at 3.0%
[2026-04-22T18:35:05.105481+00:00] [INFO]   roadmap_edge_track_record_in_briefing: in cooldown (attempted within last 12h)
[2026-04-22T18:35:05.105597+00:00] [INFO] nothing to push — all roadmap items either complete or in cooldown
[2026-04-22T18:35:05.106734+00:00] [INFO]   wrote session briefing (15 capability groups, 0 broken integrations)
[2026-04-22T18:35:05.106852+00:00] [INFO]   cycle 284 done in 2.1s, 0 actions
[2026-04-22T18:35:05.106924+00:00] [INFO]   sleeping 900s until next cycle
[2026-04-22T18:50:05.263423+00:00] [INFO] === cycle 285 ===
[2026-04-22T18:50:05.865169+00:00] [INFO]   DETECT 1 crashed launchagents
[2026-04-22T18:50:05.868318+00:00] [INFO] === roadmap-driver cycle ===
[2026-04-22T18:50:05.882292+00:00] [INFO] budget check: budget block at 3.0%
[2026-04-22T18:50:05.896222+00:00] [INFO]   roadmap_edge_track_record_in_briefing: in cooldown (attempted within last 12h)
[2026-04-22T18:50:05.896340+00:00] [INFO] nothing to push — all roadmap items either complete or in cooldown
[2026-04-22T18:50:05.898082+00:00] [INFO]   wrote session briefing (15 capability groups, 0 broken integrations)
[2026-04-22T18:50:05.898219+00:00] [INFO]   cycle 285 done in 0.6s, 0 actions
[2026-04-22T18:50:05.898300+00:00] [INFO]   sleeping 900s until next cycle
[2026-04-22T19:05:06.054803+00:00] [INFO] === cycle 286 ===
[2026-04-22T19:05:06.796312+00:00] [INFO]   DETECT 1 crashed launchagents
[2026-04-22T19:05:06.799226+00:00] [INFO] === roadmap-driver cycle ===
[2026-04-22T19:05:06.814256+00:00] [INFO] budget check: budget block at 3.0%
[2026-04-22T19:05:06.829534+00:00] [INFO]   roadmap_edge_track_record_in_briefing: in cooldown (attempted within last 12h)
[2026-04-22T19:05:06.829664+00:00] [INFO] nothing to push — all roadmap items either complete or in cooldown
[2026-04-22T19:05:06.830856+00:00] [INFO]   wrote session briefing (15 capability groups, 0 broken integrations)
[2026-04-22T19:05:06.831007+00:00] [INFO]   cycle 286 done in 0.8s, 0 actions
[2026-04-22T19:05:06.831089+00:00] [INFO]   sleeping 900s until next cycle
[2026-04-22T19:20:06.864811+00:00] [INFO] === cycle 287 ===
[2026-04-22T19:20:07.454079+00:00] [INFO]   DETECT 1 crashed launchagents
[2026-04-22T19:20:07.457467+00:00] [INFO] === roadmap-driver cycle ===
[2026-04-22T19:20:07.471723+00:00] [INFO] budget check: budget block at 3.0%
[2026-04-22T19:20:07.485458+00:00] [INFO]   roadmap_edge_track_record_in_briefing: in cooldown (attempted within last 12h)
[2026-04-22T19:20:07.485783+00:00] [INFO] nothing to push — all roadmap items either complete or in cooldown
[2026-04-22T19:20:07.487164+00:00] [INFO]   wrote session briefing (15 capability groups, 0 broken integrations)
[2026-04-22T19:20:07.487302+00:00] [INFO]   cycle 287 done in 0.6s, 0 actions
[2026-04-22T19:20:07.487379+00:00] [INFO]   sleeping 900s until next cycle
[2026-04-22T19:35:07.643881+00:00] [INFO] === cycle 288 ===
[2026-04-22T19:35:08.322961+00:00] [INFO]   DETECT 1 crashed launchagents
[2026-04-22T19:35:08.326200+00:00] [INFO] === roadmap-driver cycle ===
[2026-04-22T19:35:08.340018+00:00] [INFO] budget check: budget block at 3.0%
[2026-04-22T19:35:08.353534+00:00] [INFO]   roadmap_edge_track_record_in_briefing: in cooldown (attempted within last 12h)
[2026-04-22T19:35:08.353654+00:00] [INFO] nothing to push — all roadmap items either complete or in cooldown
[2026-04-22T19:35:08.355163+00:00] [INFO]   wrote session briefing (15 capability groups, 0 broken integrations)
[2026-04-22T19:35:08.355420+00:00] [INFO]   cycle 288 done in 0.7s, 0 actions
[2026-04-22T19:35:08.355493+00:00] [INFO]   sleeping 900s until next cycle
[2026-04-22T19:50:08.511988+00:00] [INFO] === cycle 289 ===
[2026-04-22T19:50:09.216750+00:00] [INFO]   DETECT 1 crashed launchagents
[2026-04-22T19:50:09.219811+00:00] [INFO] === roadmap-driver cycle ===
[2026-04-22T19:50:09.233126+00:00] [INFO] budget check: budget block at 3.0%
[2026-04-22T19:50:09.246966+00:00] [INFO]   roadmap_edge_track_record_in_briefing: in cooldown (attempted within last 12h)
[2026-04-22T19:50:09.247087+00:00] [INFO] nothing to push — all roadmap items either complete or in cooldown
[2026-04-22T19:50:09.248382+00:00] [INFO]   wrote session briefing (15 capability groups, 0 broken integrations)
[2026-04-22T19:50:09.248643+00:00] [INFO]   cycle 289 done in 0.7s, 0 actions
[2026-04-22T19:50:09.248720+00:00] [INFO]   sleeping 900s until next cycle
[2026-04-22T20:05:09.405227+00:00] [INFO] === cycle 290 ===
[2026-04-22T20:05:10.174149+00:00] [INFO]   DETECT 1 crashed launchagents
[2026-04-22T20:05:10.177667+00:00] [INFO] === roadmap-driver cycle ===
[2026-04-22T20:05:10.193828+00:00] [INFO] budget check: budget block at 0.0%
[2026-04-22T20:05:10.208346+00:00] [INFO]   roadmap_edge_track_record_in_briefing: in cooldown (attempted within last 12h)
[2026-04-22T20:05:10.208467+00:00] [INFO] nothing to push — all roadmap items either complete or in cooldown
[2026-04-22T20:05:10.209665+00:00] [INFO]   wrote session briefing (15 capability groups, 0 broken integrations)
[2026-04-22T20:05:10.209892+00:00] [INFO]   cycle 290 done in 0.8s, 0 actions
[2026-04-22T20:05:10.209971+00:00] [INFO]   sleeping 900s until next cycle
[2026-04-22T20:20:10.366423+00:00] [INFO] === cycle 291 ===
[2026-04-22T20:20:10.928137+00:00] [INFO]   DETECT 1 crashed launchagents
[2026-04-22T20:20:10.930906+00:00] [INFO] === roadmap-driver cycle ===
[2026-04-22T20:20:10.943954+00:00] [INFO] budget check: budget block at 0.0%
[2026-04-22T20:20:10.957977+00:00] [INFO]   roadmap_edge_track_record_in_briefing: in cooldown (attempted within last 12h)
[2026-04-22T20:20:10.958087+00:00] [INFO] nothing to push — all roadmap items either complete or in cooldown
[2026-04-22T20:20:10.959460+00:00] [INFO]   wrote session briefing (15 capability groups, 0 broken integrations)
[2026-04-22T20:20:10.959685+00:00] [INFO]   cycle 291 done in 0.6s, 0 actions
[2026-04-22T20:20:10.959759+00:00] [INFO]   sleeping 900s until next cycle
[2026-04-22T20:35:11.116262+00:00] [INFO] === cycle 292 ===
[2026-04-22T20:35:11.959516+00:00] [INFO]   DETECT 1 crashed launchagents
[2026-04-22T20:35:11.962750+00:00] [INFO] === roadmap-driver cycle ===
[2026-04-22T20:35:11.976257+00:00] [INFO] budget check: budget block at 0.0%
[2026-04-22T20:35:11.989927+00:00] [INFO]   roadmap_edge_track_record_in_briefing: in cooldown (attempted within last 12h)
[2026-04-22T20:35:11.990021+00:00] [INFO] nothing to push — all roadmap items either complete or in cooldown
[2026-04-22T20:35:11.991531+00:00] [INFO]   wrote session briefing (15 capability groups, 0 broken integrations)
[2026-04-22T20:35:11.991792+00:00] [INFO]   cycle 292 done in 0.9s, 0 actions
[2026-04-22T20:35:11.991864+00:00] [INFO]   sleeping 900s until next cycle
[2026-04-22T20:50:12.148358+00:00] [INFO] === cycle 293 ===
[2026-04-22T20:50:12.994309+00:00] [INFO]   DETECT 1 crashed launchagents
[2026-04-22T20:50:12.997337+00:00] [INFO] === roadmap-driver cycle ===
[2026-04-22T20:50:13.010448+00:00] [INFO] budget check: budget block at 0.0%
[2026-04-22T20:50:13.023887+00:00] [INFO]   roadmap_edge_track_record_in_briefing: in cooldown (attempted within last 12h)
[2026-04-22T20:50:13.023992+00:00] [INFO] nothing to push — all roadmap items either complete or in cooldown
[2026-04-22T20:50:13.025489+00:00] [INFO]   wrote session briefing (15 capability groups, 0 broken integrations)
[2026-04-22T20:50:13.025749+00:00] [INFO]   cycle 293 done in 0.9s, 0 actions
[2026-04-22T20:50:13.025821+00:00] [INFO]   sleeping 900s until next cycle
[2026-04-22T21:05:13.182423+00:00] [INFO] === cycle 294 ===
[2026-04-22T21:05:13.774779+00:00] [INFO]   DETECT 1 crashed launchagents
[2026-04-22T21:05:13.777868+00:00] [INFO] === roadmap-driver cycle ===
[2026-04-22T21:05:13.790850+00:00] [INFO] budget check: budget block at 0.0%
[2026-04-22T21:05:13.803666+00:00] [INFO]   roadmap_edge_track_record_in_briefing: in cooldown (attempted within last 12h)
[2026-04-22T21:05:13.803768+00:00] [INFO] nothing to push — all roadmap items either complete or in cooldown
[2026-04-22T21:05:13.804847+00:00] [INFO]   wrote session briefing (15 capability groups, 0 broken integrations)
[2026-04-22T21:05:13.805126+00:00] [INFO]   cycle 294 done in 0.6s, 0 actions
[2026-04-22T21:05:13.805197+00:00] [INFO]   sleeping 900s until next cycle
[2026-04-22T21:20:13.961709+00:00] [INFO] === cycle 295 ===
[2026-04-22T21:20:14.810615+00:00] [INFO]   DETECT 1 crashed launchagents
[2026-04-22T21:20:14.813924+00:00] [INFO] === roadmap-driver cycle ===
[2026-04-22T21:20:14.826718+00:00] [INFO] budget check: budget block at 0.0%
[2026-04-22T21:20:14.840272+00:00] [INFO]   roadmap_edge_track_record_in_briefing: in cooldown (attempted within last 12h)
[2026-04-22T21:20:14.840375+00:00] [INFO] nothing to push — all roadmap items either complete or in cooldown
[2026-04-22T21:20:14.841739+00:00] [INFO]   wrote session briefing (15 capability groups, 0 broken integrations)
[2026-04-22T21:20:14.841998+00:00] [INFO]   cycle 295 done in 0.9s, 0 actions
[2026-04-22T21:20:14.842073+00:00] [INFO]   sleeping 900s until next cycle
[2026-04-22T21:35:14.998569+00:00] [INFO] === cycle 296 ===
[2026-04-22T21:35:15.730342+00:00] [INFO]   DETECT 1 crashed launchagents
[2026-04-22T21:35:15.734102+00:00] [INFO] === roadmap-driver cycle ===
[2026-04-22T21:35:15.747675+00:00] [INFO] budget check: budget block at 0.0%
[2026-04-22T21:35:15.761506+00:00] [INFO]   roadmap_edge_track_record_in_briefing: in cooldown (attempted within last 12h)
[2026-04-22T21:35:15.761618+00:00] [INFO] nothing to push — all roadmap items either complete or in cooldown
[2026-04-22T21:35:15.763225+00:00] [INFO]   wrote session briefing (15 capability groups, 0 broken integrations)
[2026-04-22T21:35:15.763556+00:00] [INFO]   cycle 296 done in 0.8s, 0 actions
[2026-04-22T21:35:15.763640+00:00] [INFO]   sleeping 900s until next cycle
[2026-04-22T21:50:15.920155+00:00] [INFO] === cycle 297 ===
[2026-04-22T21:50:16.756373+00:00] [INFO]   DETECT 1 crashed launchagents
[2026-04-22T21:50:16.759424+00:00] [INFO] === roadmap-driver cycle ===
[2026-04-22T21:50:16.772308+00:00] [INFO] budget check: budget block at 0.0%
[2026-04-22T21:50:16.785803+00:00] [INFO]   roadmap_edge_track_record_in_briefing: in cooldown (attempted within last 12h)
[2026-04-22T21:50:16.785906+00:00] [INFO] nothing to push — all roadmap items either complete or in cooldown
[2026-04-22T21:50:16.787279+00:00] [INFO]   wrote session briefing (15 capability groups, 0 broken integrations)
[2026-04-22T21:50:16.787548+00:00] [INFO]   cycle 297 done in 0.9s, 0 actions
[2026-04-22T21:50:16.787624+00:00] [INFO]   sleeping 900s until next cycle
[2026-04-22T22:05:16.944148+00:00] [INFO] === cycle 298 ===
[2026-04-22T22:05:17.756151+00:00] [INFO]   DETECT 1 crashed launchagents
[2026-04-22T22:05:17.759194+00:00] [INFO] === roadmap-driver cycle ===
[2026-04-22T22:05:17.772149+00:00] [INFO] budget check: budget block at 0.0%
[2026-04-22T22:05:17.785488+00:00] [INFO]   roadmap_edge_track_record_in_briefing: in cooldown (attempted within last 12h)
[2026-04-22T22:05:17.785625+00:00] [INFO] nothing to push — all roadmap items either complete or in cooldown
[2026-04-22T22:05:17.787013+00:00] [INFO]   wrote session briefing (15 capability groups, 0 broken integrations)
[2026-04-22T22:05:17.787150+00:00] [INFO]   cycle 298 done in 0.8s, 0 actions
[2026-04-22T22:05:17.787226+00:00] [INFO]   sleeping 900s until next cycle
[2026-04-22T22:20:17.943727+00:00] [INFO] === cycle 299 ===
[2026-04-22T22:20:18.778220+00:00] [INFO]   DETECT 1 crashed launchagents
[2026-04-22T22:20:18.781277+00:00] [INFO] === roadmap-driver cycle ===
[2026-04-22T22:20:18.794445+00:00] [INFO] budget check: budget block at 0.0%
[2026-04-22T22:20:18.807885+00:00] [INFO]   roadmap_edge_track_record_in_briefing: in cooldown (attempted within last 12h)
[2026-04-22T22:20:18.807995+00:00] [INFO] nothing to push — all roadmap items either complete or in cooldown
[2026-04-22T22:20:18.809390+00:00] [INFO]   wrote session briefing (15 capability groups, 0 broken integrations)
[2026-04-22T22:20:18.809661+00:00] [INFO]   cycle 299 done in 0.9s, 0 actions
[2026-04-22T22:20:18.809738+00:00] [INFO]   sleeping 900s until next cycle
[2026-04-22T22:35:18.966255+00:00] [INFO] === cycle 300 ===
[2026-04-22T22:35:18.967860+00:00] [INFO]   refreshing capability manifest
[2026-04-22T22:35:21.052664+00:00] [INFO]   DETECT 1 crashed launchagents
[2026-04-22T22:35:21.055666+00:00] [INFO] === roadmap-driver cycle ===
[2026-04-22T22:35:21.068226+00:00] [INFO] budget check: budget block at 0.0%
[2026-04-22T22:35:21.081492+00:00] [INFO]   roadmap_edge_track_record_in_briefing: in cooldown (attempted within last 12h)
[2026-04-22T22:35:21.081613+00:00] [INFO] nothing to push — all roadmap items either complete or in cooldown
[2026-04-22T22:35:21.082954+00:00] [INFO]   wrote session briefing (15 capability groups, 0 broken integrations)
[2026-04-22T22:35:21.083243+00:00] [INFO]   cycle 300 done in 2.1s, 0 actions
[2026-04-22T22:35:21.083321+00:00] [INFO]   sleeping 900s until next cycle
[2026-04-22T22:50:21.239794+00:00] [INFO] === cycle 301 ===
[2026-04-22T22:50:22.065998+00:00] [INFO]   DETECT 1 crashed launchagents
[2026-04-22T22:50:22.069032+00:00] [INFO] === roadmap-driver cycle ===
[2026-04-22T22:50:22.082139+00:00] [INFO] budget check: budget block at 0.0%
[2026-04-22T22:50:22.095377+00:00] [INFO]   PUSHED roadmap_edge_track_record_in_briefing  sev=LOW  Verify morning briefing edge-weight track record line is wir
[2026-04-22T22:50:22.096752+00:00] [INFO] === done — pushed 1 tasks, queue now 4 ===
[2026-04-22T22:50:22.096899+00:00] [INFO]   ROADMAP-DRIVER: pushed 1 build tasks (queue depth now 4)
[2026-04-22T22:50:22.098263+00:00] [INFO]   wrote session briefing (15 capability groups, 0 broken integrations)
[2026-04-22T22:50:22.098395+00:00] [INFO]   cycle 301 done in 0.9s, 1 actions
[2026-04-22T22:50:22.098471+00:00] [INFO]   sleeping 120s until next cycle
[2026-04-22T22:52:22.249465+00:00] [INFO] === cycle 302 ===
[2026-04-22T22:52:22.767003+00:00] [INFO]   DETECT 1 crashed launchagents
[2026-04-22T22:52:22.769357+00:00] [INFO] === roadmap-driver cycle ===
[2026-04-22T22:52:22.781577+00:00] [INFO] budget check: budget block at 0.0%
[2026-04-22T22:52:22.793566+00:00] [INFO]   roadmap_edge_track_record_in_briefing: already in pending queue
[2026-04-22T22:52:22.793709+00:00] [INFO] nothing to push — all roadmap items either complete or in cooldown
[2026-04-22T22:52:22.794871+00:00] [INFO]   wrote session briefing (15 capability groups, 0 broken integrations)
[2026-04-22T22:52:22.795017+00:00] [INFO]   cycle 302 done in 0.5s, 0 actions
[2026-04-22T22:52:22.795090+00:00] [INFO]   sleeping 900s until next cycle
[2026-04-22T23:07:22.951590+00:00] [INFO] === cycle 303 ===
[2026-04-22T23:07:23.776192+00:00] [INFO]   DETECT 1 crashed launchagents
[2026-04-22T23:07:23.779531+00:00] [INFO] === roadmap-driver cycle ===
[2026-04-22T23:07:23.793279+00:00] [INFO] budget check: budget block at 0.0%
[2026-04-22T23:07:23.806945+00:00] [INFO]   roadmap_edge_track_record_in_briefing: already in pending queue
[2026-04-22T23:07:23.807048+00:00] [INFO] nothing to push — all roadmap items either complete or in cooldown
[2026-04-22T23:07:23.808482+00:00] [INFO]   wrote session briefing (15 capability groups, 0 broken integrations)
[2026-04-22T23:07:23.808629+00:00] [INFO]   cycle 303 done in 0.9s, 0 actions
[2026-04-22T23:07:23.808706+00:00] [INFO]   sleeping 900s until next cycle
[2026-04-22T23:22:23.965232+00:00] [INFO] === cycle 304 ===
[2026-04-22T23:22:24.782185+00:00] [INFO]   DETECT 1 crashed launchagents
[2026-04-22T23:22:24.785242+00:00] [INFO] === roadmap-driver cycle ===
[2026-04-22T23:22:24.798241+00:00] [INFO] budget check: budget block at 0.0%
[2026-04-22T23:22:24.812083+00:00] [INFO]   roadmap_edge_track_record_in_briefing: already in pending queue
[2026-04-22T23:22:24.812193+00:00] [INFO] nothing to push — all roadmap items either complete or in cooldown
[2026-04-22T23:22:24.813707+00:00] [INFO]   wrote session briefing (15 capability groups, 0 broken integrations)
[2026-04-22T23:22:24.813826+00:00] [INFO]   cycle 304 done in 0.8s, 0 actions
[2026-04-22T23:22:24.813900+00:00] [INFO]   sleeping 900s until next cycle
[2026-04-22T23:37:24.970505+00:00] [INFO] === cycle 305 ===
[2026-04-22T23:37:25.839095+00:00] [INFO] === roadmap-driver cycle ===
[2026-04-22T23:37:25.853832+00:00] [INFO] budget check: budget block at 0.0%
[2026-04-22T23:37:25.867368+00:00] [INFO]   roadmap_edge_track_record_in_briefing: already in pending queue
[2026-04-22T23:37:25.867478+00:00] [INFO] nothing to push — all roadmap items either complete or in cooldown
[2026-04-22T23:37:25.869120+00:00] [INFO]   wrote session briefing (15 capability groups, 0 broken integrations)
[2026-04-22T23:37:25.869268+00:00] [INFO]   cycle 305 done in 0.9s, 0 actions
[2026-04-22T23:37:25.869342+00:00] [INFO]   sleeping 900s until next cycle
[2026-04-22T23:52:25.904857+00:00] [INFO] === cycle 306 ===
[2026-04-22T23:52:26.703727+00:00] [INFO] === roadmap-driver cycle ===
[2026-04-22T23:52:26.717051+00:00] [INFO] budget check: budget block at 0.0%
[2026-04-22T23:52:26.730073+00:00] [INFO]   roadmap_edge_track_record_in_briefing: already in pending queue
[2026-04-22T23:52:26.730195+00:00] [INFO] nothing to push — all roadmap items either complete or in cooldown
[2026-04-22T23:52:26.731368+00:00] [INFO]   wrote session briefing (15 capability groups, 0 broken integrations)
[2026-04-22T23:52:26.731645+00:00] [INFO]   cycle 306 done in 0.8s, 0 actions
[2026-04-22T23:52:26.731721+00:00] [INFO]   sleeping 900s until next cycle
[2026-04-23T00:07:26.888612+00:00] [INFO] === cycle 307 ===
[2026-04-23T00:07:27.603416+00:00] [INFO] === roadmap-driver cycle ===
[2026-04-23T00:07:27.616771+00:00] [INFO] budget check: budget block at 0.0%
[2026-04-23T00:07:27.630114+00:00] [INFO]   roadmap_edge_track_record_in_briefing: already in pending queue
[2026-04-23T00:07:27.630255+00:00] [INFO] nothing to push — all roadmap items either complete or in cooldown
[2026-04-23T00:07:27.631489+00:00] [INFO]   wrote session briefing (15 capability groups, 0 broken integrations)
[2026-04-23T00:07:27.631621+00:00] [INFO]   cycle 307 done in 0.7s, 0 actions
[2026-04-23T00:07:27.631695+00:00] [INFO]   sleeping 900s until next cycle
[2026-04-23T00:22:27.789920+00:00] [INFO] === cycle 308 ===
[2026-04-23T00:22:28.527310+00:00] [INFO] === roadmap-driver cycle ===
[2026-04-23T00:22:28.541420+00:00] [INFO] budget check: budget block at 0.0%
[2026-04-23T00:22:28.554769+00:00] [INFO]   roadmap_edge_track_record_in_briefing: already in pending queue
[2026-04-23T00:22:28.554881+00:00] [INFO] nothing to push — all roadmap items either complete or in cooldown
[2026-04-23T00:22:28.556067+00:00] [INFO]   wrote session briefing (15 capability groups, 0 broken integrations)
[2026-04-23T00:22:28.556192+00:00] [INFO]   cycle 308 done in 0.8s, 0 actions
[2026-04-23T00:22:28.556262+00:00] [INFO]   sleeping 900s until next cycle
[2026-04-23T00:37:28.713265+00:00] [INFO] === cycle 309 ===
[2026-04-23T00:37:29.436980+00:00] [INFO] === roadmap-driver cycle ===
[2026-04-23T00:37:29.450950+00:00] [INFO] budget check: budget block at 0.0%
[2026-04-23T00:37:29.463791+00:00] [INFO]   roadmap_edge_track_record_in_briefing: already in pending queue
[2026-04-23T00:37:29.463909+00:00] [INFO] nothing to push — all roadmap items either complete or in cooldown
[2026-04-23T00:37:29.465077+00:00] [INFO]   wrote session briefing (15 capability groups, 0 broken integrations)
[2026-04-23T00:37:29.465198+00:00] [INFO]   cycle 309 done in 0.8s, 0 actions
[2026-04-23T00:37:29.465269+00:00] [INFO]   sleeping 900s until next cycle
[2026-04-23T00:52:29.620334+00:00] [INFO] === cycle 310 ===
[2026-04-23T00:52:30.364383+00:00] [INFO] === roadmap-driver cycle ===
[2026-04-23T00:52:30.378708+00:00] [INFO] budget check: budget block at 0.0%
[2026-04-23T00:52:30.391520+00:00] [INFO]   roadmap_edge_track_record_in_briefing: already in pending queue
[2026-04-23T00:52:30.391625+00:00] [INFO] nothing to push — all roadmap items either complete or in cooldown
[2026-04-23T00:52:30.392798+00:00] [INFO]   wrote session briefing (15 capability groups, 0 broken integrations)
[2026-04-23T00:52:30.393025+00:00] [INFO]   cycle 310 done in 0.8s, 0 actions
[2026-04-23T00:52:30.393098+00:00] [INFO]   sleeping 900s until next cycle
[2026-04-23T01:07:30.491554+00:00] [INFO] === cycle 311 ===
[2026-04-23T01:07:31.257180+00:00] [INFO]   LEARNED from 1 completed tasks (tracking 5 action types)
[2026-04-23T01:07:31.258010+00:00] [INFO] === roadmap-driver cycle ===
[2026-04-23T01:07:31.274770+00:00] [INFO] budget check: budget block at 41.5%
[2026-04-23T01:07:31.291774+00:00] [INFO]   PUSHED roadmap_edge_track_record_in_briefing  sev=LOW  Verify morning briefing edge-weight track record line is wir
[2026-04-23T01:07:31.293282+00:00] [INFO] === done — pushed 1 tasks, queue now 1 ===
[2026-04-23T01:07:31.293482+00:00] [INFO]   ROADMAP-DRIVER: pushed 1 build tasks (queue depth now 1)
[2026-04-23T01:07:31.295135+00:00] [INFO]   wrote session briefing (15 capability groups, 0 broken integrations)
[2026-04-23T01:07:31.295371+00:00] [INFO]   cycle 311 done in 0.8s, 1 actions
[2026-04-23T01:07:31.295457+00:00] [INFO]   sleeping 120s until next cycle
[2026-04-23T01:09:31.309583+00:00] [INFO] === cycle 312 ===
[2026-04-23T01:09:32.190383+00:00] [INFO] === roadmap-driver cycle ===
[2026-04-23T01:09:32.206715+00:00] [INFO] budget check: budget block at 41.5%
[2026-04-23T01:09:32.222941+00:00] [INFO]   roadmap_edge_track_record_in_briefing: already in pending queue
[2026-04-23T01:09:32.223058+00:00] [INFO] nothing to push — all roadmap items either complete or in cooldown
[2026-04-23T01:09:32.224807+00:00] [INFO]   wrote session briefing (15 capability groups, 0 broken integrations)
[2026-04-23T01:09:32.225055+00:00] [INFO]   cycle 312 done in 0.9s, 0 actions
[2026-04-23T01:09:32.225138+00:00] [INFO]   sleeping 900s until next cycle
[2026-04-23T01:24:32.306204+00:00] [INFO] === cycle 313 ===
[2026-04-23T01:24:33.012014+00:00] [INFO] === roadmap-driver cycle ===
[2026-04-23T01:24:33.029533+00:00] [INFO] budget check: budget block at 67.5%
[2026-04-23T01:24:33.030427+00:00] [INFO] SKIP — queue depth 7 >= cap 5
[2026-04-23T01:24:33.030518+00:00] [INFO]   ROADMAP-DRIVER status: skipped_queue_full
[2026-04-23T01:24:33.031740+00:00] [INFO]   wrote session briefing (15 capability groups, 0 broken integrations)
[2026-04-23T01:24:33.031997+00:00] [INFO]   cycle 313 done in 0.7s, 0 actions
[2026-04-23T01:24:33.032072+00:00] [INFO]   sleeping 900s until next cycle
[2026-04-23T01:39:33.189613+00:00] [INFO] === cycle 314 ===
[2026-04-23T01:39:33.821089+00:00] [INFO]   DETECT 1 crashed launchagents
[2026-04-23T01:39:33.826169+00:00] [INFO]   QUEUED fix_crashed_launchagents → cowork [orch:fix_crashed_launchagents:63d661]
[2026-04-23T01:39:33.826576+00:00] [INFO]   DIRECTED: queued=1, consulted=0, skipped=0
[2026-04-23T01:39:33.827210+00:00] [INFO] === roadmap-driver cycle ===
[2026-04-23T01:39:33.846881+00:00] [INFO] budget check: budget block at 91.0% >= 70% threshold
[2026-04-23T01:39:33.846925+00:00] [INFO] SKIP — budget threshold exceeded
[2026-04-23T01:39:33.846968+00:00] [INFO]   ROADMAP-DRIVER status: skipped_budget
[2026-04-23T01:39:33.848162+00:00] [INFO]   wrote session briefing (15 capability groups, 0 broken integrations)
[2026-04-23T01:39:33.848416+00:00] [INFO]   cycle 314 done in 0.7s, 1 actions
[2026-04-23T01:39:33.848491+00:00] [INFO]   sleeping 3600s until next cycle
[2026-04-23T02:39:34.023924+00:00] [INFO] === cycle 315 ===
[2026-04-23T02:39:34.027334+00:00] [INFO]   refreshing capability manifest
[2026-04-23T02:39:35.936325+00:00] [INFO] === roadmap-driver cycle ===
[2026-04-23T02:39:35.954933+00:00] [INFO] budget check: budget block at 91.0% >= 70% threshold
[2026-04-23T02:39:35.954985+00:00] [INFO] SKIP — budget threshold exceeded
[2026-04-23T02:39:35.955040+00:00] [INFO]   ROADMAP-DRIVER status: skipped_budget
[2026-04-23T02:39:35.956266+00:00] [INFO]   wrote session briefing (15 capability groups, 0 broken integrations)
[2026-04-23T02:39:35.956512+00:00] [INFO]   cycle 315 done in 1.9s, 0 actions
[2026-04-23T02:39:35.956582+00:00] [INFO]   sleeping 3600s until next cycle
[2026-04-23T03:39:36.133756+00:00] [INFO] === cycle 316 ===
[2026-04-23T03:39:36.697167+00:00] [INFO] === roadmap-driver cycle ===
[2026-04-23T03:39:36.717595+00:00] [INFO] budget check: budget block at 120.0% >= 70% threshold
[2026-04-23T03:39:36.717637+00:00] [INFO] SKIP — budget threshold exceeded
[2026-04-23T03:39:36.717697+00:00] [INFO]   ROADMAP-DRIVER status: skipped_budget
[2026-04-23T03:39:36.718831+00:00] [INFO]   wrote session briefing (15 capability groups, 0 broken integrations)
[2026-04-23T03:39:36.718938+00:00] [INFO]   cycle 316 done in 0.6s, 0 actions
[2026-04-23T03:39:36.719009+00:00] [INFO]   sleeping 3600s until next cycle
[2026-04-23T04:39:36.895004+00:00] [INFO] === cycle 317 ===
[2026-04-23T04:39:37.624510+00:00] [INFO] === roadmap-driver cycle ===
[2026-04-23T04:39:37.645082+00:00] [INFO] budget check: budget block at 120.0% >= 70% threshold
[2026-04-23T04:39:37.645125+00:00] [INFO] SKIP — budget threshold exceeded
[2026-04-23T04:39:37.645188+00:00] [INFO]   ROADMAP-DRIVER status: skipped_budget
[2026-04-23T04:39:37.646596+00:00] [INFO]   wrote session briefing (15 capability groups, 0 broken integrations)
[2026-04-23T04:39:37.646801+00:00] [INFO]   cycle 317 done in 0.8s, 0 actions
[2026-04-23T04:39:37.646872+00:00] [INFO]   sleeping 3600s until next cycle
[2026-04-23T05:39:37.822316+00:00] [INFO] === cycle 318 ===
[2026-04-23T05:39:38.666825+00:00] [INFO] === roadmap-driver cycle ===
[2026-04-23T05:39:38.707846+00:00] [INFO] budget check: budget block at 135.5% >= 70% threshold
[2026-04-23T05:39:38.707904+00:00] [INFO] SKIP — budget threshold exceeded
[2026-04-23T05:39:38.707965+00:00] [INFO]   ROADMAP-DRIVER status: skipped_budget
[2026-04-23T05:39:38.709255+00:00] [INFO]   wrote session briefing (15 capability groups, 0 broken integrations)
[2026-04-23T05:39:38.709536+00:00] [INFO]   cycle 318 done in 0.9s, 0 actions
[2026-04-23T05:39:38.709623+00:00] [INFO]   sleeping 3600s until next cycle
[2026-04-23T06:39:38.885450+00:00] [INFO] === cycle 319 ===
[2026-04-23T06:39:38.888665+00:00] [INFO]   refreshing capability manifest
[2026-04-23T06:39:40.843916+00:00] [INFO] === roadmap-driver cycle ===
[2026-04-23T06:39:40.865460+00:00] [INFO] budget check: budget block at 56.5%
[2026-04-23T06:39:40.866319+00:00] [INFO] SKIP — queue depth 9 >= cap 5
[2026-04-23T06:39:40.866392+00:00] [INFO]   ROADMAP-DRIVER status: skipped_queue_full
[2026-04-23T06:39:40.867530+00:00] [INFO]   wrote session briefing (15 capability groups, 0 broken integrations)
[2026-04-23T06:39:40.867764+00:00] [INFO]   cycle 319 done in 2.0s, 0 actions
[2026-04-23T06:39:40.867832+00:00] [INFO]   sleeping 900s until next cycle
[2026-04-23T06:54:41.024350+00:00] [INFO] === cycle 320 ===
[2026-04-23T06:54:41.753315+00:00] [INFO] === roadmap-driver cycle ===
[2026-04-23T06:54:41.775306+00:00] [INFO] budget check: budget block at 56.5%
[2026-04-23T06:54:41.776158+00:00] [INFO] SKIP — queue depth 9 >= cap 5
[2026-04-23T06:54:41.776229+00:00] [INFO]   ROADMAP-DRIVER status: skipped_queue_full
[2026-04-23T06:54:41.777437+00:00] [INFO]   wrote session briefing (15 capability groups, 0 broken integrations)
[2026-04-23T06:54:41.777644+00:00] [INFO]   cycle 320 done in 0.8s, 0 actions
[2026-04-23T06:54:41.777711+00:00] [INFO]   sleeping 900s until next cycle
[2026-04-23T07:09:41.935534+00:00] [INFO] === cycle 321 ===
[2026-04-23T07:09:42.519839+00:00] [INFO] === roadmap-driver cycle ===
[2026-04-23T07:09:42.539507+00:00] [INFO] budget check: budget block at 56.5%
[2026-04-23T07:09:42.540372+00:00] [INFO] SKIP — queue depth 9 >= cap 5
[2026-04-23T07:09:42.540445+00:00] [INFO]   ROADMAP-DRIVER status: skipped_queue_full
[2026-04-23T07:09:42.541819+00:00] [INFO]   wrote session briefing (15 capability groups, 0 broken integrations)
[2026-04-23T07:09:42.542073+00:00] [INFO]   cycle 321 done in 0.6s, 0 actions
[2026-04-23T07:09:42.542143+00:00] [INFO]   sleeping 900s until next cycle
[2026-04-23T07:24:42.698949+00:00] [INFO] === cycle 322 ===
[2026-04-23T07:24:43.306046+00:00] [INFO] === roadmap-driver cycle ===
[2026-04-23T07:24:43.325729+00:00] [INFO] budget check: budget block at 56.5%
[2026-04-23T07:24:43.326579+00:00] [INFO] SKIP — queue depth 9 >= cap 5
[2026-04-23T07:24:43.326652+00:00] [INFO]   ROADMAP-DRIVER status: skipped_queue_full
[2026-04-23T07:24:43.328004+00:00] [INFO]   wrote session briefing (15 capability groups, 0 broken integrations)
[2026-04-23T07:24:43.328290+00:00] [INFO]   cycle 322 done in 0.6s, 0 actions
[2026-04-23T07:24:43.328364+00:00] [INFO]   sleeping 900s until next cycle
[2026-04-23T07:39:43.485770+00:00] [INFO] === cycle 323 ===
[2026-04-23T07:39:44.077558+00:00] [INFO] === roadmap-driver cycle ===
[2026-04-23T07:39:44.094304+00:00] [INFO] budget check: budget block at 56.5%
[2026-04-23T07:39:44.095511+00:00] [INFO] SKIP — queue depth 9 >= cap 5
[2026-04-23T07:39:44.095624+00:00] [INFO]   ROADMAP-DRIVER status: skipped_queue_full
[2026-04-23T07:39:44.097419+00:00] [INFO]   wrote session briefing (15 capability groups, 0 broken integrations)
[2026-04-23T07:39:44.097729+00:00] [INFO]   cycle 323 done in 0.6s, 0 actions
[2026-04-23T07:39:44.097826+00:00] [INFO]   sleeping 900s until next cycle
[2026-04-23T07:54:44.254621+00:00] [INFO] === cycle 324 ===
[2026-04-23T07:54:45.015755+00:00] [INFO] === roadmap-driver cycle ===
[2026-04-23T07:54:45.035900+00:00] [INFO] budget check: budget block at 81.5% >= 70% threshold
[2026-04-23T07:54:45.035966+00:00] [INFO] SKIP — budget threshold exceeded
[2026-04-23T07:54:45.036025+00:00] [INFO]   ROADMAP-DRIVER status: skipped_budget
[2026-04-23T07:54:45.037265+00:00] [INFO]   wrote session briefing (15 capability groups, 0 broken integrations)
[2026-04-23T07:54:45.037515+00:00] [INFO]   cycle 324 done in 0.8s, 0 actions
[2026-04-23T07:54:45.037589+00:00] [INFO]   sleeping 900s until next cycle
[2026-04-23T08:09:45.194507+00:00] [INFO] === cycle 325 ===
[2026-04-23T08:09:45.778879+00:00] [INFO] === roadmap-driver cycle ===
[2026-04-23T08:09:45.796912+00:00] [INFO] budget check: budget block at 81.5% >= 70% threshold
[2026-04-23T08:09:45.796960+00:00] [INFO] SKIP — budget threshold exceeded
[2026-04-23T08:09:45.796999+00:00] [INFO]   ROADMAP-DRIVER status: skipped_budget
[2026-04-23T08:09:45.798323+00:00] [INFO]   wrote session briefing (15 capability groups, 0 broken integrations)
[2026-04-23T08:09:45.798569+00:00] [INFO]   cycle 325 done in 0.6s, 0 actions
[2026-04-23T08:09:45.798642+00:00] [INFO]   sleeping 900s until next cycle
[2026-04-23T08:24:45.955457+00:00] [INFO] === cycle 326 ===
[2026-04-23T08:24:46.531719+00:00] [INFO] === roadmap-driver cycle ===
[2026-04-23T08:24:46.549965+00:00] [INFO] budget check: budget block at 81.5% >= 70% threshold
[2026-04-23T08:24:46.550010+00:00] [INFO] SKIP — budget threshold exceeded
[2026-04-23T08:24:46.550078+00:00] [INFO]   ROADMAP-DRIVER status: skipped_budget
[2026-04-23T08:24:46.551435+00:00] [INFO]   wrote session briefing (15 capability groups, 0 broken integrations)
[2026-04-23T08:24:46.551653+00:00] [INFO]   cycle 326 done in 0.6s, 0 actions
[2026-04-23T08:24:46.551721+00:00] [INFO]   sleeping 900s until next cycle
[2026-04-23T08:39:46.708541+00:00] [INFO] === cycle 327 ===
[2026-04-23T08:39:47.428797+00:00] [INFO] === roadmap-driver cycle ===
[2026-04-23T08:39:47.447416+00:00] [INFO] budget check: budget block at 52.5%
[2026-04-23T08:39:47.448282+00:00] [INFO] SKIP — queue depth 6 >= cap 5
[2026-04-23T08:39:47.448355+00:00] [INFO]   ROADMAP-DRIVER status: skipped_queue_full
[2026-04-23T08:39:47.449700+00:00] [INFO]   wrote session briefing (15 capability groups, 0 broken integrations)
[2026-04-23T08:39:47.449910+00:00] [INFO]   cycle 327 done in 0.7s, 0 actions
[2026-04-23T08:39:47.449979+00:00] [INFO]   sleeping 900s until next cycle
[2026-04-23T08:54:47.607170+00:00] [INFO] === cycle 328 ===
[2026-04-23T08:54:48.331236+00:00] [INFO] === roadmap-driver cycle ===
[2026-04-23T08:54:48.348978+00:00] [INFO] budget check: budget block at 52.5%
[2026-04-23T08:54:48.349851+00:00] [INFO] SKIP — queue depth 6 >= cap 5
[2026-04-23T08:54:48.349929+00:00] [INFO]   ROADMAP-DRIVER status: skipped_queue_full
[2026-04-23T08:54:48.351036+00:00] [INFO]   wrote session briefing (15 capability groups, 0 broken integrations)
[2026-04-23T08:54:48.351281+00:00] [INFO]   cycle 328 done in 0.7s, 0 actions
[2026-04-23T08:54:48.351350+00:00] [INFO]   sleeping 900s until next cycle
[2026-04-23T09:09:48.508557+00:00] [INFO] === cycle 329 ===
[2026-04-23T09:09:49.235830+00:00] [INFO] === roadmap-driver cycle ===
[2026-04-23T09:09:49.253893+00:00] [INFO] budget check: budget block at 52.5%
[2026-04-23T09:09:49.254743+00:00] [INFO] SKIP — queue depth 6 >= cap 5
[2026-04-23T09:09:49.254816+00:00] [INFO]   ROADMAP-DRIVER status: skipped_queue_full
[2026-04-23T09:09:49.255775+00:00] [INFO]   wrote session briefing (15 capability groups, 0 broken integrations)
[2026-04-23T09:09:49.255991+00:00] [INFO]   cycle 329 done in 0.7s, 0 actions
[2026-04-23T09:09:49.256063+00:00] [INFO]   sleeping 900s until next cycle
[2026-04-23T09:24:49.412796+00:00] [INFO] === cycle 330 ===
[2026-04-23T09:24:50.145302+00:00] [INFO] === roadmap-driver cycle ===
[2026-04-23T09:24:50.163738+00:00] [INFO] budget check: budget block at 52.5%
[2026-04-23T09:24:50.164592+00:00] [INFO] SKIP — queue depth 6 >= cap 5
[2026-04-23T09:24:50.164667+00:00] [INFO]   ROADMAP-DRIVER status: skipped_queue_full
[2026-04-23T09:24:50.165657+00:00] [INFO]   wrote session briefing (15 capability groups, 0 broken integrations)
[2026-04-23T09:24:50.165932+00:00] [INFO]   cycle 330 done in 0.8s, 0 actions
[2026-04-23T09:24:50.166005+00:00] [INFO]   sleeping 900s until next cycle
[2026-04-23T09:39:50.322217+00:00] [INFO] === cycle 331 ===
[2026-04-23T09:39:51.014579+00:00] [INFO] === roadmap-driver cycle ===
[2026-04-23T09:39:51.031464+00:00] [INFO] budget check: budget block at 52.5%
[2026-04-23T09:39:51.032317+00:00] [INFO] SKIP — queue depth 6 >= cap 5
[2026-04-23T09:39:51.032389+00:00] [INFO]   ROADMAP-DRIVER status: skipped_queue_full
[2026-04-23T09:39:51.033346+00:00] [INFO]   wrote session briefing (15 capability groups, 0 broken integrations)
[2026-04-23T09:39:51.033453+00:00] [INFO]   cycle 331 done in 0.7s, 0 actions
[2026-04-23T09:39:51.033518+00:00] [INFO]   sleeping 900s until next cycle
[2026-04-23T09:54:51.190372+00:00] [INFO] === cycle 332 ===
[2026-04-23T09:54:51.939972+00:00] [INFO] === roadmap-driver cycle ===
[2026-04-23T09:54:51.959642+00:00] [INFO] budget check: budget block at 76.0% >= 70% threshold
[2026-04-23T09:54:51.959694+00:00] [INFO] SKIP — budget threshold exceeded
[2026-04-23T09:54:51.959755+00:00] [INFO]   ROADMAP-DRIVER status: skipped_budget
[2026-04-23T09:54:51.960745+00:00] [INFO]   wrote session briefing (15 capability groups, 0 broken integrations)
[2026-04-23T09:54:51.960998+00:00] [INFO]   cycle 332 done in 0.8s, 0 actions
[2026-04-23T09:54:51.961067+00:00] [INFO]   sleeping 900s until next cycle
[2026-04-23T10:09:52.117755+00:00] [INFO] === cycle 333 ===
[2026-04-23T10:09:52.830672+00:00] [INFO] === roadmap-driver cycle ===
[2026-04-23T10:09:52.849085+00:00] [INFO] budget check: budget block at 88.0% >= 70% threshold
[2026-04-23T10:09:52.849131+00:00] [INFO] SKIP — budget threshold exceeded
[2026-04-23T10:09:52.849201+00:00] [INFO]   ROADMAP-DRIVER status: skipped_budget
[2026-04-23T10:09:52.850180+00:00] [INFO]   wrote session briefing (15 capability groups, 0 broken integrations)
[2026-04-23T10:09:52.850291+00:00] [INFO]   cycle 333 done in 0.7s, 0 actions
[2026-04-23T10:09:52.850358+00:00] [INFO]   sleeping 900s until next cycle
[2026-04-23T10:24:53.006334+00:00] [INFO] === cycle 334 ===
[2026-04-23T10:24:53.864887+00:00] [INFO] === roadmap-driver cycle ===
[2026-04-23T10:24:53.882613+00:00] [INFO] budget check: budget block at 88.0% >= 70% threshold
[2026-04-23T10:24:53.882656+00:00] [INFO] SKIP — budget threshold exceeded
[2026-04-23T10:24:53.882713+00:00] [INFO]   ROADMAP-DRIVER status: skipped_budget
[2026-04-23T10:24:53.883841+00:00] [INFO]   wrote session briefing (15 capability groups, 0 broken integrations)
[2026-04-23T10:24:53.884093+00:00] [INFO]   cycle 334 done in 0.9s, 0 actions
[2026-04-23T10:24:53.884162+00:00] [INFO]   sleeping 900s until next cycle
[2026-04-23T10:39:54.040777+00:00] [INFO] === cycle 335 ===
[2026-04-23T10:39:54.042853+00:00] [INFO]   refreshing capability manifest
[2026-04-23T10:39:56.171631+00:00] [INFO] === roadmap-driver cycle ===
[2026-04-23T10:39:56.189323+00:00] [INFO] budget check: budget block at 72.5% >= 70% threshold
[2026-04-23T10:39:56.189374+00:00] [INFO] SKIP — budget threshold exceeded
[2026-04-23T10:39:56.189432+00:00] [INFO]   ROADMAP-DRIVER status: skipped_budget
[2026-04-23T10:39:56.190439+00:00] [INFO]   wrote session briefing (15 capability groups, 0 broken integrations)
[2026-04-23T10:39:56.190675+00:00] [INFO]   cycle 335 done in 2.2s, 0 actions
[2026-04-23T10:39:56.190745+00:00] [INFO]   sleeping 900s until next cycle
[2026-04-23T10:54:56.347734+00:00] [INFO] === cycle 336 ===
[2026-04-23T10:54:57.215383+00:00] [INFO] === roadmap-driver cycle ===
[2026-04-23T10:54:57.233556+00:00] [INFO] budget check: budget block at 60.5%
[2026-04-23T10:54:57.247483+00:00] [INFO]   PUSHED roadmap_edge_track_record_in_briefing  sev=LOW  Verify morning briefing edge-weight track record line is wir
[2026-04-23T10:54:57.249218+00:00] [INFO] === done — pushed 1 tasks, queue now 4 ===
[2026-04-23T10:54:57.249367+00:00] [INFO]   ROADMAP-DRIVER: pushed 1 build tasks (queue depth now 4)
[2026-04-23T10:54:57.250727+00:00] [INFO]   wrote session briefing (15 capability groups, 0 broken integrations)
[2026-04-23T10:54:57.250979+00:00] [INFO]   cycle 336 done in 0.9s, 1 actions
[2026-04-23T10:54:57.251053+00:00] [INFO]   sleeping 120s until next cycle
[2026-04-23T10:56:57.402054+00:00] [INFO] === cycle 337 ===
[2026-04-23T10:56:57.921737+00:00] [INFO] === roadmap-driver cycle ===
[2026-04-23T10:56:57.939230+00:00] [INFO] budget check: budget block at 60.5%
[2026-04-23T10:56:57.950811+00:00] [INFO]   roadmap_edge_track_record_in_briefing: already in pending queue
[2026-04-23T10:56:57.950941+00:00] [INFO] nothing to push — all roadmap items either complete or in cooldown
[2026-04-23T10:56:57.952154+00:00] [INFO]   wrote session briefing (15 capability groups, 0 broken integrations)
[2026-04-23T10:56:57.952297+00:00] [INFO]   cycle 337 done in 0.6s, 0 actions
[2026-04-23T10:56:57.952369+00:00] [INFO]   sleeping 900s until next cycle
[2026-04-23T11:11:58.108975+00:00] [INFO] === cycle 338 ===
[2026-04-23T11:11:58.866899+00:00] [INFO] === roadmap-driver cycle ===
[2026-04-23T11:11:58.885085+00:00] [INFO] budget check: budget block at 60.5%
[2026-04-23T11:11:58.885954+00:00] [INFO] SKIP — queue depth 6 >= cap 5
[2026-04-23T11:11:58.886032+00:00] [INFO]   ROADMAP-DRIVER status: skipped_queue_full
[2026-04-23T11:11:58.887268+00:00] [INFO]   wrote session briefing (15 capability groups, 0 broken integrations)
[2026-04-23T11:11:58.887382+00:00] [INFO]   cycle 338 done in 0.8s, 0 actions
[2026-04-23T11:11:58.887452+00:00] [INFO]   sleeping 900s until next cycle
[2026-04-23T11:26:59.044266+00:00] [INFO] === cycle 339 ===
[2026-04-23T11:26:59.907134+00:00] [INFO] === roadmap-driver cycle ===
[2026-04-23T11:26:59.926324+00:00] [INFO] budget check: budget block at 60.5%
[2026-04-23T11:26:59.927192+00:00] [INFO] SKIP — queue depth 6 >= cap 5
[2026-04-23T11:26:59.927266+00:00] [INFO]   ROADMAP-DRIVER status: skipped_queue_full
[2026-04-23T11:26:59.928750+00:00] [INFO]   wrote session briefing (15 capability groups, 0 broken integrations)
[2026-04-23T11:26:59.928870+00:00] [INFO]   cycle 339 done in 0.9s, 0 actions
[2026-04-23T11:26:59.928934+00:00] [INFO]   sleeping 900s until next cycle
[2026-04-23T11:42:00.085499+00:00] [INFO] === cycle 340 ===
[2026-04-23T11:42:00.902347+00:00] [INFO] === roadmap-driver cycle ===
[2026-04-23T11:42:00.918781+00:00] [INFO] budget check: budget block at 60.5%
[2026-04-23T11:42:00.919640+00:00] [INFO] SKIP — queue depth 6 >= cap 5
[2026-04-23T11:42:00.919727+00:00] [INFO]   ROADMAP-DRIVER status: skipped_queue_full
[2026-04-23T11:42:00.920692+00:00] [INFO]   wrote session briefing (15 capability groups, 0 broken integrations)
[2026-04-23T11:42:00.920798+00:00] [INFO]   cycle 340 done in 0.8s, 0 actions
[2026-04-23T11:42:00.920864+00:00] [INFO]   sleeping 900s until next cycle
[2026-04-23T11:57:01.077149+00:00] [INFO] === cycle 341 ===
[2026-04-23T11:57:01.910333+00:00] [INFO] === roadmap-driver cycle ===
[2026-04-23T11:57:01.926859+00:00] [INFO] budget check: budget block at 60.5%
[2026-04-23T11:57:01.927714+00:00] [INFO] SKIP — queue depth 6 >= cap 5
[2026-04-23T11:57:01.927783+00:00] [INFO]   ROADMAP-DRIVER status: skipped_queue_full
[2026-04-23T11:57:01.928955+00:00] [INFO]   wrote session briefing (15 capability groups, 0 broken integrations)
[2026-04-23T11:57:01.929184+00:00] [INFO]   cycle 341 done in 0.9s, 0 actions
[2026-04-23T11:57:01.929254+00:00] [INFO]   sleeping 900s until next cycle
[2026-04-23T12:12:02.085877+00:00] [INFO] === cycle 342 ===
[2026-04-23T12:12:02.865280+00:00] [INFO] === roadmap-driver cycle ===
[2026-04-23T12:12:02.883416+00:00] [INFO] budget check: budget block at 78.5% >= 70% threshold
[2026-04-23T12:12:02.883458+00:00] [INFO] SKIP — budget threshold exceeded
[2026-04-23T12:12:02.883491+00:00] [INFO]   ROADMAP-DRIVER status: skipped_budget
[2026-04-23T12:12:02.884640+00:00] [INFO]   wrote session briefing (15 capability groups, 0 broken integrations)
[2026-04-23T12:12:02.884759+00:00] [INFO]   cycle 342 done in 0.8s, 0 actions
[2026-04-23T12:12:02.884832+00:00] [INFO]   sleeping 900s until next cycle
[2026-04-23T12:27:03.040578+00:00] [INFO] === cycle 343 ===
[2026-04-23T12:27:03.966835+00:00] [INFO] === roadmap-driver cycle ===
[2026-04-23T12:27:03.993830+00:00] [INFO] budget check: budget block at 78.5% >= 70% threshold
[2026-04-23T12:27:03.993880+00:00] [INFO] SKIP — budget threshold exceeded
[2026-04-23T12:27:03.993920+00:00] [INFO]   ROADMAP-DRIVER status: skipped_budget
[2026-04-23T12:27:03.995575+00:00] [INFO]   wrote session briefing (15 capability groups, 0 broken integrations)
[2026-04-23T12:27:03.995729+00:00] [INFO]   cycle 343 done in 1.0s, 0 actions
[2026-04-23T12:27:03.995815+00:00] [INFO]   sleeping 900s until next cycle
[2026-04-23T12:42:04.152628+00:00] [INFO] === cycle 344 ===
[2026-04-23T12:42:04.904803+00:00] [INFO] === roadmap-driver cycle ===
[2026-04-23T12:42:04.923446+00:00] [INFO] budget check: budget block at 78.5% >= 70% threshold
[2026-04-23T12:42:04.923488+00:00] [INFO] SKIP — budget threshold exceeded
[2026-04-23T12:42:04.923516+00:00] [INFO]   ROADMAP-DRIVER status: skipped_budget
[2026-04-23T12:42:04.924913+00:00] [INFO]   wrote session briefing (15 capability groups, 0 broken integrations)
[2026-04-23T12:42:04.925163+00:00] [INFO]   cycle 344 done in 0.8s, 0 actions
[2026-04-23T12:42:04.925237+00:00] [INFO]   sleeping 900s until next cycle
[2026-04-23T12:57:05.081915+00:00] [INFO] === cycle 345 ===
[2026-04-23T12:57:05.961528+00:00] [INFO] === roadmap-driver cycle ===
[2026-04-23T12:57:05.981608+00:00] [INFO] budget check: budget block at 53.5%
[2026-04-23T12:57:05.995436+00:00] [INFO]   PUSHED roadmap_edge_track_record_in_briefing  sev=LOW  Verify morning briefing edge-weight track record line is wir
[2026-04-23T12:57:05.996993+00:00] [INFO] === done — pushed 1 tasks, queue now 3 ===
[2026-04-23T12:57:05.997129+00:00] [INFO]   ROADMAP-DRIVER: pushed 1 build tasks (queue depth now 3)
[2026-04-23T12:57:05.998435+00:00] [INFO]   wrote session briefing (15 capability groups, 0 broken integrations)
[2026-04-23T12:57:05.998685+00:00] [INFO]   cycle 345 done in 0.9s, 1 actions
[2026-04-23T12:57:05.998765+00:00] [INFO]   sleeping 120s until next cycle
[2026-04-23T12:59:06.149711+00:00] [INFO] === cycle 346 ===
[2026-04-23T12:59:06.672017+00:00] [INFO] === roadmap-driver cycle ===
[2026-04-23T12:59:06.689908+00:00] [INFO] budget check: budget block at 53.5%
[2026-04-23T12:59:06.701657+00:00] [INFO]   roadmap_edge_track_record_in_briefing: already in pending queue
[2026-04-23T12:59:06.701783+00:00] [INFO] nothing to push — all roadmap items either complete or in cooldown
[2026-04-23T12:59:06.703027+00:00] [INFO]   wrote session briefing (15 capability groups, 0 broken integrations)
[2026-04-23T12:59:06.703144+00:00] [INFO]   cycle 346 done in 0.6s, 0 actions
[2026-04-23T12:59:06.703222+00:00] [INFO]   sleeping 900s until next cycle
[2026-04-23T13:14:06.860230+00:00] [INFO] === cycle 347 ===
[2026-04-23T13:14:07.615996+00:00] [INFO] === roadmap-driver cycle ===
[2026-04-23T13:14:07.637100+00:00] [INFO] budget check: budget block at 53.5%
[2026-04-23T13:14:07.652647+00:00] [INFO]   roadmap_edge_track_record_in_briefing: already in pending queue
[2026-04-23T13:14:07.652787+00:00] [INFO] nothing to push — all roadmap items either complete or in cooldown
[2026-04-23T13:14:07.654513+00:00] [INFO]   wrote session briefing (15 capability groups, 0 broken integrations)
[2026-04-23T13:14:07.654674+00:00] [INFO]   cycle 347 done in 0.8s, 0 actions
[2026-04-23T13:14:07.654773+00:00] [INFO]   sleeping 900s until next cycle
[2026-04-23T13:29:07.781858+00:00] [INFO] === cycle 348 ===
[2026-04-23T13:29:08.635659+00:00] [INFO] === roadmap-driver cycle ===
[2026-04-23T13:29:08.653517+00:00] [INFO] budget check: budget block at 53.5%
[2026-04-23T13:29:08.666638+00:00] [INFO]   roadmap_edge_track_record_in_briefing: already in pending queue
[2026-04-23T13:29:08.666746+00:00] [INFO] nothing to push — all roadmap items either complete or in cooldown
[2026-04-23T13:29:08.668387+00:00] [INFO]   wrote session briefing (15 capability groups, 0 broken integrations)
[2026-04-23T13:29:08.668527+00:00] [INFO]   cycle 348 done in 0.9s, 0 actions
[2026-04-23T13:29:08.668606+00:00] [INFO]   sleeping 900s until next cycle
[2026-04-23T13:44:08.819826+00:00] [INFO] === cycle 349 ===
[2026-04-23T13:44:09.627412+00:00] [INFO] === roadmap-driver cycle ===
[2026-04-23T13:44:09.646341+00:00] [INFO] budget check: budget block at 53.5%
[2026-04-23T13:44:09.660576+00:00] [INFO]   roadmap_edge_track_record_in_briefing: already in pending queue
[2026-04-23T13:44:09.660683+00:00] [INFO] nothing to push — all roadmap items either complete or in cooldown
[2026-04-23T13:44:09.662375+00:00] [INFO]   wrote session briefing (15 capability groups, 0 broken integrations)
[2026-04-23T13:44:09.662503+00:00] [INFO]   cycle 349 done in 0.8s, 0 actions
[2026-04-23T13:44:09.662577+00:00] [INFO]   sleeping 900s until next cycle
[2026-04-23T13:59:09.817893+00:00] [INFO] === cycle 350 ===
[2026-04-23T13:59:10.645091+00:00] [INFO] === roadmap-driver cycle ===
[2026-04-23T13:59:10.661395+00:00] [INFO] budget check: budget block at 53.5%
[2026-04-23T13:59:10.674974+00:00] [INFO]   roadmap_edge_track_record_in_briefing: already in pending queue
[2026-04-23T13:59:10.675083+00:00] [INFO] nothing to push — all roadmap items either complete or in cooldown
[2026-04-23T13:59:10.676678+00:00] [INFO]   wrote session briefing (15 capability groups, 0 broken integrations)
[2026-04-23T13:59:10.676933+00:00] [INFO]   cycle 350 done in 0.9s, 0 actions
[2026-04-23T13:59:10.677006+00:00] [INFO]   sleeping 900s until next cycle
[2026-04-23T14:14:10.838997+00:00] [INFO] === cycle 351 ===
[2026-04-23T14:14:11.659664+00:00] [INFO]   LEARNED from 1 completed tasks (tracking 5 action types)
[2026-04-23T14:14:11.660224+00:00] [INFO] === roadmap-driver cycle ===
[2026-04-23T14:14:11.678692+00:00] [INFO] budget check: budget block at 82.0% >= 70% threshold
[2026-04-23T14:14:11.678732+00:00] [INFO] SKIP — budget threshold exceeded
[2026-04-23T14:14:11.678793+00:00] [INFO]   ROADMAP-DRIVER status: skipped_budget
[2026-04-23T14:14:11.679948+00:00] [INFO]   wrote session briefing (15 capability groups, 0 broken integrations)
[2026-04-23T14:14:11.680052+00:00] [INFO]   cycle 351 done in 0.8s, 0 actions
[2026-04-23T14:14:11.680121+00:00] [INFO]   sleeping 900s until next cycle
[2026-04-23T14:29:11.836715+00:00] [INFO] === cycle 352 ===
[2026-04-23T14:29:12.693984+00:00] [INFO] === roadmap-driver cycle ===
[2026-04-23T14:29:12.713162+00:00] [INFO] budget check: budget block at 82.0% >= 70% threshold
[2026-04-23T14:29:12.713206+00:00] [INFO] SKIP — budget threshold exceeded
[2026-04-23T14:29:12.713234+00:00] [INFO]   ROADMAP-DRIVER status: skipped_budget
[2026-04-23T14:29:12.714565+00:00] [INFO]   wrote session briefing (15 capability groups, 0 broken integrations)
[2026-04-23T14:29:12.714680+00:00] [INFO]   cycle 352 done in 0.9s, 0 actions
[2026-04-23T14:29:12.714755+00:00] [INFO]   sleeping 900s until next cycle
[2026-04-23T14:44:12.871714+00:00] [INFO] === cycle 353 ===
[2026-04-23T14:44:12.874227+00:00] [INFO]   refreshing capability manifest
[2026-04-23T14:44:15.117436+00:00] [INFO] === roadmap-driver cycle ===
[2026-04-23T14:44:15.136082+00:00] [INFO] budget check: budget block at 82.0% >= 70% threshold
[2026-04-23T14:44:15.136119+00:00] [INFO] SKIP — budget threshold exceeded
[2026-04-23T14:44:15.136154+00:00] [INFO]   ROADMAP-DRIVER status: skipped_budget
[2026-04-23T14:44:15.137426+00:00] [INFO]   wrote session briefing (15 capability groups, 0 broken integrations)
[2026-04-23T14:44:15.137640+00:00] [INFO]   cycle 353 done in 2.3s, 0 actions
[2026-04-23T14:44:15.137710+00:00] [INFO]   sleeping 900s until next cycle
[2026-04-23T14:59:15.295199+00:00] [INFO] === cycle 354 ===
[2026-04-23T14:59:16.150945+00:00] [INFO] === roadmap-driver cycle ===
[2026-04-23T14:59:16.169460+00:00] [INFO] budget check: budget block at 58.5%
[2026-04-23T14:59:16.183530+00:00] [INFO]   roadmap_edge_track_record_in_briefing: in cooldown (attempted within last 12h)
[2026-04-23T14:59:16.183662+00:00] [INFO] nothing to push — all roadmap items either complete or in cooldown
[2026-04-23T14:59:16.185157+00:00] [INFO]   wrote session briefing (15 capability groups, 0 broken integrations)
[2026-04-23T14:59:16.185438+00:00] [INFO]   cycle 354 done in 0.9s, 0 actions
[2026-04-23T14:59:16.185513+00:00] [INFO]   sleeping 900s until next cycle
[2026-04-23T15:14:16.342324+00:00] [INFO] === cycle 355 ===
[2026-04-23T15:14:17.122412+00:00] [INFO] === roadmap-driver cycle ===
[2026-04-23T15:14:17.142787+00:00] [INFO] budget check: budget block at 46.5%
[2026-04-23T15:14:17.156106+00:00] [INFO]   roadmap_edge_track_record_in_briefing: in cooldown (attempted within last 12h)
[2026-04-23T15:14:17.156226+00:00] [INFO] nothing to push — all roadmap items either complete or in cooldown
[2026-04-23T15:14:17.157595+00:00] [INFO]   wrote session briefing (15 capability groups, 0 broken integrations)
[2026-04-23T15:14:17.157862+00:00] [INFO]   cycle 355 done in 0.8s, 0 actions
[2026-04-23T15:14:17.157941+00:00] [INFO]   sleeping 900s until next cycle
[2026-04-23T15:29:17.314880+00:00] [INFO] === cycle 356 ===
[2026-04-23T15:29:18.169238+00:00] [INFO] === roadmap-driver cycle ===
[2026-04-23T15:29:18.188196+00:00] [INFO] budget check: budget block at 46.5%
[2026-04-23T15:29:18.202176+00:00] [INFO]   roadmap_edge_track_record_in_briefing: in cooldown (attempted within last 12h)
[2026-04-23T15:29:18.202282+00:00] [INFO] nothing to push — all roadmap items either complete or in cooldown
[2026-04-23T15:29:18.203810+00:00] [INFO]   wrote session briefing (15 capability groups, 0 broken integrations)
[2026-04-23T15:29:18.203950+00:00] [INFO]   cycle 356 done in 0.9s, 0 actions
[2026-04-23T15:29:18.204029+00:00] [INFO]   sleeping 900s until next cycle
[2026-04-23T15:44:18.361249+00:00] [INFO] === cycle 357 ===
[2026-04-23T15:44:19.119969+00:00] [INFO] === roadmap-driver cycle ===
[2026-04-23T15:44:19.139080+00:00] [INFO] budget check: budget block at 46.5%
[2026-04-23T15:44:19.152749+00:00] [INFO]   roadmap_edge_track_record_in_briefing: in cooldown (attempted within last 12h)
[2026-04-23T15:44:19.152857+00:00] [INFO] nothing to push — all roadmap items either complete or in cooldown
[2026-04-23T15:44:19.154460+00:00] [INFO]   wrote session briefing (15 capability groups, 0 broken integrations)
[2026-04-23T15:44:19.154587+00:00] [INFO]   cycle 357 done in 0.8s, 0 actions
[2026-04-23T15:44:19.154665+00:00] [INFO]   sleeping 900s until next cycle
[2026-04-23T15:59:19.311862+00:00] [INFO] === cycle 358 ===
[2026-04-23T15:59:20.160353+00:00] [INFO] === roadmap-driver cycle ===
[2026-04-23T15:59:20.178179+00:00] [INFO] budget check: budget block at 46.5%
[2026-04-23T15:59:20.192417+00:00] [INFO]   roadmap_edge_track_record_in_briefing: in cooldown (attempted within last 12h)
[2026-04-23T15:59:20.192528+00:00] [INFO] nothing to push — all roadmap items either complete or in cooldown
[2026-04-23T15:59:20.194026+00:00] [INFO]   wrote session briefing (15 capability groups, 0 broken integrations)
[2026-04-23T15:59:20.194278+00:00] [INFO]   cycle 358 done in 0.9s, 0 actions
[2026-04-23T15:59:20.194353+00:00] [INFO]   sleeping 900s until next cycle
[2026-04-23T16:14:20.351398+00:00] [INFO] === cycle 359 ===
[2026-04-23T16:14:21.059202+00:00] [INFO] === roadmap-driver cycle ===
[2026-04-23T16:14:21.077642+00:00] [INFO] budget check: budget block at 49.5%
[2026-04-23T16:14:21.090710+00:00] [INFO]   roadmap_edge_track_record_in_briefing: in cooldown (attempted within last 12h)
[2026-04-23T16:14:21.090822+00:00] [INFO] nothing to push — all roadmap items either complete or in cooldown
[2026-04-23T16:14:21.092073+00:00] [INFO]   wrote session briefing (15 capability groups, 0 broken integrations)
[2026-04-23T16:14:21.092217+00:00] [INFO]   cycle 359 done in 0.7s, 0 actions
[2026-04-23T16:14:21.092300+00:00] [INFO]   sleeping 900s until next cycle
[2026-04-23T16:29:21.248098+00:00] [INFO] === cycle 360 ===
[2026-04-23T16:29:21.988569+00:00] [INFO] === roadmap-driver cycle ===
[2026-04-23T16:29:22.007974+00:00] [INFO] budget check: budget block at 49.5%
[2026-04-23T16:29:22.021093+00:00] [INFO]   roadmap_edge_track_record_in_briefing: in cooldown (attempted within last 12h)
[2026-04-23T16:29:22.021199+00:00] [INFO] nothing to push — all roadmap items either complete or in cooldown
[2026-04-23T16:29:22.022474+00:00] [INFO]   wrote session briefing (15 capability groups, 0 broken integrations)
[2026-04-23T16:29:22.022754+00:00] [INFO]   cycle 360 done in 0.8s, 0 actions
[2026-04-23T16:29:22.022832+00:00] [INFO]   sleeping 900s until next cycle
[2026-04-23T16:44:22.179373+00:00] [INFO] === cycle 361 ===
[2026-04-23T16:44:22.855964+00:00] [INFO] === roadmap-driver cycle ===
[2026-04-23T16:44:22.873492+00:00] [INFO] budget check: budget block at 49.5%
[2026-04-23T16:44:22.886599+00:00] [INFO]   roadmap_edge_track_record_in_briefing: in cooldown (attempted within last 12h)
[2026-04-23T16:44:22.886714+00:00] [INFO] nothing to push — all roadmap items either complete or in cooldown
[2026-04-23T16:44:22.887933+00:00] [INFO]   wrote session briefing (15 capability groups, 0 broken integrations)
[2026-04-23T16:44:22.888186+00:00] [INFO]   cycle 361 done in 0.7s, 0 actions
[2026-04-23T16:44:22.888263+00:00] [INFO]   sleeping 900s until next cycle
[2026-04-23T16:59:23.042395+00:00] [INFO] === cycle 362 ===
[2026-04-23T16:59:23.771785+00:00] [INFO] === roadmap-driver cycle ===
[2026-04-23T16:59:23.789421+00:00] [INFO] budget check: budget block at 49.5%
[2026-04-23T16:59:23.802207+00:00] [INFO]   roadmap_edge_track_record_in_briefing: in cooldown (attempted within last 12h)
[2026-04-23T16:59:23.802323+00:00] [INFO] nothing to push — all roadmap items either complete or in cooldown
[2026-04-23T16:59:23.803593+00:00] [INFO]   wrote session briefing (15 capability groups, 0 broken integrations)
[2026-04-23T16:59:23.803731+00:00] [INFO]   cycle 362 done in 0.8s, 0 actions
[2026-04-23T16:59:23.803810+00:00] [INFO]   sleeping 900s until next cycle
[2026-04-23T17:14:23.959724+00:00] [INFO] === cycle 363 ===
[2026-04-23T17:14:24.831823+00:00] [INFO] === roadmap-driver cycle ===
[2026-04-23T17:14:24.850701+00:00] [INFO] budget check: budget block at 31.5%
[2026-04-23T17:14:24.863921+00:00] [INFO]   roadmap_edge_track_record_in_briefing: in cooldown (attempted within last 12h)
[2026-04-23T17:14:24.864027+00:00] [INFO] nothing to push — all roadmap items either complete or in cooldown
[2026-04-23T17:14:24.865390+00:00] [INFO]   wrote session briefing (15 capability groups, 0 broken integrations)
[2026-04-23T17:14:24.865521+00:00] [INFO]   cycle 363 done in 0.9s, 0 actions
[2026-04-23T17:14:24.865598+00:00] [INFO]   sleeping 900s until next cycle
[2026-04-23T17:29:25.023773+00:00] [INFO] === cycle 364 ===
[2026-04-23T17:29:25.742135+00:00] [INFO] === roadmap-driver cycle ===
[2026-04-23T17:29:25.759677+00:00] [INFO] budget check: budget block at 31.5%
[2026-04-23T17:29:25.772376+00:00] [INFO]   roadmap_edge_track_record_in_briefing: in cooldown (attempted within last 12h)
[2026-04-23T17:29:25.772486+00:00] [INFO] nothing to push — all roadmap items either complete or in cooldown
[2026-04-23T17:29:25.773736+00:00] [INFO]   wrote session briefing (15 capability groups, 0 broken integrations)
[2026-04-23T17:29:25.773883+00:00] [INFO]   cycle 364 done in 0.8s, 0 actions
[2026-04-23T17:29:25.773959+00:00] [INFO]   sleeping 900s until next cycle
[2026-04-23T17:44:25.930501+00:00] [INFO] === cycle 365 ===
[2026-04-23T17:44:26.831577+00:00] [INFO] === roadmap-driver cycle ===
[2026-04-23T17:44:26.850208+00:00] [INFO] budget check: budget block at 31.5%
[2026-04-23T17:44:26.864273+00:00] [INFO]   roadmap_edge_track_record_in_briefing: in cooldown (attempted within last 12h)
[2026-04-23T17:44:26.864378+00:00] [INFO] nothing to push — all roadmap items either complete or in cooldown
[2026-04-23T17:44:26.866017+00:00] [INFO]   wrote session briefing (15 capability groups, 0 broken integrations)
[2026-04-23T17:44:26.866278+00:00] [INFO]   cycle 365 done in 0.9s, 0 actions
[2026-04-23T17:44:26.866353+00:00] [INFO]   sleeping 900s until next cycle
[2026-04-23T17:59:27.023586+00:00] [INFO] === cycle 366 ===
[2026-04-23T17:59:27.880803+00:00] [INFO] === roadmap-driver cycle ===
[2026-04-23T17:59:27.898892+00:00] [INFO] budget check: budget block at 31.5%
[2026-04-23T17:59:27.912479+00:00] [INFO]   roadmap_edge_track_record_in_briefing: in cooldown (attempted within last 12h)
[2026-04-23T17:59:27.912588+00:00] [INFO] nothing to push — all roadmap items either complete or in cooldown
[2026-04-23T17:59:27.914113+00:00] [INFO]   wrote session briefing (15 capability groups, 0 broken integrations)
[2026-04-23T17:59:27.914383+00:00] [INFO]   cycle 366 done in 0.9s, 0 actions
[2026-04-23T17:59:27.914460+00:00] [INFO]   sleeping 900s until next cycle
[2026-04-23T18:14:28.071062+00:00] [INFO] === cycle 367 ===
[2026-04-23T18:14:28.923344+00:00] [INFO] === roadmap-driver cycle ===
[2026-04-23T18:14:28.940662+00:00] [INFO] budget check: budget block at 34.5%
[2026-04-23T18:14:28.954198+00:00] [INFO]   roadmap_edge_track_record_in_briefing: in cooldown (attempted within last 12h)
[2026-04-23T18:14:28.954310+00:00] [INFO] nothing to push — all roadmap items either complete or in cooldown
[2026-04-23T18:14:28.955560+00:00] [INFO]   wrote session briefing (15 capability groups, 0 broken integrations)
[2026-04-23T18:14:28.955822+00:00] [INFO]   cycle 367 done in 0.9s, 0 actions
[2026-04-23T18:14:28.955900+00:00] [INFO]   sleeping 900s until next cycle
[2026-04-23T18:29:29.108691+00:00] [INFO] === cycle 368 ===
[2026-04-23T18:29:29.875221+00:00] [INFO] === roadmap-driver cycle ===
[2026-04-23T18:29:29.893563+00:00] [INFO] budget check: budget block at 34.5%
[2026-04-23T18:29:29.907138+00:00] [INFO]   roadmap_edge_track_record_in_briefing: in cooldown (attempted within last 12h)
[2026-04-23T18:29:29.907242+00:00] [INFO] nothing to push — all roadmap items either complete or in cooldown
[2026-04-23T18:29:29.908879+00:00] [INFO]   wrote session briefing (15 capability groups, 0 broken integrations)
[2026-04-23T18:29:29.909005+00:00] [INFO]   cycle 368 done in 0.8s, 0 actions
[2026-04-23T18:29:29.909082+00:00] [INFO]   sleeping 900s until next cycle
[2026-04-23T18:44:30.069225+00:00] [INFO] === cycle 369 ===
[2026-04-23T18:44:30.072163+00:00] [INFO]   refreshing capability manifest
[2026-04-23T18:44:32.343729+00:00] [INFO] === roadmap-driver cycle ===
[2026-04-23T18:44:32.362122+00:00] [INFO] budget check: budget block at 34.5%
[2026-04-23T18:44:32.384513+00:00] [INFO]   roadmap_edge_track_record_in_briefing: in cooldown (attempted within last 12h)
[2026-04-23T18:44:32.384650+00:00] [INFO] nothing to push — all roadmap items either complete or in cooldown
[2026-04-23T18:44:32.386061+00:00] [INFO]   wrote session briefing (15 capability groups, 0 broken integrations)
[2026-04-23T18:44:32.386333+00:00] [INFO]   cycle 369 done in 2.3s, 0 actions
[2026-04-23T18:44:32.386420+00:00] [INFO]   sleeping 900s until next cycle
[2026-04-23T18:59:32.543114+00:00] [INFO] === cycle 370 ===
[2026-04-23T18:59:33.390222+00:00] [INFO] === roadmap-driver cycle ===
[2026-04-23T18:59:33.406951+00:00] [INFO] budget check: budget block at 34.5%
[2026-04-23T18:59:33.420446+00:00] [INFO]   roadmap_edge_track_record_in_briefing: in cooldown (attempted within last 12h)
[2026-04-23T18:59:33.420558+00:00] [INFO] nothing to push — all roadmap items either complete or in cooldown
[2026-04-23T18:59:33.421939+00:00] [INFO]   wrote session briefing (15 capability groups, 0 broken integrations)
[2026-04-23T18:59:33.422202+00:00] [INFO]   cycle 370 done in 0.9s, 0 actions
[2026-04-23T18:59:33.422285+00:00] [INFO]   sleeping 900s until next cycle
[2026-04-23T19:14:33.523236+00:00] [INFO] === cycle 371 ===
[2026-04-23T19:14:34.267505+00:00] [INFO] === roadmap-driver cycle ===
[2026-04-23T19:14:34.284533+00:00] [INFO] budget check: budget block at 6.0%
[2026-04-23T19:14:34.297277+00:00] [INFO]   roadmap_edge_track_record_in_briefing: in cooldown (attempted within last 12h)
[2026-04-23T19:14:34.297385+00:00] [INFO] nothing to push — all roadmap items either complete or in cooldown
[2026-04-23T19:14:34.298601+00:00] [INFO]   wrote session briefing (15 capability groups, 0 broken integrations)
[2026-04-23T19:14:34.298871+00:00] [INFO]   cycle 371 done in 0.8s, 0 actions
[2026-04-23T19:14:34.298945+00:00] [INFO]   sleeping 900s until next cycle
[2026-04-23T19:29:34.455799+00:00] [INFO] === cycle 372 ===
[2026-04-23T19:29:35.271896+00:00] [INFO] === roadmap-driver cycle ===
[2026-04-23T19:29:35.295843+00:00] [INFO] budget check: budget block at 6.0%
[2026-04-23T19:29:35.310538+00:00] [INFO]   roadmap_edge_track_record_in_briefing: in cooldown (attempted within last 12h)
[2026-04-23T19:29:35.310668+00:00] [INFO] nothing to push — all roadmap items either complete or in cooldown
[2026-04-23T19:29:35.311998+00:00] [INFO]   wrote session briefing (15 capability groups, 0 broken integrations)
[2026-04-23T19:29:35.312294+00:00] [INFO]   cycle 372 done in 0.9s, 0 actions
[2026-04-23T19:29:35.312378+00:00] [INFO]   sleeping 900s until next cycle
[2026-04-23T19:44:35.405304+00:00] [INFO] === cycle 373 ===
[2026-04-23T19:44:36.163793+00:00] [INFO] === roadmap-driver cycle ===
[2026-04-23T19:44:36.180841+00:00] [INFO] budget check: budget block at 6.0%
[2026-04-23T19:44:36.194210+00:00] [INFO]   roadmap_edge_track_record_in_briefing: in cooldown (attempted within last 12h)
[2026-04-23T19:44:36.194317+00:00] [INFO] nothing to push — all roadmap items either complete or in cooldown
[2026-04-23T19:44:36.195580+00:00] [INFO]   wrote session briefing (15 capability groups, 0 broken integrations)
[2026-04-23T19:44:36.195853+00:00] [INFO]   cycle 373 done in 0.8s, 0 actions
[2026-04-23T19:44:36.195929+00:00] [INFO]   sleeping 900s until next cycle
[2026-04-23T19:59:36.353134+00:00] [INFO] === cycle 374 ===
[2026-04-23T19:59:37.085483+00:00] [INFO] === roadmap-driver cycle ===
[2026-04-23T19:59:37.103011+00:00] [INFO] budget check: budget block at 6.0%
[2026-04-23T19:59:37.116089+00:00] [INFO]   roadmap_edge_track_record_in_briefing: in cooldown (attempted within last 12h)
[2026-04-23T19:59:37.116205+00:00] [INFO] nothing to push — all roadmap items either complete or in cooldown
[2026-04-23T19:59:37.117440+00:00] [INFO]   wrote session briefing (15 capability groups, 0 broken integrations)
[2026-04-23T19:59:37.117737+00:00] [INFO]   cycle 374 done in 0.8s, 0 actions
[2026-04-23T19:59:37.117822+00:00] [INFO]   sleeping 900s until next cycle
[2026-04-23T20:14:37.272996+00:00] [INFO] === cycle 375 ===
[2026-04-23T20:14:38.158691+00:00] [INFO] === roadmap-driver cycle ===
[2026-04-23T20:14:38.179174+00:00] [INFO] budget check: budget block at 9.0%
[2026-04-23T20:14:38.193648+00:00] [INFO]   roadmap_edge_track_record_in_briefing: in cooldown (attempted within last 12h)
[2026-04-23T20:14:38.193779+00:00] [INFO] nothing to push — all roadmap items either complete or in cooldown
[2026-04-23T20:14:38.195158+00:00] [INFO]   wrote session briefing (15 capability groups, 0 broken integrations)
[2026-04-23T20:14:38.195456+00:00] [INFO]   cycle 375 done in 0.9s, 0 actions
[2026-04-23T20:14:38.195542+00:00] [INFO]   sleeping 900s until next cycle
[2026-04-23T20:29:38.352123+00:00] [INFO] === cycle 376 ===
[2026-04-23T20:29:39.067619+00:00] [INFO] === roadmap-driver cycle ===
[2026-04-23T20:29:39.083912+00:00] [INFO] budget check: budget block at 9.0%
[2026-04-23T20:29:39.096615+00:00] [INFO]   roadmap_edge_track_record_in_briefing: in cooldown (attempted within last 12h)
[2026-04-23T20:29:39.096742+00:00] [INFO] nothing to push — all roadmap items either complete or in cooldown
[2026-04-23T20:29:39.097965+00:00] [INFO]   wrote session briefing (15 capability groups, 0 broken integrations)
[2026-04-23T20:29:39.098107+00:00] [INFO]   cycle 376 done in 0.7s, 0 actions
[2026-04-23T20:29:39.098184+00:00] [INFO]   sleeping 900s until next cycle
[2026-04-23T20:44:39.255061+00:00] [INFO] === cycle 377 ===
[2026-04-23T20:44:40.112550+00:00] [INFO] === roadmap-driver cycle ===
[2026-04-23T20:44:40.129992+00:00] [INFO] budget check: budget block at 9.0%
[2026-04-23T20:44:40.143824+00:00] [INFO]   roadmap_edge_track_record_in_briefing: in cooldown (attempted within last 12h)
[2026-04-23T20:44:40.143935+00:00] [INFO] nothing to push — all roadmap items either complete or in cooldown
[2026-04-23T20:44:40.145579+00:00] [INFO]   wrote session briefing (15 capability groups, 0 broken integrations)
[2026-04-23T20:44:40.145707+00:00] [INFO]   cycle 377 done in 0.9s, 0 actions
[2026-04-23T20:44:40.145782+00:00] [INFO]   sleeping 900s until next cycle
[2026-04-23T20:59:40.302805+00:00] [INFO] === cycle 378 ===
[2026-04-23T20:59:41.136700+00:00] [INFO] === roadmap-driver cycle ===
[2026-04-23T20:59:41.152709+00:00] [INFO] budget check: budget block at 9.0%
[2026-04-23T20:59:41.165453+00:00] [INFO]   roadmap_edge_track_record_in_briefing: in cooldown (attempted within last 12h)
[2026-04-23T20:59:41.165561+00:00] [INFO] nothing to push — all roadmap items either complete or in cooldown
[2026-04-23T20:59:41.167063+00:00] [INFO]   wrote session briefing (15 capability groups, 0 broken integrations)
[2026-04-23T20:59:41.167191+00:00] [INFO]   cycle 378 done in 0.9s, 0 actions
[2026-04-23T20:59:41.167265+00:00] [INFO]   sleeping 900s until next cycle
[2026-04-23T21:14:41.323949+00:00] [INFO] === cycle 379 ===
[2026-04-23T21:14:42.164111+00:00] [INFO] === roadmap-driver cycle ===
[2026-04-23T21:14:42.181331+00:00] [INFO] budget check: budget block at 6.0%
[2026-04-23T21:14:42.198281+00:00] [INFO]   roadmap_edge_track_record_in_briefing: in cooldown (attempted within last 12h)
[2026-04-23T21:14:42.198404+00:00] [INFO] nothing to push — all roadmap items either complete or in cooldown
[2026-04-23T21:14:42.199915+00:00] [INFO]   wrote session briefing (15 capability groups, 0 broken integrations)
[2026-04-23T21:14:42.200039+00:00] [INFO]   cycle 379 done in 0.9s, 0 actions
[2026-04-23T21:14:42.200119+00:00] [INFO]   sleeping 900s until next cycle
[2026-04-23T21:29:42.356768+00:00] [INFO] === cycle 380 ===
[2026-04-23T21:29:43.103435+00:00] [INFO] === roadmap-driver cycle ===
[2026-04-23T21:29:43.119700+00:00] [INFO] budget check: budget block at 6.0%
[2026-04-23T21:29:43.132763+00:00] [INFO]   roadmap_edge_track_record_in_briefing: in cooldown (attempted within last 12h)
[2026-04-23T21:29:43.132867+00:00] [INFO] nothing to push — all roadmap items either complete or in cooldown
[2026-04-23T21:29:43.134369+00:00] [INFO]   wrote session briefing (15 capability groups, 0 broken integrations)
[2026-04-23T21:29:43.134643+00:00] [INFO]   cycle 380 done in 0.8s, 0 actions
[2026-04-23T21:29:43.134725+00:00] [INFO]   sleeping 900s until next cycle
[2026-04-23T21:44:43.291993+00:00] [INFO] === cycle 381 ===
[2026-04-23T21:44:44.034484+00:00] [INFO] === roadmap-driver cycle ===
[2026-04-23T21:44:44.052500+00:00] [INFO] budget check: budget block at 6.0%
[2026-04-23T21:44:44.065352+00:00] [INFO]   roadmap_edge_track_record_in_briefing: in cooldown (attempted within last 12h)
[2026-04-23T21:44:44.065458+00:00] [INFO] nothing to push — all roadmap items either complete or in cooldown
[2026-04-23T21:44:44.066981+00:00] [INFO]   wrote session briefing (15 capability groups, 0 broken integrations)
[2026-04-23T21:44:44.067241+00:00] [INFO]   cycle 381 done in 0.8s, 0 actions
[2026-04-23T21:44:44.067321+00:00] [INFO]   sleeping 900s until next cycle
[2026-04-23T21:59:44.224124+00:00] [INFO] === cycle 382 ===
[2026-04-23T21:59:44.852251+00:00] [INFO] === roadmap-driver cycle ===
[2026-04-23T21:59:44.871086+00:00] [INFO] budget check: budget block at 6.0%
[2026-04-23T21:59:44.885149+00:00] [INFO]   roadmap_edge_track_record_in_briefing: in cooldown (attempted within last 12h)
[2026-04-23T21:59:44.885275+00:00] [INFO] nothing to push — all roadmap items either complete or in cooldown
[2026-04-23T21:59:44.886944+00:00] [INFO]   wrote session briefing (15 capability groups, 0 broken integrations)
[2026-04-23T21:59:44.887085+00:00] [INFO]   cycle 382 done in 0.7s, 0 actions
[2026-04-23T21:59:44.887167+00:00] [INFO]   sleeping 900s until next cycle
[2026-04-23T22:14:45.021505+00:00] [INFO] === cycle 383 ===
[2026-04-23T22:14:45.863731+00:00] [INFO] === roadmap-driver cycle ===
[2026-04-23T22:14:45.880614+00:00] [INFO] budget check: budget block at 9.0%
[2026-04-23T22:14:45.893809+00:00] [INFO]   roadmap_edge_track_record_in_briefing: in cooldown (attempted within last 12h)
[2026-04-23T22:14:45.893923+00:00] [INFO] nothing to push — all roadmap items either complete or in cooldown
[2026-04-23T22:14:45.895292+00:00] [INFO]   wrote session briefing (15 capability groups, 0 broken integrations)
[2026-04-23T22:14:45.895423+00:00] [INFO]   cycle 383 done in 0.9s, 0 actions
[2026-04-23T22:14:45.895495+00:00] [INFO]   sleeping 900s until next cycle
[2026-04-23T22:29:46.052760+00:00] [INFO] === cycle 384 ===
[2026-04-23T22:29:46.771810+00:00] [INFO] === roadmap-driver cycle ===
[2026-04-23T22:29:46.788602+00:00] [INFO] budget check: budget block at 9.0%
[2026-04-23T22:29:46.801653+00:00] [INFO]   roadmap_edge_track_record_in_briefing: in cooldown (attempted within last 12h)
[2026-04-23T22:29:46.801770+00:00] [INFO] nothing to push — all roadmap items either complete or in cooldown
[2026-04-23T22:29:46.803511+00:00] [INFO]   wrote session briefing (15 capability groups, 0 broken integrations)
[2026-04-23T22:29:46.803657+00:00] [INFO]   cycle 384 done in 0.8s, 0 actions
[2026-04-23T22:29:46.803734+00:00] [INFO]   sleeping 900s until next cycle
[2026-04-23T22:44:46.960388+00:00] [INFO] === cycle 385 ===
[2026-04-23T22:44:46.962098+00:00] [INFO]   refreshing capability manifest
[2026-04-23T22:44:49.231724+00:00] [INFO] === roadmap-driver cycle ===
[2026-04-23T22:44:49.248681+00:00] [INFO] budget check: budget block at 9.0%
[2026-04-23T22:44:49.261277+00:00] [INFO]   roadmap_edge_track_record_in_briefing: in cooldown (attempted within last 12h)
[2026-04-23T22:44:49.261400+00:00] [INFO] nothing to push — all roadmap items either complete or in cooldown
[2026-04-23T22:44:49.262917+00:00] [INFO]   wrote session briefing (15 capability groups, 0 broken integrations)
[2026-04-23T22:44:49.263059+00:00] [INFO]   cycle 385 done in 2.3s, 0 actions
[2026-04-23T22:44:49.263135+00:00] [INFO]   sleeping 900s until next cycle
[2026-04-23T22:59:49.419376+00:00] [INFO] === cycle 386 ===
[2026-04-23T22:59:50.154027+00:00] [INFO] === roadmap-driver cycle ===
[2026-04-23T22:59:50.171377+00:00] [INFO] budget check: budget block at 9.0%
[2026-04-23T22:59:50.184587+00:00] [INFO]   roadmap_edge_track_record_in_briefing: in cooldown (attempted within last 12h)
[2026-04-23T22:59:50.184721+00:00] [INFO] nothing to push — all roadmap items either complete or in cooldown
[2026-04-23T22:59:50.186383+00:00] [INFO]   wrote session briefing (15 capability groups, 0 broken integrations)
[2026-04-23T22:59:50.186516+00:00] [INFO]   cycle 386 done in 0.8s, 0 actions
[2026-04-23T22:59:50.186591+00:00] [INFO]   sleeping 900s until next cycle
[2026-04-23T23:14:50.343164+00:00] [INFO] === cycle 387 ===
[2026-04-23T23:14:51.196564+00:00] [INFO] === roadmap-driver cycle ===
[2026-04-23T23:14:51.213035+00:00] [INFO] budget check: budget block at 6.0%
[2026-04-23T23:14:51.226705+00:00] [INFO]   roadmap_edge_track_record_in_briefing: in cooldown (attempted within last 12h)
[2026-04-23T23:14:51.226803+00:00] [INFO] nothing to push — all roadmap items either complete or in cooldown
[2026-04-23T23:14:51.228358+00:00] [INFO]   wrote session briefing (15 capability groups, 0 broken integrations)
[2026-04-23T23:14:51.228482+00:00] [INFO]   cycle 387 done in 0.9s, 0 actions
[2026-04-23T23:14:51.228553+00:00] [INFO]   sleeping 900s until next cycle
[2026-04-23T23:29:51.385509+00:00] [INFO] === cycle 388 ===
[2026-04-23T23:29:52.133618+00:00] [INFO] === roadmap-driver cycle ===
[2026-04-23T23:29:52.151668+00:00] [INFO] budget check: budget block at 6.0%
[2026-04-23T23:29:52.165109+00:00] [INFO]   roadmap_edge_track_record_in_briefing: in cooldown (attempted within last 12h)
[2026-04-23T23:29:52.165213+00:00] [INFO] nothing to push — all roadmap items either complete or in cooldown
[2026-04-23T23:29:52.167232+00:00] [INFO]   wrote session briefing (15 capability groups, 0 broken integrations)
[2026-04-23T23:29:52.168551+00:00] [INFO]   cycle 388 done in 0.8s, 0 actions
[2026-04-23T23:29:52.168637+00:00] [INFO]   sleeping 900s until next cycle
[2026-04-23T23:44:52.325305+00:00] [INFO] === cycle 389 ===
[2026-04-23T23:44:53.153083+00:00] [INFO] === roadmap-driver cycle ===
[2026-04-23T23:44:53.169481+00:00] [INFO] budget check: budget block at 6.0%
[2026-04-23T23:44:53.183448+00:00] [INFO]   roadmap_edge_track_record_in_briefing: in cooldown (attempted within last 12h)
[2026-04-23T23:44:53.183556+00:00] [INFO] nothing to push — all roadmap items either complete or in cooldown
[2026-04-23T23:44:53.185316+00:00] [INFO]   wrote session briefing (15 capability groups, 0 broken integrations)
[2026-04-23T23:44:53.185441+00:00] [INFO]   cycle 389 done in 0.9s, 0 actions
[2026-04-23T23:44:53.185516+00:00] [INFO]   sleeping 900s until next cycle
[2026-04-23T23:59:53.341477+00:00] [INFO] === cycle 390 ===
[2026-04-23T23:59:54.086030+00:00] [INFO] === roadmap-driver cycle ===
[2026-04-23T23:59:54.102545+00:00] [INFO] budget check: budget block at 6.0%
[2026-04-23T23:59:54.116642+00:00] [INFO]   roadmap_edge_track_record_in_briefing: in cooldown (attempted within last 12h)
[2026-04-23T23:59:54.116747+00:00] [INFO] nothing to push — all roadmap items either complete or in cooldown
[2026-04-23T23:59:54.118653+00:00] [INFO]   wrote session briefing (15 capability groups, 0 broken integrations)
[2026-04-23T23:59:54.118920+00:00] [INFO]   cycle 390 done in 0.8s, 0 actions
[2026-04-23T23:59:54.119002+00:00] [INFO]   sleeping 900s until next cycle
[2026-04-24T00:14:54.275506+00:00] [INFO] === cycle 391 ===
[2026-04-24T00:14:55.101496+00:00] [INFO] === roadmap-driver cycle ===
[2026-04-24T00:14:55.118177+00:00] [INFO] budget check: budget block at 9.0%
[2026-04-24T00:14:55.130687+00:00] [INFO]   roadmap_edge_track_record_in_briefing: in cooldown (attempted within last 12h)
[2026-04-24T00:14:55.130792+00:00] [INFO] nothing to push — all roadmap items either complete or in cooldown
[2026-04-24T00:14:55.132279+00:00] [INFO]   wrote session briefing (15 capability groups, 0 broken integrations)
[2026-04-24T00:14:55.132415+00:00] [INFO]   cycle 391 done in 0.9s, 0 actions
[2026-04-24T00:14:55.132493+00:00] [INFO]   sleeping 900s until next cycle
[2026-04-24T00:29:55.289761+00:00] [INFO] === cycle 392 ===
[2026-04-24T00:29:55.884011+00:00] [INFO] === roadmap-driver cycle ===
[2026-04-24T00:29:55.900851+00:00] [INFO] budget check: budget block at 9.0%
[2026-04-24T00:29:55.914938+00:00] [INFO]   roadmap_edge_track_record_in_briefing: in cooldown (attempted within last 12h)
[2026-04-24T00:29:55.915044+00:00] [INFO] nothing to push — all roadmap items either complete or in cooldown
[2026-04-24T00:29:55.916664+00:00] [INFO]   wrote session briefing (15 capability groups, 0 broken integrations)
[2026-04-24T00:29:55.916902+00:00] [INFO]   cycle 392 done in 0.6s, 0 actions
[2026-04-24T00:29:55.916980+00:00] [INFO]   sleeping 900s until next cycle
[2026-04-24T00:44:56.072576+00:00] [INFO] === cycle 393 ===
[2026-04-24T00:44:56.944293+00:00] [INFO] === roadmap-driver cycle ===
[2026-04-24T00:44:56.962315+00:00] [INFO] budget check: budget block at 9.0%
[2026-04-24T00:44:56.975372+00:00] [INFO]   roadmap_edge_track_record_in_briefing: in cooldown (attempted within last 12h)
[2026-04-24T00:44:56.975471+00:00] [INFO] nothing to push — all roadmap items either complete or in cooldown
[2026-04-24T00:44:56.977108+00:00] [INFO]   wrote session briefing (15 capability groups, 0 broken integrations)
[2026-04-24T00:44:56.977257+00:00] [INFO]   cycle 393 done in 0.9s, 0 actions
[2026-04-24T00:44:56.977333+00:00] [INFO]   sleeping 900s until next cycle
[2026-04-24T00:59:57.133707+00:00] [INFO] === cycle 394 ===
[2026-04-24T00:59:57.999903+00:00] [INFO] === roadmap-driver cycle ===
[2026-04-24T00:59:58.017414+00:00] [INFO] budget check: budget block at 9.0%
[2026-04-24T00:59:58.031196+00:00] [INFO]   roadmap_edge_track_record_in_briefing: in cooldown (attempted within last 12h)
[2026-04-24T00:59:58.031303+00:00] [INFO] nothing to push — all roadmap items either complete or in cooldown
[2026-04-24T00:59:58.033018+00:00] [INFO]   wrote session briefing (15 capability groups, 0 broken integrations)
[2026-04-24T00:59:58.033152+00:00] [INFO]   cycle 394 done in 0.9s, 0 actions
[2026-04-24T00:59:58.033223+00:00] [INFO]   sleeping 900s until next cycle
[2026-04-24T01:14:58.051655+00:00] [INFO] === cycle 395 ===
[2026-04-24T01:14:58.623996+00:00] [INFO] === roadmap-driver cycle ===
[2026-04-24T01:14:58.640555+00:00] [INFO] budget check: budget block at 6.0%
[2026-04-24T01:14:58.654356+00:00] [INFO]   roadmap_edge_track_record_in_briefing: in cooldown (attempted within last 12h)
[2026-04-24T01:14:58.654458+00:00] [INFO] nothing to push — all roadmap items either complete or in cooldown
[2026-04-24T01:14:58.655968+00:00] [INFO]   wrote session briefing (15 capability groups, 0 broken integrations)
[2026-04-24T01:14:58.656102+00:00] [INFO]   cycle 395 done in 0.6s, 0 actions
[2026-04-24T01:14:58.656175+00:00] [INFO]   sleeping 900s until next cycle
[2026-04-24T01:29:58.812533+00:00] [INFO] === cycle 396 ===
[2026-04-24T01:29:59.522280+00:00] [INFO] === roadmap-driver cycle ===
[2026-04-24T01:29:59.539808+00:00] [INFO] budget check: budget block at 6.0%
[2026-04-24T01:29:59.554035+00:00] [INFO]   roadmap_edge_track_record_in_briefing: in cooldown (attempted within last 12h)
[2026-04-24T01:29:59.554139+00:00] [INFO] nothing to push — all roadmap items either complete or in cooldown
[2026-04-24T01:29:59.555976+00:00] [INFO]   wrote session briefing (15 capability groups, 0 broken integrations)
[2026-04-24T01:29:59.556225+00:00] [INFO]   cycle 396 done in 0.7s, 0 actions
[2026-04-24T01:29:59.556300+00:00] [INFO]   sleeping 900s until next cycle
[2026-04-24T01:44:59.708712+00:00] [INFO] === cycle 397 ===
[2026-04-24T01:45:00.287614+00:00] [INFO] === roadmap-driver cycle ===
[2026-04-24T01:45:00.304447+00:00] [INFO] budget check: budget block at 6.0%
[2026-04-24T01:45:00.319121+00:00] [INFO]   roadmap_edge_track_record_in_briefing: in cooldown (attempted within last 12h)
[2026-04-24T01:45:00.319228+00:00] [INFO] nothing to push — all roadmap items either complete or in cooldown
[2026-04-24T01:45:00.320911+00:00] [INFO]   wrote session briefing (15 capability groups, 0 broken integrations)
[2026-04-24T01:45:00.321164+00:00] [INFO]   cycle 397 done in 0.6s, 0 actions
[2026-04-24T01:45:00.321238+00:00] [INFO]   sleeping 900s until next cycle
[2026-04-24T02:00:00.328371+00:00] [INFO] === cycle 398 ===
[2026-04-24T02:00:00.917528+00:00] [INFO] === roadmap-driver cycle ===
[2026-04-24T02:00:00.935037+00:00] [INFO] budget check: budget block at 6.0%
[2026-04-24T02:00:00.949024+00:00] [INFO]   roadmap_edge_track_record_in_briefing: in cooldown (attempted within last 12h)
[2026-04-24T02:00:00.949126+00:00] [INFO] nothing to push — all roadmap items either complete or in cooldown
[2026-04-24T02:00:00.950749+00:00] [INFO]   wrote session briefing (15 capability groups, 0 broken integrations)
[2026-04-24T02:00:00.950871+00:00] [INFO]   cycle 398 done in 0.6s, 0 actions
[2026-04-24T02:00:00.950942+00:00] [INFO]   sleeping 900s until next cycle
[2026-04-24T02:15:01.112533+00:00] [INFO] === cycle 399 ===
[2026-04-24T02:15:01.839209+00:00] [INFO] === roadmap-driver cycle ===
[2026-04-24T02:15:01.856112+00:00] [INFO] budget check: budget block at 9.0%
[2026-04-24T02:15:01.878598+00:00] [INFO]   PUSHED roadmap_edge_track_record_in_briefing  sev=LOW  Verify morning briefing edge-weight track record line is wir
[2026-04-24T02:15:01.880227+00:00] [INFO] === done — pushed 1 tasks, queue now 1 ===
[2026-04-24T02:15:01.880357+00:00] [INFO]   ROADMAP-DRIVER: pushed 1 build tasks (queue depth now 1)
[2026-04-24T02:15:01.881638+00:00] [INFO]   wrote session briefing (15 capability groups, 0 broken integrations)
[2026-04-24T02:15:01.881883+00:00] [INFO]   cycle 399 done in 0.8s, 1 actions
[2026-04-24T02:15:01.881955+00:00] [INFO]   sleeping 120s until next cycle
[2026-04-24T02:17:01.885852+00:00] [INFO] === cycle 400 ===
[2026-04-24T02:17:02.454612+00:00] [INFO] === roadmap-driver cycle ===
[2026-04-24T02:17:02.471732+00:00] [INFO] budget check: budget block at 9.0%
[2026-04-24T02:17:02.486321+00:00] [INFO]   roadmap_edge_track_record_in_briefing: already in pending queue
[2026-04-24T02:17:02.486435+00:00] [INFO] nothing to push — all roadmap items either complete or in cooldown
[2026-04-24T02:17:02.487865+00:00] [INFO]   wrote session briefing (15 capability groups, 0 broken integrations)
[2026-04-24T02:17:02.488121+00:00] [INFO]   cycle 400 done in 0.6s, 0 actions
[2026-04-24T02:17:02.488196+00:00] [INFO]   sleeping 900s until next cycle
[2026-04-24T02:32:02.645319+00:00] [INFO] === cycle 401 ===
[2026-04-24T02:32:03.385973+00:00] [INFO] === roadmap-driver cycle ===
[2026-04-24T02:32:03.403858+00:00] [INFO] budget check: budget block at 9.0%
[2026-04-24T02:32:03.418209+00:00] [INFO]   roadmap_edge_track_record_in_briefing: already in pending queue
[2026-04-24T02:32:03.418321+00:00] [INFO] nothing to push — all roadmap items either complete or in cooldown
[2026-04-24T02:32:03.420200+00:00] [INFO]   wrote session briefing (15 capability groups, 0 broken integrations)
[2026-04-24T02:32:03.420480+00:00] [INFO]   cycle 401 done in 0.8s, 0 actions
[2026-04-24T02:32:03.420558+00:00] [INFO]   sleeping 900s until next cycle
[2026-04-24T02:47:03.577512+00:00] [INFO] === cycle 402 ===
[2026-04-24T02:47:03.580476+00:00] [INFO]   refreshing capability manifest
[2026-04-24T02:47:05.717026+00:00] [INFO] === roadmap-driver cycle ===
[2026-04-24T02:47:05.734290+00:00] [INFO] budget check: budget block at 9.0%
[2026-04-24T02:47:05.747184+00:00] [INFO]   roadmap_edge_track_record_in_briefing: already in pending queue
[2026-04-24T02:47:05.747301+00:00] [INFO] nothing to push — all roadmap items either complete or in cooldown
[2026-04-24T02:47:05.748845+00:00] [INFO]   wrote session briefing (15 capability groups, 0 broken integrations)
[2026-04-24T02:47:05.748972+00:00] [INFO]   cycle 402 done in 2.2s, 0 actions
[2026-04-24T02:47:05.749046+00:00] [INFO]   sleeping 900s until next cycle
[2026-04-24T03:02:05.905640+00:00] [INFO] === cycle 403 ===
[2026-04-24T03:02:06.644409+00:00] [INFO] === roadmap-driver cycle ===
[2026-04-24T03:02:06.661903+00:00] [INFO] budget check: budget block at 9.0%
[2026-04-24T03:02:06.675580+00:00] [INFO]   roadmap_edge_track_record_in_briefing: already in pending queue
[2026-04-24T03:02:06.675687+00:00] [INFO] nothing to push — all roadmap items either complete or in cooldown
[2026-04-24T03:02:06.677560+00:00] [INFO]   wrote session briefing (15 capability groups, 0 broken integrations)
[2026-04-24T03:02:06.677685+00:00] [INFO]   cycle 403 done in 0.8s, 0 actions
[2026-04-24T03:02:06.677757+00:00] [INFO]   sleeping 900s until next cycle
[2026-04-24T03:17:06.834501+00:00] [INFO] === cycle 404 ===
[2026-04-24T03:17:07.625858+00:00] [INFO] === roadmap-driver cycle ===
[2026-04-24T03:17:07.643967+00:00] [INFO] budget check: budget block at 6.0%
[2026-04-24T03:17:07.659759+00:00] [INFO]   roadmap_edge_track_record_in_briefing: already in pending queue
[2026-04-24T03:17:07.659889+00:00] [INFO] nothing to push — all roadmap items either complete or in cooldown
[2026-04-24T03:17:07.661735+00:00] [INFO]   wrote session briefing (15 capability groups, 0 broken integrations)
[2026-04-24T03:17:07.661879+00:00] [INFO]   cycle 404 done in 0.8s, 0 actions
[2026-04-24T03:17:07.661958+00:00] [INFO]   sleeping 900s until next cycle
[2026-04-24T03:32:07.767435+00:00] [INFO] === cycle 405 ===
[2026-04-24T03:32:08.496501+00:00] [INFO] === roadmap-driver cycle ===
[2026-04-24T03:32:08.513429+00:00] [INFO] budget check: budget block at 6.0%
[2026-04-24T03:32:08.527269+00:00] [INFO]   roadmap_edge_track_record_in_briefing: already in pending queue
[2026-04-24T03:32:08.527375+00:00] [INFO] nothing to push — all roadmap items either complete or in cooldown
[2026-04-24T03:32:08.529236+00:00] [INFO]   wrote session briefing (15 capability groups, 0 broken integrations)
[2026-04-24T03:32:08.529384+00:00] [INFO]   cycle 405 done in 0.8s, 0 actions
[2026-04-24T03:32:08.529461+00:00] [INFO]   sleeping 900s until next cycle
[2026-04-24T03:47:08.542700+00:00] [INFO] === cycle 406 ===
[2026-04-24T03:47:09.396502+00:00] [INFO] === roadmap-driver cycle ===
[2026-04-24T03:47:09.413479+00:00] [INFO] budget check: budget block at 6.0%
[2026-04-24T03:47:09.428016+00:00] [INFO]   roadmap_edge_track_record_in_briefing: already in pending queue
[2026-04-24T03:47:09.428129+00:00] [INFO] nothing to push — all roadmap items either complete or in cooldown
[2026-04-24T03:47:09.429953+00:00] [INFO]   wrote session briefing (15 capability groups, 0 broken integrations)
[2026-04-24T03:47:09.430087+00:00] [INFO]   cycle 406 done in 0.9s, 0 actions
[2026-04-24T03:47:09.430161+00:00] [INFO]   sleeping 900s until next cycle
[2026-04-24T04:02:09.586181+00:00] [INFO] === cycle 407 ===
[2026-04-24T04:02:10.554793+00:00] [INFO] === roadmap-driver cycle ===
[2026-04-24T04:02:10.572008+00:00] [INFO] budget check: budget block at 6.0%
[2026-04-24T04:02:10.587404+00:00] [INFO]   roadmap_edge_track_record_in_briefing: already in pending queue
[2026-04-24T04:02:10.587520+00:00] [INFO] nothing to push — all roadmap items either complete or in cooldown
[2026-04-24T04:02:10.589728+00:00] [INFO]   wrote session briefing (15 capability groups, 0 broken integrations)
[2026-04-24T04:02:10.589883+00:00] [INFO]   cycle 407 done in 1.0s, 0 actions
[2026-04-24T04:02:10.589963+00:00] [INFO]   sleeping 900s until next cycle
[2026-04-24T04:17:10.746572+00:00] [INFO] === cycle 408 ===
[2026-04-24T04:17:11.487285+00:00] [INFO] === roadmap-driver cycle ===
[2026-04-24T04:17:11.508143+00:00] [INFO] budget check: budget block at 16.5%
[2026-04-24T04:17:11.522575+00:00] [INFO]   roadmap_edge_track_record_in_briefing: in cooldown (attempted within last 12h)
[2026-04-24T04:17:11.522682+00:00] [INFO] nothing to push — all roadmap items either complete or in cooldown
[2026-04-24T04:17:11.524398+00:00] [INFO]   wrote session briefing (15 capability groups, 0 broken integrations)
[2026-04-24T04:17:11.524520+00:00] [INFO]   cycle 408 done in 0.8s, 0 actions
[2026-04-24T04:17:11.524592+00:00] [INFO]   sleeping 900s until next cycle
[2026-04-24T04:32:11.682457+00:00] [INFO] === cycle 409 ===
[2026-04-24T04:32:12.269211+00:00] [INFO] === roadmap-driver cycle ===
[2026-04-24T04:32:12.286926+00:00] [INFO] budget check: budget block at 16.5%
[2026-04-24T04:32:12.301469+00:00] [INFO]   roadmap_edge_track_record_in_briefing: in cooldown (attempted within last 12h)
[2026-04-24T04:32:12.301579+00:00] [INFO] nothing to push — all roadmap items either complete or in cooldown
[2026-04-24T04:32:12.303208+00:00] [INFO]   wrote session briefing (15 capability groups, 0 broken integrations)
[2026-04-24T04:32:12.303329+00:00] [INFO]   cycle 409 done in 0.6s, 0 actions
[2026-04-24T04:32:12.303404+00:00] [INFO]   sleeping 900s until next cycle
[2026-04-24T04:47:12.460219+00:00] [INFO] === cycle 410 ===
[2026-04-24T04:47:13.213986+00:00] [INFO] === roadmap-driver cycle ===
[2026-04-24T04:47:13.232385+00:00] [INFO] budget check: budget block at 16.5%
[2026-04-24T04:47:13.246878+00:00] [INFO]   roadmap_edge_track_record_in_briefing: in cooldown (attempted within last 12h)
[2026-04-24T04:47:13.246983+00:00] [INFO] nothing to push — all roadmap items either complete or in cooldown
[2026-04-24T04:47:13.248841+00:00] [INFO]   wrote session briefing (15 capability groups, 0 broken integrations)
[2026-04-24T04:47:13.248965+00:00] [INFO]   cycle 410 done in 0.8s, 0 actions
[2026-04-24T04:47:13.249038+00:00] [INFO]   sleeping 900s until next cycle
[2026-04-24T05:02:13.406289+00:00] [INFO] === cycle 411 ===
[2026-04-24T05:02:14.295625+00:00] [INFO] === roadmap-driver cycle ===
[2026-04-24T05:02:14.313110+00:00] [INFO] budget check: budget block at 16.5%
[2026-04-24T05:02:14.327361+00:00] [INFO]   roadmap_edge_track_record_in_briefing: in cooldown (attempted within last 12h)
[2026-04-24T05:02:14.327474+00:00] [INFO] nothing to push — all roadmap items either complete or in cooldown
[2026-04-24T05:02:14.329289+00:00] [INFO]   wrote session briefing (15 capability groups, 0 broken integrations)
[2026-04-24T05:02:14.329435+00:00] [INFO]   cycle 411 done in 0.9s, 0 actions
[2026-04-24T05:02:14.329514+00:00] [INFO]   sleeping 900s until next cycle
[2026-04-24T05:17:14.486456+00:00] [INFO] === cycle 412 ===
[2026-04-24T05:17:15.229395+00:00] [INFO] === roadmap-driver cycle ===
[2026-04-24T05:17:15.247270+00:00] [INFO] budget check: budget block at 13.5%
[2026-04-24T05:17:15.261455+00:00] [INFO]   roadmap_edge_track_record_in_briefing: in cooldown (attempted within last 12h)
[2026-04-24T05:17:15.261555+00:00] [INFO] nothing to push — all roadmap items either complete or in cooldown
[2026-04-24T05:17:15.263377+00:00] [INFO]   wrote session briefing (15 capability groups, 0 broken integrations)
[2026-04-24T05:17:15.263500+00:00] [INFO]   cycle 412 done in 0.8s, 0 actions
[2026-04-24T05:17:15.263577+00:00] [INFO]   sleeping 900s until next cycle
[2026-04-24T05:32:15.419509+00:00] [INFO] === cycle 413 ===
[2026-04-24T05:32:16.006715+00:00] [INFO] === roadmap-driver cycle ===
[2026-04-24T05:32:16.024697+00:00] [INFO] budget check: budget block at 13.5%
[2026-04-24T05:32:16.039031+00:00] [INFO]   roadmap_edge_track_record_in_briefing: in cooldown (attempted within last 12h)
[2026-04-24T05:32:16.039140+00:00] [INFO] nothing to push — all roadmap items either complete or in cooldown
[2026-04-24T05:32:16.041021+00:00] [INFO]   wrote session briefing (15 capability groups, 0 broken integrations)
[2026-04-24T05:32:16.041172+00:00] [INFO]   cycle 413 done in 0.6s, 0 actions
[2026-04-24T05:32:16.041255+00:00] [INFO]   sleeping 900s until next cycle
[2026-04-24T05:47:16.197939+00:00] [INFO] === cycle 414 ===
[2026-04-24T05:47:16.992827+00:00] [INFO] === roadmap-driver cycle ===
[2026-04-24T05:47:17.010696+00:00] [INFO] budget check: budget block at 13.5%
[2026-04-24T05:47:17.024619+00:00] [INFO]   roadmap_edge_track_record_in_briefing: in cooldown (attempted within last 12h)
[2026-04-24T05:47:17.024727+00:00] [INFO] nothing to push — all roadmap items either complete or in cooldown
[2026-04-24T05:47:17.026351+00:00] [INFO]   wrote session briefing (15 capability groups, 0 broken integrations)
[2026-04-24T05:47:17.026480+00:00] [INFO]   cycle 414 done in 0.8s, 0 actions
[2026-04-24T05:47:17.026555+00:00] [INFO]   sleeping 900s until next cycle
[2026-04-24T06:02:17.182120+00:00] [INFO] === cycle 415 ===
[2026-04-24T06:02:17.938553+00:00] [INFO] === roadmap-driver cycle ===
[2026-04-24T06:02:17.956546+00:00] [INFO] budget check: budget block at 13.5%
[2026-04-24T06:02:17.970616+00:00] [INFO]   roadmap_edge_track_record_in_briefing: in cooldown (attempted within last 12h)
[2026-04-24T06:02:17.970723+00:00] [INFO] nothing to push — all roadmap items either complete or in cooldown
[2026-04-24T06:02:17.972348+00:00] [INFO]   wrote session briefing (15 capability groups, 0 broken integrations)
[2026-04-24T06:02:17.972470+00:00] [INFO]   cycle 415 done in 0.8s, 0 actions
[2026-04-24T06:02:17.972542+00:00] [INFO]   sleeping 900s until next cycle
[2026-04-24T06:17:17.979169+00:00] [INFO] === cycle 416 ===
[2026-04-24T06:17:18.702215+00:00] [INFO] === roadmap-driver cycle ===
[2026-04-24T06:17:18.720906+00:00] [INFO] budget check: budget block at 16.5%
[2026-04-24T06:17:18.734317+00:00] [INFO]   roadmap_edge_track_record_in_briefing: in cooldown (attempted within last 12h)
[2026-04-24T06:17:18.734426+00:00] [INFO] nothing to push — all roadmap items either complete or in cooldown
[2026-04-24T06:17:18.736035+00:00] [INFO]   wrote session briefing (15 capability groups, 0 broken integrations)
[2026-04-24T06:17:18.736177+00:00] [INFO]   cycle 416 done in 0.8s, 0 actions
[2026-04-24T06:17:18.736254+00:00] [INFO]   sleeping 900s until next cycle
[2026-04-24T06:32:18.892673+00:00] [INFO] === cycle 417 ===
[2026-04-24T06:32:19.642732+00:00] [INFO] === roadmap-driver cycle ===
[2026-04-24T06:32:19.660997+00:00] [INFO] budget check: budget block at 16.5%
[2026-04-24T06:32:19.675579+00:00] [INFO]   roadmap_edge_track_record_in_briefing: in cooldown (attempted within last 12h)
[2026-04-24T06:32:19.675685+00:00] [INFO] nothing to push — all roadmap items either complete or in cooldown
[2026-04-24T06:32:19.677401+00:00] [INFO]   wrote session briefing (15 capability groups, 0 broken integrations)
[2026-04-24T06:32:19.677518+00:00] [INFO]   cycle 417 done in 0.8s, 0 actions
[2026-04-24T06:32:19.677591+00:00] [INFO]   sleeping 900s until next cycle
[2026-04-24T06:47:19.833092+00:00] [INFO] === cycle 418 ===
[2026-04-24T06:47:19.835208+00:00] [INFO]   refreshing capability manifest
[2026-04-24T06:47:22.082089+00:00] [INFO] === roadmap-driver cycle ===
[2026-04-24T06:47:22.100218+00:00] [INFO] budget check: budget block at 16.5%
[2026-04-24T06:47:22.112724+00:00] [INFO]   roadmap_edge_track_record_in_briefing: in cooldown (attempted within last 12h)
[2026-04-24T06:47:22.112837+00:00] [INFO] nothing to push — all roadmap items either complete or in cooldown
[2026-04-24T06:47:22.114359+00:00] [INFO]   wrote session briefing (15 capability groups, 0 broken integrations)
[2026-04-24T06:47:22.114496+00:00] [INFO]   cycle 418 done in 2.3s, 0 actions
[2026-04-24T06:47:22.114571+00:00] [INFO]   sleeping 900s until next cycle
[2026-04-24T07:02:22.231384+00:00] [INFO] === cycle 419 ===
[2026-04-24T07:02:22.960460+00:00] [INFO] === roadmap-driver cycle ===
[2026-04-24T07:02:22.979088+00:00] [INFO] budget check: budget block at 16.5%
[2026-04-24T07:02:22.993785+00:00] [INFO]   roadmap_edge_track_record_in_briefing: in cooldown (attempted within last 12h)
[2026-04-24T07:02:22.993887+00:00] [INFO] nothing to push — all roadmap items either complete or in cooldown
[2026-04-24T07:02:22.995578+00:00] [INFO]   wrote session briefing (15 capability groups, 0 broken integrations)
[2026-04-24T07:02:22.995701+00:00] [INFO]   cycle 419 done in 0.8s, 0 actions
[2026-04-24T07:02:22.995774+00:00] [INFO]   sleeping 900s until next cycle
[2026-04-24T07:17:23.146841+00:00] [INFO] === cycle 420 ===
[2026-04-24T07:17:23.725813+00:00] [INFO] === roadmap-driver cycle ===
[2026-04-24T07:17:23.744457+00:00] [INFO] budget check: budget block at 13.5%
[2026-04-24T07:17:23.759864+00:00] [INFO]   roadmap_edge_track_record_in_briefing: in cooldown (attempted within last 12h)
[2026-04-24T07:17:23.759984+00:00] [INFO] nothing to push — all roadmap items either complete or in cooldown
[2026-04-24T07:17:23.761891+00:00] [INFO]   wrote session briefing (15 capability groups, 0 broken integrations)
[2026-04-24T07:17:23.762023+00:00] [INFO]   cycle 420 done in 0.6s, 0 actions
[2026-04-24T07:17:23.762101+00:00] [INFO]   sleeping 900s until next cycle
[2026-04-24T07:32:23.924678+00:00] [INFO] === cycle 421 ===
[2026-04-24T07:32:24.706764+00:00] [INFO] === roadmap-driver cycle ===
[2026-04-24T07:32:24.724698+00:00] [INFO] budget check: budget block at 13.5%
[2026-04-24T07:32:24.738868+00:00] [INFO]   roadmap_edge_track_record_in_briefing: in cooldown (attempted within last 12h)
[2026-04-24T07:32:24.738975+00:00] [INFO] nothing to push — all roadmap items either complete or in cooldown
[2026-04-24T07:32:24.740606+00:00] [INFO]   wrote session briefing (15 capability groups, 0 broken integrations)
[2026-04-24T07:32:24.740730+00:00] [INFO]   cycle 421 done in 0.8s, 0 actions
[2026-04-24T07:32:24.740803+00:00] [INFO]   sleeping 900s until next cycle
[2026-04-24T07:47:24.898024+00:00] [INFO] === cycle 422 ===
[2026-04-24T07:47:25.707683+00:00] [INFO] === roadmap-driver cycle ===
[2026-04-24T07:47:25.725910+00:00] [INFO] budget check: budget block at 13.5%
[2026-04-24T07:47:25.740514+00:00] [INFO]   roadmap_edge_track_record_in_briefing: in cooldown (attempted within last 12h)
[2026-04-24T07:47:25.740623+00:00] [INFO] nothing to push — all roadmap items either complete or in cooldown
[2026-04-24T07:47:25.742283+00:00] [INFO]   wrote session briefing (15 capability groups, 0 broken integrations)
[2026-04-24T07:47:25.742457+00:00] [INFO]   cycle 422 done in 0.8s, 0 actions
[2026-04-24T07:47:25.742533+00:00] [INFO]   sleeping 900s until next cycle
[2026-04-24T08:02:25.900538+00:00] [INFO] === cycle 423 ===
[2026-04-24T08:02:26.648610+00:00] [INFO] === roadmap-driver cycle ===
[2026-04-24T08:02:26.667679+00:00] [INFO] budget check: budget block at 13.5%
[2026-04-24T08:02:26.682460+00:00] [INFO]   roadmap_edge_track_record_in_briefing: in cooldown (attempted within last 12h)
[2026-04-24T08:02:26.682569+00:00] [INFO] nothing to push — all roadmap items either complete or in cooldown
[2026-04-24T08:02:26.684356+00:00] [INFO]   wrote session briefing (15 capability groups, 0 broken integrations)
[2026-04-24T08:02:26.684513+00:00] [INFO]   cycle 423 done in 0.8s, 0 actions
[2026-04-24T08:02:26.684590+00:00] [INFO]   sleeping 900s until next cycle
[2026-04-24T08:17:26.825926+00:00] [INFO] === cycle 424 ===
[2026-04-24T08:17:27.621053+00:00] [INFO] === roadmap-driver cycle ===
[2026-04-24T08:17:27.639562+00:00] [INFO] budget check: budget block at 16.5%
[2026-04-24T08:17:27.654708+00:00] [INFO]   roadmap_edge_track_record_in_briefing: in cooldown (attempted within last 12h)
[2026-04-24T08:17:27.654850+00:00] [INFO] nothing to push — all roadmap items either complete or in cooldown
[2026-04-24T08:17:27.656609+00:00] [INFO]   wrote session briefing (15 capability groups, 0 broken integrations)
[2026-04-24T08:17:27.656762+00:00] [INFO]   cycle 424 done in 0.8s, 0 actions
[2026-04-24T08:17:27.656844+00:00] [INFO]   sleeping 900s until next cycle
[2026-04-24T08:32:27.813750+00:00] [INFO] === cycle 425 ===
[2026-04-24T08:32:28.632962+00:00] [INFO] === roadmap-driver cycle ===
[2026-04-24T08:32:28.651808+00:00] [INFO] budget check: budget block at 16.5%
[2026-04-24T08:32:28.666545+00:00] [INFO]   roadmap_edge_track_record_in_briefing: in cooldown (attempted within last 12h)
[2026-04-24T08:32:28.666655+00:00] [INFO] nothing to push — all roadmap items either complete or in cooldown
[2026-04-24T08:32:28.668469+00:00] [INFO]   wrote session briefing (15 capability groups, 0 broken integrations)
[2026-04-24T08:32:28.668731+00:00] [INFO]   cycle 425 done in 0.9s, 0 actions
[2026-04-24T08:32:28.668805+00:00] [INFO]   sleeping 900s until next cycle
[2026-04-24T08:47:28.825840+00:00] [INFO] === cycle 426 ===
[2026-04-24T08:47:29.585557+00:00] [INFO] === roadmap-driver cycle ===
[2026-04-24T08:47:29.603963+00:00] [INFO] budget check: budget block at 16.5%
[2026-04-24T08:47:29.617485+00:00] [INFO]   roadmap_edge_track_record_in_briefing: in cooldown (attempted within last 12h)
[2026-04-24T08:47:29.617594+00:00] [INFO] nothing to push — all roadmap items either complete or in cooldown
[2026-04-24T08:47:29.619215+00:00] [INFO]   wrote session briefing (15 capability groups, 0 broken integrations)
[2026-04-24T08:47:29.619479+00:00] [INFO]   cycle 426 done in 0.8s, 0 actions
[2026-04-24T08:47:29.619558+00:00] [INFO]   sleeping 900s until next cycle
[2026-04-24T09:02:29.777587+00:00] [INFO] === cycle 427 ===
[2026-04-24T09:02:30.506237+00:00] [INFO] === roadmap-driver cycle ===
[2026-04-24T09:02:30.525550+00:00] [INFO] budget check: budget block at 16.5%
[2026-04-24T09:02:30.538677+00:00] [INFO]   roadmap_edge_track_record_in_briefing: in cooldown (attempted within last 12h)
[2026-04-24T09:02:30.538790+00:00] [INFO] nothing to push — all roadmap items either complete or in cooldown
[2026-04-24T09:02:30.540179+00:00] [INFO]   wrote session briefing (15 capability groups, 0 broken integrations)
[2026-04-24T09:02:30.540308+00:00] [INFO]   cycle 427 done in 0.8s, 0 actions
[2026-04-24T09:02:30.540382+00:00] [INFO]   sleeping 900s until next cycle
[2026-04-24T09:17:30.697518+00:00] [INFO] === cycle 428 ===
[2026-04-24T09:17:31.440864+00:00] [INFO] === roadmap-driver cycle ===
[2026-04-24T09:17:31.460508+00:00] [INFO] budget check: budget block at 6.0%
[2026-04-24T09:17:31.473952+00:00] [INFO]   roadmap_edge_track_record_in_briefing: in cooldown (attempted within last 12h)
[2026-04-24T09:17:31.474057+00:00] [INFO] nothing to push — all roadmap items either complete or in cooldown
[2026-04-24T09:17:31.475446+00:00] [INFO]   wrote session briefing (15 capability groups, 0 broken integrations)
[2026-04-24T09:17:31.475568+00:00] [INFO]   cycle 428 done in 0.8s, 0 actions
[2026-04-24T09:17:31.475640+00:00] [INFO]   sleeping 900s until next cycle
[2026-04-24T09:32:31.631480+00:00] [INFO] === cycle 429 ===
[2026-04-24T09:32:32.497771+00:00] [INFO] === roadmap-driver cycle ===
[2026-04-24T09:32:32.515609+00:00] [INFO] budget check: budget block at 6.0%
[2026-04-24T09:32:32.529989+00:00] [INFO]   roadmap_edge_track_record_in_briefing: in cooldown (attempted within last 12h)
[2026-04-24T09:32:32.530102+00:00] [INFO] nothing to push — all roadmap items either complete or in cooldown
[2026-04-24T09:32:32.531828+00:00] [INFO]   wrote session briefing (15 capability groups, 0 broken integrations)
[2026-04-24T09:32:32.531958+00:00] [INFO]   cycle 429 done in 0.9s, 0 actions
[2026-04-24T09:32:32.532035+00:00] [INFO]   sleeping 900s until next cycle
[2026-04-24T09:47:32.689387+00:00] [INFO] === cycle 430 ===
[2026-04-24T09:47:33.587021+00:00] [INFO] === roadmap-driver cycle ===
[2026-04-24T09:47:33.605345+00:00] [INFO] budget check: budget block at 6.0%
[2026-04-24T09:47:33.619677+00:00] [INFO]   roadmap_edge_track_record_in_briefing: in cooldown (attempted within last 12h)
[2026-04-24T09:47:33.619785+00:00] [INFO] nothing to push — all roadmap items either complete or in cooldown
[2026-04-24T09:47:33.621560+00:00] [INFO]   wrote session briefing (15 capability groups, 0 broken integrations)
[2026-04-24T09:47:33.621850+00:00] [INFO]   cycle 430 done in 0.9s, 0 actions
[2026-04-24T09:47:33.621941+00:00] [INFO]   sleeping 900s until next cycle
[2026-04-24T10:02:33.779043+00:00] [INFO] === cycle 431 ===
[2026-04-24T10:02:34.647325+00:00] [INFO] === roadmap-driver cycle ===
[2026-04-24T10:02:34.665688+00:00] [INFO] budget check: budget block at 6.0%
[2026-04-24T10:02:34.680025+00:00] [INFO]   roadmap_edge_track_record_in_briefing: in cooldown (attempted within last 12h)
[2026-04-24T10:02:34.680134+00:00] [INFO] nothing to push — all roadmap items either complete or in cooldown
[2026-04-24T10:02:34.681865+00:00] [INFO]   wrote session briefing (15 capability groups, 0 broken integrations)
[2026-04-24T10:02:34.682068+00:00] [INFO]   cycle 431 done in 0.9s, 0 actions
[2026-04-24T10:02:34.682152+00:00] [INFO]   sleeping 900s until next cycle
[2026-04-24T10:17:34.839093+00:00] [INFO] === cycle 432 ===
[2026-04-24T10:17:35.692566+00:00] [INFO] === roadmap-driver cycle ===
[2026-04-24T10:17:35.711315+00:00] [INFO] budget check: budget block at 9.0%
[2026-04-24T10:17:35.724669+00:00] [INFO]   roadmap_edge_track_record_in_briefing: in cooldown (attempted within last 12h)
[2026-04-24T10:17:35.724790+00:00] [INFO] nothing to push — all roadmap items either complete or in cooldown
[2026-04-24T10:17:35.726178+00:00] [INFO]   wrote session briefing (15 capability groups, 0 broken integrations)
[2026-04-24T10:17:35.726309+00:00] [INFO]   cycle 432 done in 0.9s, 0 actions
[2026-04-24T10:17:35.726389+00:00] [INFO]   sleeping 900s until next cycle
[2026-04-24T10:32:35.883173+00:00] [INFO] === cycle 433 ===
[2026-04-24T10:32:36.614632+00:00] [INFO] === roadmap-driver cycle ===
[2026-04-24T10:32:36.632519+00:00] [INFO] budget check: budget block at 9.0%
[2026-04-24T10:32:36.647087+00:00] [INFO]   roadmap_edge_track_record_in_briefing: in cooldown (attempted within last 12h)
[2026-04-24T10:32:36.647189+00:00] [INFO] nothing to push — all roadmap items either complete or in cooldown
[2026-04-24T10:32:36.648907+00:00] [INFO]   wrote session briefing (15 capability groups, 0 broken integrations)
[2026-04-24T10:32:36.649033+00:00] [INFO]   cycle 433 done in 0.8s, 0 actions
[2026-04-24T10:32:36.649110+00:00] [INFO]   sleeping 900s until next cycle
[2026-04-24T10:47:36.806032+00:00] [INFO] === cycle 434 ===
[2026-04-24T10:47:36.808218+00:00] [INFO]   refreshing capability manifest
[2026-04-24T10:47:39.155229+00:00] [INFO] === roadmap-driver cycle ===
[2026-04-24T10:47:39.173131+00:00] [INFO] budget check: budget block at 9.0%
[2026-04-24T10:47:39.185513+00:00] [INFO]   roadmap_edge_track_record_in_briefing: in cooldown (attempted within last 12h)
[2026-04-24T10:47:39.185632+00:00] [INFO] nothing to push — all roadmap items either complete or in cooldown
[2026-04-24T10:47:39.187040+00:00] [INFO]   wrote session briefing (15 capability groups, 0 broken integrations)
[2026-04-24T10:47:39.187296+00:00] [INFO]   cycle 434 done in 2.4s, 0 actions
[2026-04-24T10:47:39.187376+00:00] [INFO]   sleeping 900s until next cycle
[2026-04-24T11:02:39.344314+00:00] [INFO] === cycle 435 ===
[2026-04-24T11:02:39.890472+00:00] [INFO] === roadmap-driver cycle ===
[2026-04-24T11:02:39.908120+00:00] [INFO] budget check: budget block at 9.0%
[2026-04-24T11:02:39.921593+00:00] [INFO]   roadmap_edge_track_record_in_briefing: in cooldown (attempted within last 12h)
[2026-04-24T11:02:39.921698+00:00] [INFO] nothing to push — all roadmap items either complete or in cooldown
[2026-04-24T11:02:39.923087+00:00] [INFO]   wrote session briefing (15 capability groups, 0 broken integrations)
[2026-04-24T11:02:39.923224+00:00] [INFO]   cycle 435 done in 0.6s, 0 actions
[2026-04-24T11:02:39.923301+00:00] [INFO]   sleeping 900s until next cycle
[2026-04-24T11:17:40.080135+00:00] [INFO] === cycle 436 ===
[2026-04-24T11:17:40.811759+00:00] [INFO] === roadmap-driver cycle ===
[2026-04-24T11:17:40.829822+00:00] [INFO] budget check: budget block at 6.0%
[2026-04-24T11:17:40.843140+00:00] [INFO]   roadmap_edge_track_record_in_briefing: in cooldown (attempted within last 12h)
[2026-04-24T11:17:40.843253+00:00] [INFO] nothing to push — all roadmap items either complete or in cooldown
[2026-04-24T11:17:40.844662+00:00] [INFO]   wrote session briefing (15 capability groups, 0 broken integrations)
[2026-04-24T11:17:40.844787+00:00] [INFO]   cycle 436 done in 0.8s, 0 actions
[2026-04-24T11:17:40.844861+00:00] [INFO]   sleeping 900s until next cycle
[2026-04-24T11:32:41.001621+00:00] [INFO] === cycle 437 ===
[2026-04-24T11:32:41.759198+00:00] [INFO] === roadmap-driver cycle ===
[2026-04-24T11:32:41.777414+00:00] [INFO] budget check: budget block at 6.0%
[2026-04-24T11:32:41.790684+00:00] [INFO]   roadmap_edge_track_record_in_briefing: in cooldown (attempted within last 12h)
[2026-04-24T11:32:41.790802+00:00] [INFO] nothing to push — all roadmap items either complete or in cooldown
[2026-04-24T11:32:41.792191+00:00] [INFO]   wrote session briefing (15 capability groups, 0 broken integrations)
[2026-04-24T11:32:41.792457+00:00] [INFO]   cycle 437 done in 0.8s, 0 actions
[2026-04-24T11:32:41.792535+00:00] [INFO]   sleeping 900s until next cycle
[2026-04-24T11:47:41.948891+00:00] [INFO] === cycle 438 ===
[2026-04-24T11:47:42.805212+00:00] [INFO] === roadmap-driver cycle ===
[2026-04-24T11:47:42.823359+00:00] [INFO] budget check: budget block at 6.0%
[2026-04-24T11:47:42.837100+00:00] [INFO]   roadmap_edge_track_record_in_briefing: in cooldown (attempted within last 12h)
[2026-04-24T11:47:42.837207+00:00] [INFO] nothing to push — all roadmap items either complete or in cooldown
[2026-04-24T11:47:42.838598+00:00] [INFO]   wrote session briefing (15 capability groups, 0 broken integrations)
[2026-04-24T11:47:42.838734+00:00] [INFO]   cycle 438 done in 0.9s, 0 actions
[2026-04-24T11:47:42.838814+00:00] [INFO]   sleeping 900s until next cycle
[2026-04-24T12:02:42.995833+00:00] [INFO] === cycle 439 ===
[2026-04-24T12:02:43.856888+00:00] [INFO] === roadmap-driver cycle ===
[2026-04-24T12:02:43.874916+00:00] [INFO] budget check: budget block at 6.0%
[2026-04-24T12:02:43.888953+00:00] [INFO]   roadmap_edge_track_record_in_briefing: in cooldown (attempted within last 12h)
[2026-04-24T12:02:43.889057+00:00] [INFO] nothing to push — all roadmap items either complete or in cooldown
[2026-04-24T12:02:43.890911+00:00] [INFO]   wrote session briefing (15 capability groups, 0 broken integrations)
[2026-04-24T12:02:43.891163+00:00] [INFO]   cycle 439 done in 0.9s, 0 actions
[2026-04-24T12:02:43.891237+00:00] [INFO]   sleeping 900s until next cycle
[2026-04-24T12:17:44.048760+00:00] [INFO] === cycle 440 ===
[2026-04-24T12:17:45.145743+00:00] [INFO] === roadmap-driver cycle ===
[2026-04-24T12:17:45.197683+00:00] [INFO] budget check: budget block at 10.0%
[2026-04-24T12:17:45.215749+00:00] [INFO]   roadmap_edge_track_record_in_briefing: in cooldown (attempted within last 12h)
[2026-04-24T12:17:45.215888+00:00] [INFO] nothing to push — all roadmap items either complete or in cooldown
[2026-04-24T12:17:45.217831+00:00] [INFO]   wrote session briefing (15 capability groups, 0 broken integrations)
[2026-04-24T12:17:45.218163+00:00] [INFO]   cycle 440 done in 1.2s, 0 actions
[2026-04-24T12:17:45.218273+00:00] [INFO]   sleeping 900s until next cycle
[2026-04-24T12:32:45.375110+00:00] [INFO] === cycle 441 ===
[2026-04-24T12:32:46.259014+00:00] [INFO] === roadmap-driver cycle ===
[2026-04-24T12:32:46.278614+00:00] [INFO] budget check: budget block at 17.5%
[2026-04-24T12:32:46.292671+00:00] [INFO]   roadmap_edge_track_record_in_briefing: in cooldown (attempted within last 12h)
[2026-04-24T12:32:46.292787+00:00] [INFO] nothing to push — all roadmap items either complete or in cooldown
[2026-04-24T12:32:46.294622+00:00] [INFO]   wrote session briefing (15 capability groups, 0 broken integrations)
[2026-04-24T12:32:46.294864+00:00] [INFO]   cycle 441 done in 0.9s, 0 actions
[2026-04-24T12:32:46.294943+00:00] [INFO]   sleeping 900s until next cycle
[2026-04-24T12:47:46.451137+00:00] [INFO] === cycle 442 ===
[2026-04-24T12:47:47.319614+00:00] [INFO] === roadmap-driver cycle ===
[2026-04-24T12:47:47.338810+00:00] [INFO] budget check: budget block at 17.5%
[2026-04-24T12:47:47.352769+00:00] [INFO]   roadmap_edge_track_record_in_briefing: in cooldown (attempted within last 12h)
[2026-04-24T12:47:47.352869+00:00] [INFO] nothing to push — all roadmap items either complete or in cooldown
[2026-04-24T12:47:47.354591+00:00] [INFO]   wrote session briefing (15 capability groups, 0 broken integrations)
[2026-04-24T12:47:47.354724+00:00] [INFO]   cycle 442 done in 0.9s, 0 actions
[2026-04-24T12:47:47.354799+00:00] [INFO]   sleeping 900s until next cycle
[2026-04-24T13:02:47.461539+00:00] [INFO] === cycle 443 ===
[2026-04-24T13:02:48.284078+00:00] [INFO] === roadmap-driver cycle ===
[2026-04-24T13:02:48.303433+00:00] [INFO] budget check: budget block at 17.5%
[2026-04-24T13:02:48.317680+00:00] [INFO]   roadmap_edge_track_record_in_briefing: in cooldown (attempted within last 12h)
[2026-04-24T13:02:48.317782+00:00] [INFO] nothing to push — all roadmap items either complete or in cooldown
[2026-04-24T13:02:48.319617+00:00] [INFO]   wrote session briefing (15 capability groups, 0 broken integrations)
[2026-04-24T13:02:48.319865+00:00] [INFO]   cycle 443 done in 0.9s, 0 actions
[2026-04-24T13:02:48.319940+00:00] [INFO]   sleeping 900s until next cycle
[2026-04-24T13:17:48.473560+00:00] [INFO] === cycle 444 ===
[2026-04-24T13:17:49.382952+00:00] [INFO] === roadmap-driver cycle ===
[2026-04-24T13:17:49.402016+00:00] [INFO] budget check: budget block at 14.5%
[2026-04-24T13:17:49.416920+00:00] [INFO]   roadmap_edge_track_record_in_briefing: in cooldown (attempted within last 12h)
[2026-04-24T13:17:49.417022+00:00] [INFO] nothing to push — all roadmap items either complete or in cooldown
[2026-04-24T13:17:49.418791+00:00] [INFO]   wrote session briefing (15 capability groups, 0 broken integrations)
[2026-04-24T13:17:49.419079+00:00] [INFO]   cycle 444 done in 0.9s, 0 actions
[2026-04-24T13:17:49.419169+00:00] [INFO]   sleeping 900s until next cycle
[2026-04-24T13:32:49.573258+00:00] [INFO] === cycle 445 ===
[2026-04-24T13:32:50.476155+00:00] [INFO] === roadmap-driver cycle ===
[2026-04-24T13:32:50.497435+00:00] [INFO] budget check: budget block at 14.5%
[2026-04-24T13:32:50.511723+00:00] [INFO]   roadmap_edge_track_record_in_briefing: in cooldown (attempted within last 12h)
[2026-04-24T13:32:50.511832+00:00] [INFO] nothing to push — all roadmap items either complete or in cooldown
[2026-04-24T13:32:50.513571+00:00] [INFO]   wrote session briefing (15 capability groups, 0 broken integrations)
[2026-04-24T13:32:50.513842+00:00] [INFO]   cycle 445 done in 0.9s, 0 actions
[2026-04-24T13:32:50.513923+00:00] [INFO]   sleeping 900s until next cycle
[2026-04-24T13:47:50.669628+00:00] [INFO] === cycle 446 ===
[2026-04-24T13:47:51.548806+00:00] [INFO] === roadmap-driver cycle ===
[2026-04-24T13:47:51.567943+00:00] [INFO] budget check: budget block at 14.5%
[2026-04-24T13:47:51.581833+00:00] [INFO]   roadmap_edge_track_record_in_briefing: in cooldown (attempted within last 12h)
[2026-04-24T13:47:51.581939+00:00] [INFO] nothing to push — all roadmap items either complete or in cooldown
[2026-04-24T13:47:51.583971+00:00] [INFO]   wrote session briefing (15 capability groups, 0 broken integrations)
[2026-04-24T13:47:51.584108+00:00] [INFO]   cycle 446 done in 0.9s, 0 actions
[2026-04-24T13:47:51.584188+00:00] [INFO]   sleeping 900s until next cycle
[2026-04-24T14:02:51.745362+00:00] [INFO] === cycle 447 ===
[2026-04-24T14:02:52.629557+00:00] [INFO] === roadmap-driver cycle ===
[2026-04-24T14:02:52.648705+00:00] [INFO] budget check: budget block at 14.5%
[2026-04-24T14:02:52.663775+00:00] [INFO]   roadmap_edge_track_record_in_briefing: in cooldown (attempted within last 12h)
[2026-04-24T14:02:52.663885+00:00] [INFO] nothing to push — all roadmap items either complete or in cooldown
[2026-04-24T14:02:52.665613+00:00] [INFO]   wrote session briefing (15 capability groups, 0 broken integrations)
[2026-04-24T14:02:52.665752+00:00] [INFO]   cycle 447 done in 0.9s, 0 actions
[2026-04-24T14:02:52.665833+00:00] [INFO]   sleeping 900s until next cycle
[2026-04-24T14:17:52.822601+00:00] [INFO] === cycle 448 ===
[2026-04-24T14:17:53.669241+00:00] [INFO] === roadmap-driver cycle ===
[2026-04-24T14:17:53.688095+00:00] [INFO] budget check: budget block at 14.5%
[2026-04-24T14:17:53.702257+00:00] [INFO]   roadmap_edge_track_record_in_briefing: in cooldown (attempted within last 12h)
[2026-04-24T14:17:53.702367+00:00] [INFO] nothing to push — all roadmap items either complete or in cooldown
[2026-04-24T14:17:53.704104+00:00] [INFO]   wrote session briefing (15 capability groups, 0 broken integrations)
[2026-04-24T14:17:53.704234+00:00] [INFO]   cycle 448 done in 0.9s, 0 actions
[2026-04-24T14:17:53.704311+00:00] [INFO]   sleeping 900s until next cycle
[2026-04-24T14:32:53.862111+00:00] [INFO] === cycle 449 ===
[2026-04-24T14:32:54.755350+00:00] [INFO] === roadmap-driver cycle ===
[2026-04-24T14:32:54.774640+00:00] [INFO] budget check: budget block at 17.5%
[2026-04-24T14:32:54.789046+00:00] [INFO]   roadmap_edge_track_record_in_briefing: in cooldown (attempted within last 12h)
[2026-04-24T14:32:54.789158+00:00] [INFO] nothing to push — all roadmap items either complete or in cooldown
[2026-04-24T14:32:54.790891+00:00] [INFO]   wrote session briefing (15 capability groups, 0 broken integrations)
[2026-04-24T14:32:54.791157+00:00] [INFO]   cycle 449 done in 0.9s, 0 actions
[2026-04-24T14:32:54.791240+00:00] [INFO]   sleeping 900s until next cycle
[2026-04-24T14:47:54.948733+00:00] [INFO] === cycle 450 ===
[2026-04-24T14:47:54.951507+00:00] [INFO]   refreshing capability manifest
[2026-04-24T14:47:57.322545+00:00] [INFO] === roadmap-driver cycle ===
[2026-04-24T14:47:57.341755+00:00] [INFO] budget check: budget block at 17.5%
[2026-04-24T14:47:57.355038+00:00] [INFO]   roadmap_edge_track_record_in_briefing: in cooldown (attempted within last 12h)
[2026-04-24T14:47:57.355145+00:00] [INFO] nothing to push — all roadmap items either complete or in cooldown
[2026-04-24T14:47:57.356649+00:00] [INFO]   wrote session briefing (15 capability groups, 0 broken integrations)
[2026-04-24T14:47:57.356899+00:00] [INFO]   cycle 450 done in 2.4s, 0 actions
[2026-04-24T14:47:57.356977+00:00] [INFO]   sleeping 900s until next cycle
[2026-04-24T15:02:57.514480+00:00] [INFO] === cycle 451 ===
[2026-04-24T15:02:58.292507+00:00] [INFO] === roadmap-driver cycle ===
[2026-04-24T15:02:58.311603+00:00] [INFO] budget check: budget block at 17.5%
[2026-04-24T15:02:58.325690+00:00] [INFO]   roadmap_edge_track_record_in_briefing: in cooldown (attempted within last 12h)
[2026-04-24T15:02:58.325800+00:00] [INFO] nothing to push — all roadmap items either complete or in cooldown
[2026-04-24T15:02:58.327522+00:00] [INFO]   wrote session briefing (15 capability groups, 0 broken integrations)
[2026-04-24T15:02:58.327658+00:00] [INFO]   cycle 451 done in 0.8s, 0 actions
[2026-04-24T15:02:58.327733+00:00] [INFO]   sleeping 900s until next cycle
[2026-04-24T15:17:58.483672+00:00] [INFO] === cycle 452 ===
[2026-04-24T15:17:59.350582+00:00] [INFO] === roadmap-driver cycle ===
[2026-04-24T15:17:59.370470+00:00] [INFO] budget check: budget block at 14.5%
[2026-04-24T15:17:59.384748+00:00] [INFO]   roadmap_edge_track_record_in_briefing: in cooldown (attempted within last 12h)
[2026-04-24T15:17:59.384860+00:00] [INFO] nothing to push — all roadmap items either complete or in cooldown
[2026-04-24T15:17:59.386578+00:00] [INFO]   wrote session briefing (15 capability groups, 0 broken integrations)
[2026-04-24T15:17:59.386737+00:00] [INFO]   cycle 452 done in 0.9s, 0 actions
[2026-04-24T15:17:59.386819+00:00] [INFO]   sleeping 900s until next cycle
[2026-04-24T15:32:59.543436+00:00] [INFO] === cycle 453 ===
[2026-04-24T15:33:00.455444+00:00] [INFO] === roadmap-driver cycle ===
[2026-04-24T15:33:00.475064+00:00] [INFO] budget check: budget block at 14.5%
[2026-04-24T15:33:00.489171+00:00] [INFO]   roadmap_edge_track_record_in_briefing: in cooldown (attempted within last 12h)
[2026-04-24T15:33:00.489277+00:00] [INFO] nothing to push — all roadmap items either complete or in cooldown
[2026-04-24T15:33:00.490850+00:00] [INFO]   wrote session briefing (15 capability groups, 0 broken integrations)
[2026-04-24T15:33:00.491087+00:00] [INFO]   cycle 453 done in 0.9s, 0 actions
[2026-04-24T15:33:00.491158+00:00] [INFO]   sleeping 900s until next cycle
[2026-04-24T15:48:00.648562+00:00] [INFO] === cycle 454 ===
[2026-04-24T15:48:01.523331+00:00] [INFO] === roadmap-driver cycle ===
[2026-04-24T15:48:01.543776+00:00] [INFO] budget check: budget block at 14.5%
[2026-04-24T15:48:01.558180+00:00] [INFO]   roadmap_edge_track_record_in_briefing: in cooldown (attempted within last 12h)
[2026-04-24T15:48:01.558291+00:00] [INFO] nothing to push — all roadmap items either complete or in cooldown
[2026-04-24T15:48:01.559936+00:00] [INFO]   wrote session briefing (15 capability groups, 0 broken integrations)
[2026-04-24T15:48:01.560208+00:00] [INFO]   cycle 454 done in 0.9s, 0 actions
[2026-04-24T15:48:01.560290+00:00] [INFO]   sleeping 900s until next cycle
[2026-04-24T16:03:01.569469+00:00] [INFO] === cycle 455 ===
[2026-04-24T16:03:02.452997+00:00] [INFO] === roadmap-driver cycle ===
[2026-04-24T16:03:02.472097+00:00] [INFO] budget check: budget block at 14.5%
[2026-04-24T16:03:02.487134+00:00] [INFO]   roadmap_edge_track_record_in_briefing: in cooldown (attempted within last 12h)
[2026-04-24T16:03:02.487254+00:00] [INFO] nothing to push — all roadmap items either complete or in cooldown
[2026-04-24T16:03:02.489062+00:00] [INFO]   wrote session briefing (15 capability groups, 0 broken integrations)
[2026-04-24T16:03:02.489325+00:00] [INFO]   cycle 455 done in 0.9s, 0 actions
[2026-04-24T16:03:02.489410+00:00] [INFO]   sleeping 900s until next cycle
[2026-04-24T16:18:02.646498+00:00] [INFO] === cycle 456 ===
[2026-04-24T16:18:03.495711+00:00] [INFO] === roadmap-driver cycle ===
[2026-04-24T16:18:03.514280+00:00] [INFO] budget check: budget block at 14.5%
[2026-04-24T16:18:03.528728+00:00] [INFO]   PUSHED roadmap_edge_track_record_in_briefing  sev=LOW  Verify morning briefing edge-weight track record line is wir
[2026-04-24T16:18:03.530172+00:00] [INFO] === done — pushed 1 tasks, queue now 2 ===
[2026-04-24T16:18:03.530317+00:00] [INFO]   ROADMAP-DRIVER: pushed 1 build tasks (queue depth now 2)
[2026-04-24T16:18:03.531838+00:00] [INFO]   wrote session briefing (15 capability groups, 0 broken integrations)
[2026-04-24T16:18:03.532105+00:00] [INFO]   cycle 456 done in 0.9s, 1 actions
[2026-04-24T16:18:03.532183+00:00] [INFO]   sleeping 120s until next cycle
[2026-04-24T16:20:03.544751+00:00] [INFO] === cycle 457 ===
[2026-04-24T16:20:04.425976+00:00] [INFO] === roadmap-driver cycle ===
[2026-04-24T16:20:04.445159+00:00] [INFO] budget check: budget block at 16.0%
[2026-04-24T16:20:04.460004+00:00] [INFO]   roadmap_edge_track_record_in_briefing: already in pending queue
[2026-04-24T16:20:04.460117+00:00] [INFO] nothing to push — all roadmap items either complete or in cooldown
[2026-04-24T16:20:04.461671+00:00] [INFO]   wrote session briefing (15 capability groups, 0 broken integrations)
[2026-04-24T16:20:04.461948+00:00] [INFO]   cycle 457 done in 0.9s, 0 actions
[2026-04-24T16:20:04.462026+00:00] [INFO]   sleeping 900s until next cycle
[2026-04-24T16:35:04.499056+00:00] [INFO] === cycle 458 ===
[2026-04-24T16:35:05.356789+00:00] [INFO] === roadmap-driver cycle ===
[2026-04-24T16:35:05.376758+00:00] [INFO] budget check: budget block at 26.5%
[2026-04-24T16:35:05.390910+00:00] [INFO]   roadmap_edge_track_record_in_briefing: in cooldown (attempted within last 12h)
[2026-04-24T16:35:05.391023+00:00] [INFO] nothing to push — all roadmap items either complete or in cooldown
[2026-04-24T16:35:05.392870+00:00] [INFO]   wrote session briefing (15 capability groups, 0 broken integrations)
[2026-04-24T16:35:05.393155+00:00] [INFO]   cycle 458 done in 0.9s, 0 actions
[2026-04-24T16:35:05.393239+00:00] [INFO]   sleeping 900s until next cycle
[2026-04-24T16:50:05.550312+00:00] [INFO] === cycle 459 ===
[2026-04-24T16:50:06.441617+00:00] [INFO] === roadmap-driver cycle ===
[2026-04-24T16:50:06.463092+00:00] [INFO] budget check: budget block at 26.5%
[2026-04-24T16:50:06.476876+00:00] [INFO]   roadmap_edge_track_record_in_briefing: in cooldown (attempted within last 12h)
[2026-04-24T16:50:06.476985+00:00] [INFO] nothing to push — all roadmap items either complete or in cooldown
[2026-04-24T16:50:06.478612+00:00] [INFO]   wrote session briefing (15 capability groups, 0 broken integrations)
[2026-04-24T16:50:06.479551+00:00] [INFO]   cycle 459 done in 0.9s, 0 actions
[2026-04-24T16:50:06.479630+00:00] [INFO]   sleeping 900s until next cycle
[2026-04-24T17:05:06.637557+00:00] [INFO] === cycle 460 ===
[2026-04-24T17:05:07.529002+00:00] [INFO] === roadmap-driver cycle ===
[2026-04-24T17:05:07.552646+00:00] [INFO] budget check: budget block at 26.5%
[2026-04-24T17:05:07.568486+00:00] [INFO]   roadmap_edge_track_record_in_briefing: in cooldown (attempted within last 12h)
[2026-04-24T17:05:07.568612+00:00] [INFO] nothing to push — all roadmap items either complete or in cooldown
[2026-04-24T17:05:07.570536+00:00] [INFO]   wrote session briefing (15 capability groups, 0 broken integrations)
[2026-04-24T17:05:07.570794+00:00] [INFO]   cycle 460 done in 0.9s, 0 actions
[2026-04-24T17:05:07.570872+00:00] [INFO]   sleeping 900s until next cycle
[2026-04-24T17:20:07.621902+00:00] [INFO] === cycle 461 ===
[2026-04-24T17:20:08.505467+00:00] [INFO] === roadmap-driver cycle ===
[2026-04-24T17:20:08.526261+00:00] [INFO] budget check: budget block at 15.0%
[2026-04-24T17:20:08.540720+00:00] [INFO]   roadmap_edge_track_record_in_briefing: in cooldown (attempted within last 12h)
[2026-04-24T17:20:08.540835+00:00] [INFO] nothing to push — all roadmap items either complete or in cooldown
[2026-04-24T17:20:08.542509+00:00] [INFO]   wrote session briefing (15 capability groups, 0 broken integrations)
[2026-04-24T17:20:08.542777+00:00] [INFO]   cycle 461 done in 0.9s, 0 actions
[2026-04-24T17:20:08.542850+00:00] [INFO]   sleeping 900s until next cycle
[2026-04-24T17:35:08.699043+00:00] [INFO] === cycle 462 ===
[2026-04-24T17:35:09.701444+00:00] [INFO] === roadmap-driver cycle ===
[2026-04-24T17:35:09.722821+00:00] [INFO] budget check: budget block at 15.0%
[2026-04-24T17:35:09.737433+00:00] [INFO]   roadmap_edge_track_record_in_briefing: in cooldown (attempted within last 12h)
[2026-04-24T17:35:09.737539+00:00] [INFO] nothing to push — all roadmap items either complete or in cooldown
[2026-04-24T17:35:09.739664+00:00] [INFO]   wrote session briefing (15 capability groups, 0 broken integrations)
[2026-04-24T17:35:09.740009+00:00] [INFO]   cycle 462 done in 1.0s, 0 actions
[2026-04-24T17:35:09.740084+00:00] [INFO]   sleeping 900s until next cycle
[2026-04-24T17:50:09.896822+00:00] [INFO] === cycle 463 ===
[2026-04-24T17:50:10.845104+00:00] [INFO] === roadmap-driver cycle ===
[2026-04-24T17:50:10.865238+00:00] [INFO] budget check: budget block at 15.0%
[2026-04-24T17:50:10.879463+00:00] [INFO]   roadmap_edge_track_record_in_briefing: in cooldown (attempted within last 12h)
[2026-04-24T17:50:10.879561+00:00] [INFO] nothing to push — all roadmap items either complete or in cooldown
[2026-04-24T17:50:10.881223+00:00] [INFO]   wrote session briefing (15 capability groups, 0 broken integrations)
[2026-04-24T17:50:10.881467+00:00] [INFO]   cycle 463 done in 1.0s, 0 actions
[2026-04-24T17:50:10.881541+00:00] [INFO]   sleeping 900s until next cycle
[2026-04-24T18:05:11.038505+00:00] [INFO] === cycle 464 ===
[2026-04-24T18:05:11.997512+00:00] [INFO] === roadmap-driver cycle ===
[2026-04-24T18:05:12.017921+00:00] [INFO] budget check: budget block at 15.0%
[2026-04-24T18:05:12.032723+00:00] [INFO]   roadmap_edge_track_record_in_briefing: in cooldown (attempted within last 12h)
[2026-04-24T18:05:12.032832+00:00] [INFO] nothing to push — all roadmap items either complete or in cooldown
[2026-04-24T18:05:12.034665+00:00] [INFO]   wrote session briefing (15 capability groups, 0 broken integrations)
[2026-04-24T18:05:12.034916+00:00] [INFO]   cycle 464 done in 1.0s, 0 actions
[2026-04-24T18:05:12.034994+00:00] [INFO]   sleeping 900s until next cycle
[2026-04-24T18:20:12.191703+00:00] [INFO] === cycle 465 ===
[2026-04-24T18:20:13.035651+00:00] [INFO] === roadmap-driver cycle ===
[2026-04-24T18:20:13.055196+00:00] [INFO] budget check: budget block at 15.0%
[2026-04-24T18:20:13.069572+00:00] [INFO]   roadmap_edge_track_record_in_briefing: in cooldown (attempted within last 12h)
[2026-04-24T18:20:13.069687+00:00] [INFO] nothing to push — all roadmap items either complete or in cooldown
[2026-04-24T18:20:13.071343+00:00] [INFO]   wrote session briefing (15 capability groups, 0 broken integrations)
[2026-04-24T18:20:13.071624+00:00] [INFO]   cycle 465 done in 0.9s, 0 actions
[2026-04-24T18:20:13.071706+00:00] [INFO]   sleeping 900s until next cycle
[2026-04-24T18:35:13.229047+00:00] [INFO] === cycle 466 ===
[2026-04-24T18:35:14.123193+00:00] [INFO] === roadmap-driver cycle ===
[2026-04-24T18:35:14.143084+00:00] [INFO] budget check: budget block at 18.0%
[2026-04-24T18:35:14.157627+00:00] [INFO]   roadmap_edge_track_record_in_briefing: in cooldown (attempted within last 12h)
[2026-04-24T18:35:14.157736+00:00] [INFO] nothing to push — all roadmap items either complete or in cooldown
[2026-04-24T18:35:14.159631+00:00] [INFO]   wrote session briefing (15 capability groups, 0 broken integrations)
[2026-04-24T18:35:14.160616+00:00] [INFO]   cycle 466 done in 0.9s, 0 actions
[2026-04-24T18:35:14.160700+00:00] [INFO]   sleeping 900s until next cycle
[2026-04-24T18:50:14.318003+00:00] [INFO] === cycle 467 ===
[2026-04-24T18:50:14.322222+00:00] [INFO]   refreshing capability manifest
[2026-04-24T18:50:16.658650+00:00] [INFO] === roadmap-driver cycle ===
[2026-04-24T18:50:16.678539+00:00] [INFO] budget check: budget block at 18.0%
[2026-04-24T18:50:16.691598+00:00] [INFO]   roadmap_edge_track_record_in_briefing: in cooldown (attempted within last 12h)
[2026-04-24T18:50:16.691717+00:00] [INFO] nothing to push — all roadmap items either complete or in cooldown
[2026-04-24T18:50:16.693272+00:00] [INFO]   wrote session briefing (15 capability groups, 0 broken integrations)
[2026-04-24T18:50:16.693521+00:00] [INFO]   cycle 467 done in 2.4s, 0 actions
[2026-04-24T18:50:16.693599+00:00] [INFO]   sleeping 900s until next cycle
[2026-04-24T19:05:16.850668+00:00] [INFO] === cycle 468 ===
[2026-04-24T19:05:17.806166+00:00] [INFO] === roadmap-driver cycle ===
[2026-04-24T19:05:17.826245+00:00] [INFO] budget check: budget block at 18.0%
[2026-04-24T19:05:17.840542+00:00] [INFO]   roadmap_edge_track_record_in_briefing: in cooldown (attempted within last 12h)
[2026-04-24T19:05:17.840654+00:00] [INFO] nothing to push — all roadmap items either complete or in cooldown
[2026-04-24T19:05:17.842378+00:00] [INFO]   wrote session briefing (15 capability groups, 0 broken integrations)
[2026-04-24T19:05:17.842633+00:00] [INFO]   cycle 468 done in 1.0s, 0 actions
[2026-04-24T19:05:17.842708+00:00] [INFO]   sleeping 900s until next cycle
[2026-04-24T19:20:17.999626+00:00] [INFO] === cycle 469 ===
[2026-04-24T19:20:18.775242+00:00] [INFO] === roadmap-driver cycle ===
[2026-04-24T19:20:18.794810+00:00] [INFO] budget check: budget block at 15.0%
[2026-04-24T19:20:18.809460+00:00] [INFO]   roadmap_edge_track_record_in_briefing: in cooldown (attempted within last 12h)
[2026-04-24T19:20:18.809573+00:00] [INFO] nothing to push — all roadmap items either complete or in cooldown
[2026-04-24T19:20:18.811240+00:00] [INFO]   wrote session briefing (15 capability groups, 0 broken integrations)
[2026-04-24T19:20:18.811507+00:00] [INFO]   cycle 469 done in 0.8s, 0 actions
[2026-04-24T19:20:18.811588+00:00] [INFO]   sleeping 900s until next cycle
[2026-04-24T19:35:18.968852+00:00] [INFO] === cycle 470 ===
[2026-04-24T19:35:19.914241+00:00] [INFO] === roadmap-driver cycle ===
[2026-04-24T19:35:19.934732+00:00] [INFO] budget check: budget block at 15.0%
[2026-04-24T19:35:19.949364+00:00] [INFO]   roadmap_edge_track_record_in_briefing: in cooldown (attempted within last 12h)
[2026-04-24T19:35:19.949472+00:00] [INFO] nothing to push — all roadmap items either complete or in cooldown
[2026-04-24T19:35:19.951228+00:00] [INFO]   wrote session briefing (15 capability groups, 0 broken integrations)
[2026-04-24T19:35:19.951502+00:00] [INFO]   cycle 470 done in 1.0s, 0 actions
[2026-04-24T19:35:19.951592+00:00] [INFO]   sleeping 900s until next cycle
[2026-04-24T19:50:20.108499+00:00] [INFO] === cycle 471 ===
[2026-04-24T19:50:21.036833+00:00] [INFO] === roadmap-driver cycle ===
[2026-04-24T19:50:21.056963+00:00] [INFO] budget check: budget block at 15.0%
[2026-04-24T19:50:21.071441+00:00] [INFO]   roadmap_edge_track_record_in_briefing: in cooldown (attempted within last 12h)
[2026-04-24T19:50:21.071541+00:00] [INFO] nothing to push — all roadmap items either complete or in cooldown
[2026-04-24T19:50:21.073302+00:00] [INFO]   wrote session briefing (15 capability groups, 0 broken integrations)
[2026-04-24T19:50:21.073572+00:00] [INFO]   cycle 471 done in 1.0s, 0 actions
[2026-04-24T19:50:21.073655+00:00] [INFO]   sleeping 900s until next cycle
[2026-04-24T20:05:21.226628+00:00] [INFO] === cycle 472 ===
[2026-04-24T20:05:22.223473+00:00] [INFO] === roadmap-driver cycle ===
[2026-04-24T20:05:22.243151+00:00] [INFO] budget check: budget block at 15.0%
[2026-04-24T20:05:22.257927+00:00] [INFO]   roadmap_edge_track_record_in_briefing: in cooldown (attempted within last 12h)
[2026-04-24T20:05:22.258036+00:00] [INFO] nothing to push — all roadmap items either complete or in cooldown
[2026-04-24T20:05:22.259881+00:00] [INFO]   wrote session briefing (15 capability groups, 0 broken integrations)
[2026-04-24T20:05:22.260136+00:00] [INFO]   cycle 472 done in 1.0s, 0 actions
[2026-04-24T20:05:22.260222+00:00] [INFO]   sleeping 900s until next cycle
[2026-04-24T20:20:22.419829+00:00] [INFO] === cycle 473 ===
[2026-04-24T20:20:23.357066+00:00] [INFO] === roadmap-driver cycle ===
[2026-04-24T20:20:23.378250+00:00] [INFO] budget check: budget block at 15.0%
[2026-04-24T20:20:23.393488+00:00] [INFO]   roadmap_edge_track_record_in_briefing: in cooldown (attempted within last 12h)
[2026-04-24T20:20:23.393595+00:00] [INFO] nothing to push — all roadmap items either complete or in cooldown
[2026-04-24T20:20:23.395302+00:00] [INFO]   wrote session briefing (15 capability groups, 0 broken integrations)
[2026-04-24T20:20:23.395552+00:00] [INFO]   cycle 473 done in 1.0s, 0 actions
[2026-04-24T20:20:23.395629+00:00] [INFO]   sleeping 900s until next cycle
[2026-04-24T20:35:23.552413+00:00] [INFO] === cycle 474 ===
[2026-04-24T20:35:24.505037+00:00] [INFO] === roadmap-driver cycle ===
[2026-04-24T20:35:24.525300+00:00] [INFO] budget check: budget block at 18.0%
[2026-04-24T20:35:24.540094+00:00] [INFO]   roadmap_edge_track_record_in_briefing: in cooldown (attempted within last 12h)
[2026-04-24T20:35:24.540202+00:00] [INFO] nothing to push — all roadmap items either complete or in cooldown
[2026-04-24T20:35:24.542176+00:00] [INFO]   wrote session briefing (15 capability groups, 0 broken integrations)
[2026-04-24T20:35:24.542429+00:00] [INFO]   cycle 474 done in 1.0s, 0 actions
[2026-04-24T20:35:24.542509+00:00] [INFO]   sleeping 900s until next cycle
[2026-04-24T20:50:24.603492+00:00] [INFO] === cycle 475 ===
[2026-04-24T20:50:25.505849+00:00] [INFO] === roadmap-driver cycle ===
[2026-04-24T20:50:25.525654+00:00] [INFO] budget check: budget block at 18.0%
[2026-04-24T20:50:25.540571+00:00] [INFO]   roadmap_edge_track_record_in_briefing: in cooldown (attempted within last 12h)
[2026-04-24T20:50:25.540675+00:00] [INFO] nothing to push — all roadmap items either complete or in cooldown
[2026-04-24T20:50:25.542413+00:00] [INFO]   wrote session briefing (15 capability groups, 0 broken integrations)
[2026-04-24T20:50:25.542671+00:00] [INFO]   cycle 475 done in 0.9s, 0 actions
[2026-04-24T20:50:25.542755+00:00] [INFO]   sleeping 900s until next cycle
[2026-04-24T21:05:25.700048+00:00] [INFO] === cycle 476 ===
[2026-04-24T21:05:26.624786+00:00] [INFO] === roadmap-driver cycle ===
[2026-04-24T21:05:26.644918+00:00] [INFO] budget check: budget block at 18.0%
[2026-04-24T21:05:26.659823+00:00] [INFO]   roadmap_edge_track_record_in_briefing: in cooldown (attempted within last 12h)
[2026-04-24T21:05:26.659929+00:00] [INFO] nothing to push — all roadmap items either complete or in cooldown
[2026-04-24T21:05:26.661967+00:00] [INFO]   wrote session briefing (15 capability groups, 0 broken integrations)
[2026-04-24T21:05:26.662219+00:00] [INFO]   cycle 476 done in 1.0s, 0 actions
[2026-04-24T21:05:26.662296+00:00] [INFO]   sleeping 900s until next cycle
[2026-04-24T21:20:26.690261+00:00] [INFO] === cycle 477 ===
[2026-04-24T21:20:27.580400+00:00] [INFO] === roadmap-driver cycle ===
[2026-04-24T21:20:27.600571+00:00] [INFO] budget check: budget block at 14.0%
[2026-04-24T21:20:27.615103+00:00] [INFO]   roadmap_edge_track_record_in_briefing: in cooldown (attempted within last 12h)
[2026-04-24T21:20:27.615205+00:00] [INFO] nothing to push — all roadmap items either complete or in cooldown
[2026-04-24T21:20:27.617107+00:00] [INFO]   wrote session briefing (15 capability groups, 0 broken integrations)
[2026-04-24T21:20:27.617336+00:00] [INFO]   cycle 477 done in 0.9s, 0 actions
[2026-04-24T21:20:27.617415+00:00] [INFO]   sleeping 900s until next cycle
[2026-04-24T21:35:27.774480+00:00] [INFO] === cycle 478 ===
[2026-04-24T21:35:28.670523+00:00] [INFO] === roadmap-driver cycle ===
[2026-04-24T21:35:28.690307+00:00] [INFO] budget check: budget block at 6.0%
[2026-04-24T21:35:28.705108+00:00] [INFO]   roadmap_edge_track_record_in_briefing: in cooldown (attempted within last 12h)
[2026-04-24T21:35:28.705212+00:00] [INFO] nothing to push — all roadmap items either complete or in cooldown
[2026-04-24T21:35:28.706834+00:00] [INFO]   wrote session briefing (15 capability groups, 0 broken integrations)
[2026-04-24T21:35:28.707081+00:00] [INFO]   cycle 478 done in 0.9s, 0 actions
[2026-04-24T21:35:28.707156+00:00] [INFO]   sleeping 900s until next cycle
[2026-04-24T21:50:28.763242+00:00] [INFO] === cycle 479 ===
[2026-04-24T21:50:29.703626+00:00] [INFO] === roadmap-driver cycle ===
[2026-04-24T21:50:29.724315+00:00] [INFO] budget check: budget block at 6.0%
[2026-04-24T21:50:29.738980+00:00] [INFO]   roadmap_edge_track_record_in_briefing: in cooldown (attempted within last 12h)
[2026-04-24T21:50:29.739088+00:00] [INFO] nothing to push — all roadmap items either complete or in cooldown
[2026-04-24T21:50:29.740708+00:00] [INFO]   wrote session briefing (15 capability groups, 0 broken integrations)
[2026-04-24T21:50:29.740987+00:00] [INFO]   cycle 479 done in 1.0s, 0 actions
[2026-04-24T21:50:29.741062+00:00] [INFO]   sleeping 900s until next cycle
[2026-04-24T22:05:29.898313+00:00] [INFO] === cycle 480 ===
[2026-04-24T22:05:30.790377+00:00] [INFO] === roadmap-driver cycle ===
[2026-04-24T22:05:30.810680+00:00] [INFO] budget check: budget block at 6.0%
[2026-04-24T22:05:30.825610+00:00] [INFO]   roadmap_edge_track_record_in_briefing: in cooldown (attempted within last 12h)
[2026-04-24T22:05:30.825723+00:00] [INFO] nothing to push — all roadmap items either complete or in cooldown
[2026-04-24T22:05:30.827491+00:00] [INFO]   wrote session briefing (15 capability groups, 0 broken integrations)
[2026-04-24T22:05:30.827772+00:00] [INFO]   cycle 480 done in 0.9s, 0 actions
[2026-04-24T22:05:30.827850+00:00] [INFO]   sleeping 900s until next cycle
[2026-04-24T22:20:30.984716+00:00] [INFO] === cycle 481 ===
[2026-04-24T22:20:31.960768+00:00] [INFO] === roadmap-driver cycle ===
[2026-04-24T22:20:31.980288+00:00] [INFO] budget check: budget block at 6.0%
[2026-04-24T22:20:31.995002+00:00] [INFO]   roadmap_edge_track_record_in_briefing: in cooldown (attempted within last 12h)
[2026-04-24T22:20:31.995111+00:00] [INFO] nothing to push — all roadmap items either complete or in cooldown
[2026-04-24T22:20:31.996903+00:00] [INFO]   wrote session briefing (15 capability groups, 0 broken integrations)
[2026-04-24T22:20:31.997153+00:00] [INFO]   cycle 481 done in 1.0s, 0 actions
[2026-04-24T22:20:31.997225+00:00] [INFO]   sleeping 900s until next cycle
[2026-04-24T22:35:32.154421+00:00] [INFO] === cycle 482 ===
[2026-04-24T22:35:33.069579+00:00] [INFO] === roadmap-driver cycle ===
[2026-04-24T22:35:33.089425+00:00] [INFO] budget check: budget block at 9.0%
[2026-04-24T22:35:33.105361+00:00] [INFO]   roadmap_edge_track_record_in_briefing: in cooldown (attempted within last 12h)
[2026-04-24T22:35:33.105474+00:00] [INFO] nothing to push — all roadmap items either complete or in cooldown
[2026-04-24T22:35:33.107091+00:00] [INFO]   wrote session briefing (15 capability groups, 0 broken integrations)
[2026-04-24T22:35:33.107354+00:00] [INFO]   cycle 482 done in 1.0s, 0 actions
[2026-04-24T22:35:33.107426+00:00] [INFO]   sleeping 900s until next cycle
[2026-04-24T22:50:33.265072+00:00] [INFO] === cycle 483 ===
[2026-04-24T22:50:33.268531+00:00] [INFO]   refreshing capability manifest
[2026-04-24T22:50:35.710915+00:00] [INFO] === roadmap-driver cycle ===
[2026-04-24T22:50:35.730951+00:00] [INFO] budget check: budget block at 9.0%
[2026-04-24T22:50:35.744427+00:00] [INFO]   roadmap_edge_track_record_in_briefing: in cooldown (attempted within last 12h)
[2026-04-24T22:50:35.744553+00:00] [INFO] nothing to push — all roadmap items either complete or in cooldown
[2026-04-24T22:50:35.746104+00:00] [INFO]   wrote session briefing (15 capability groups, 0 broken integrations)
[2026-04-24T22:50:35.746398+00:00] [INFO]   cycle 483 done in 2.5s, 0 actions
[2026-04-24T22:50:35.746474+00:00] [INFO]   sleeping 900s until next cycle
[2026-04-24T23:05:35.904004+00:00] [INFO] === cycle 484 ===
[2026-04-24T23:05:36.835532+00:00] [INFO] === roadmap-driver cycle ===
[2026-04-24T23:05:36.855856+00:00] [INFO] budget check: budget block at 9.0%
[2026-04-24T23:05:36.870539+00:00] [INFO]   roadmap_edge_track_record_in_briefing: in cooldown (attempted within last 12h)
[2026-04-24T23:05:36.870648+00:00] [INFO] nothing to push — all roadmap items either complete or in cooldown
[2026-04-24T23:05:36.872802+00:00] [INFO]   wrote session briefing (15 capability groups, 0 broken integrations)
[2026-04-24T23:05:36.873087+00:00] [INFO]   cycle 484 done in 1.0s, 0 actions
[2026-04-24T23:05:36.873164+00:00] [INFO]   sleeping 900s until next cycle
[2026-04-24T23:20:37.029861+00:00] [INFO] === cycle 485 ===
[2026-04-24T23:20:38.022306+00:00] [INFO] === roadmap-driver cycle ===
[2026-04-24T23:20:38.042879+00:00] [INFO] budget check: budget block at 9.0%
[2026-04-24T23:20:38.057913+00:00] [INFO]   roadmap_edge_track_record_in_briefing: in cooldown (attempted within last 12h)
[2026-04-24T23:20:38.058020+00:00] [INFO] nothing to push — all roadmap items either complete or in cooldown
[2026-04-24T23:20:38.060004+00:00] [INFO]   wrote session briefing (15 capability groups, 0 broken integrations)
[2026-04-24T23:20:38.060274+00:00] [INFO]   cycle 485 done in 1.0s, 0 actions
[2026-04-24T23:20:38.060346+00:00] [INFO]   sleeping 900s until next cycle
[2026-04-24T23:35:38.217248+00:00] [INFO] === cycle 486 ===
[2026-04-24T23:35:39.129409+00:00] [INFO] === roadmap-driver cycle ===
[2026-04-24T23:35:39.149814+00:00] [INFO] budget check: budget block at 6.0%
[2026-04-24T23:35:39.164106+00:00] [INFO]   roadmap_edge_track_record_in_briefing: in cooldown (attempted within last 12h)
[2026-04-24T23:35:39.164214+00:00] [INFO] nothing to push — all roadmap items either complete or in cooldown
[2026-04-24T23:35:39.165839+00:00] [INFO]   wrote session briefing (15 capability groups, 0 broken integrations)
[2026-04-24T23:35:39.166095+00:00] [INFO]   cycle 486 done in 0.9s, 0 actions
[2026-04-24T23:35:39.166173+00:00] [INFO]   sleeping 900s until next cycle
[2026-04-24T23:50:39.323117+00:00] [INFO] === cycle 487 ===
[2026-04-24T23:50:40.227065+00:00] [INFO] === roadmap-driver cycle ===
[2026-04-24T23:50:40.246990+00:00] [INFO] budget check: budget block at 6.0%
[2026-04-24T23:50:40.261595+00:00] [INFO]   roadmap_edge_track_record_in_briefing: in cooldown (attempted within last 12h)
[2026-04-24T23:50:40.261710+00:00] [INFO] nothing to push — all roadmap items either complete or in cooldown
[2026-04-24T23:50:40.263595+00:00] [INFO]   wrote session briefing (15 capability groups, 0 broken integrations)
[2026-04-24T23:50:40.263874+00:00] [INFO]   cycle 487 done in 0.9s, 0 actions
[2026-04-24T23:50:40.263952+00:00] [INFO]   sleeping 900s until next cycle
[2026-04-25T00:05:40.421643+00:00] [INFO] === cycle 488 ===
[2026-04-25T00:05:41.288503+00:00] [INFO] === roadmap-driver cycle ===
[2026-04-25T00:05:41.308470+00:00] [INFO] budget check: budget block at 6.0%
[2026-04-25T00:05:41.322696+00:00] [INFO]   roadmap_edge_track_record_in_briefing: in cooldown (attempted within last 12h)
[2026-04-25T00:05:41.322799+00:00] [INFO] nothing to push — all roadmap items either complete or in cooldown
[2026-04-25T00:05:41.324456+00:00] [INFO]   wrote session briefing (15 capability groups, 0 broken integrations)
[2026-04-25T00:05:41.324716+00:00] [INFO]   cycle 488 done in 0.9s, 0 actions
[2026-04-25T00:05:41.324791+00:00] [INFO]   sleeping 900s until next cycle
[2026-04-25T00:20:41.352986+00:00] [INFO] === cycle 489 ===
[2026-04-25T00:20:42.368779+00:00] [INFO] === roadmap-driver cycle ===
[2026-04-25T00:20:42.390491+00:00] [INFO] budget check: budget block at 6.0%
[2026-04-25T00:20:42.405009+00:00] [INFO]   roadmap_edge_track_record_in_briefing: in cooldown (attempted within last 12h)
[2026-04-25T00:20:42.405113+00:00] [INFO] nothing to push — all roadmap items either complete or in cooldown
[2026-04-25T00:20:42.406877+00:00] [INFO]   wrote session briefing (15 capability groups, 0 broken integrations)
[2026-04-25T00:20:42.407163+00:00] [INFO]   cycle 489 done in 1.1s, 0 actions
[2026-04-25T00:20:42.407246+00:00] [INFO]   sleeping 900s until next cycle
[2026-04-25T00:35:42.564069+00:00] [INFO] === cycle 490 ===
[2026-04-25T00:35:43.538372+00:00] [INFO] === roadmap-driver cycle ===
[2026-04-25T00:35:43.558690+00:00] [INFO] budget check: budget block at 9.0%
[2026-04-25T00:35:43.573521+00:00] [INFO]   roadmap_edge_track_record_in_briefing: in cooldown (attempted within last 12h)
[2026-04-25T00:35:43.573625+00:00] [INFO] nothing to push — all roadmap items either complete or in cooldown
[2026-04-25T00:35:43.575410+00:00] [INFO]   wrote session briefing (15 capability groups, 0 broken integrations)
[2026-04-25T00:35:43.575676+00:00] [INFO]   cycle 490 done in 1.0s, 0 actions
[2026-04-25T00:35:43.575753+00:00] [INFO]   sleeping 900s until next cycle
[2026-04-25T00:50:43.702348+00:00] [INFO] === cycle 491 ===
[2026-04-25T00:50:44.664848+00:00] [INFO] === roadmap-driver cycle ===
[2026-04-25T00:50:44.686212+00:00] [INFO] budget check: budget block at 9.0%
[2026-04-25T00:50:44.700608+00:00] [INFO]   roadmap_edge_track_record_in_briefing: in cooldown (attempted within last 12h)
[2026-04-25T00:50:44.700721+00:00] [INFO] nothing to push — all roadmap items either complete or in cooldown
[2026-04-25T00:50:44.702511+00:00] [INFO]   wrote session briefing (15 capability groups, 0 broken integrations)
[2026-04-25T00:50:44.702796+00:00] [INFO]   cycle 491 done in 1.0s, 0 actions
[2026-04-25T00:50:44.702873+00:00] [INFO]   sleeping 900s until next cycle
[2026-04-25T01:05:44.734174+00:00] [INFO] === cycle 492 ===
[2026-04-25T01:05:45.352276+00:00] [INFO] === roadmap-driver cycle ===
[2026-04-25T01:05:45.372683+00:00] [INFO] budget check: budget block at 9.0%
[2026-04-25T01:05:45.387588+00:00] [INFO]   roadmap_edge_track_record_in_briefing: in cooldown (attempted within last 12h)
[2026-04-25T01:05:45.387701+00:00] [INFO] nothing to push — all roadmap items either complete or in cooldown
[2026-04-25T01:05:45.389613+00:00] [INFO]   wrote session briefing (15 capability groups, 0 broken integrations)
[2026-04-25T01:05:45.389911+00:00] [INFO]   cycle 492 done in 0.7s, 0 actions
[2026-04-25T01:05:45.390016+00:00] [INFO]   sleeping 900s until next cycle
[2026-04-25T01:20:45.547324+00:00] [INFO] === cycle 493 ===
[2026-04-25T01:20:46.452368+00:00] [INFO] === roadmap-driver cycle ===
[2026-04-25T01:20:46.472971+00:00] [INFO] budget check: budget block at 9.0%
[2026-04-25T01:20:46.487915+00:00] [INFO]   roadmap_edge_track_record_in_briefing: in cooldown (attempted within last 12h)
[2026-04-25T01:20:46.488015+00:00] [INFO] nothing to push — all roadmap items either complete or in cooldown
[2026-04-25T01:20:46.489926+00:00] [INFO]   wrote session briefing (15 capability groups, 0 broken integrations)
[2026-04-25T01:20:46.490200+00:00] [INFO]   cycle 493 done in 0.9s, 0 actions
[2026-04-25T01:20:46.490295+00:00] [INFO]   sleeping 900s until next cycle
[2026-04-25T01:35:46.646701+00:00] [INFO] === cycle 494 ===
[2026-04-25T01:35:47.415837+00:00] [INFO] === roadmap-driver cycle ===
[2026-04-25T01:35:47.436513+00:00] [INFO] budget check: budget block at 6.0%
[2026-04-25T01:35:47.450770+00:00] [INFO]   roadmap_edge_track_record_in_briefing: in cooldown (attempted within last 12h)
[2026-04-25T01:35:47.450882+00:00] [INFO] nothing to push — all roadmap items either complete or in cooldown
[2026-04-25T01:35:47.452534+00:00] [INFO]   wrote session briefing (15 capability groups, 0 broken integrations)
[2026-04-25T01:35:47.452813+00:00] [INFO]   cycle 494 done in 0.8s, 0 actions
[2026-04-25T01:35:47.452889+00:00] [INFO]   sleeping 900s until next cycle
[2026-04-25T01:50:47.609891+00:00] [INFO] === cycle 495 ===
[2026-04-25T01:50:48.235518+00:00] [INFO] === roadmap-driver cycle ===
[2026-04-25T01:50:48.255529+00:00] [INFO] budget check: budget block at 6.0%
[2026-04-25T01:50:48.270296+00:00] [INFO]   roadmap_edge_track_record_in_briefing: in cooldown (attempted within last 12h)
[2026-04-25T01:50:48.270411+00:00] [INFO] nothing to push — all roadmap items either complete or in cooldown
[2026-04-25T01:50:48.272053+00:00] [INFO]   wrote session briefing (15 capability groups, 0 broken integrations)
[2026-04-25T01:50:48.272325+00:00] [INFO]   cycle 495 done in 0.7s, 0 actions
[2026-04-25T01:50:48.272404+00:00] [INFO]   sleeping 900s until next cycle
[2026-04-25T02:05:48.426235+00:00] [INFO] === cycle 496 ===
[2026-04-25T02:05:49.318647+00:00] [INFO] === roadmap-driver cycle ===
[2026-04-25T02:05:49.338856+00:00] [INFO] budget check: budget block at 6.0%
[2026-04-25T02:05:49.353633+00:00] [INFO]   roadmap_edge_track_record_in_briefing: in cooldown (attempted within last 12h)
[2026-04-25T02:05:49.353750+00:00] [INFO] nothing to push — all roadmap items either complete or in cooldown
[2026-04-25T02:05:49.355594+00:00] [INFO]   wrote session briefing (15 capability groups, 0 broken integrations)
[2026-04-25T02:05:49.355849+00:00] [INFO]   cycle 496 done in 0.9s, 0 actions
[2026-04-25T02:05:49.355927+00:00] [INFO]   sleeping 900s until next cycle
[2026-04-25T02:20:49.514103+00:00] [INFO] === cycle 497 ===
[2026-04-25T02:20:50.160663+00:00] [INFO] === roadmap-driver cycle ===
[2026-04-25T02:20:50.181224+00:00] [INFO] budget check: budget block at 6.0%
[2026-04-25T02:20:50.195948+00:00] [INFO]   roadmap_edge_track_record_in_briefing: in cooldown (attempted within last 12h)
[2026-04-25T02:20:50.196070+00:00] [INFO] nothing to push — all roadmap items either complete or in cooldown
[2026-04-25T02:20:50.197837+00:00] [INFO]   wrote session briefing (15 capability groups, 0 broken integrations)
[2026-04-25T02:20:50.198112+00:00] [INFO]   cycle 497 done in 0.7s, 0 actions
[2026-04-25T02:20:50.198190+00:00] [INFO]   sleeping 900s until next cycle
[2026-04-25T02:35:50.355043+00:00] [INFO] === cycle 498 ===
[2026-04-25T02:35:51.104322+00:00] [INFO] === roadmap-driver cycle ===
[2026-04-25T02:35:51.124843+00:00] [INFO] budget check: budget block at 9.0%
[2026-04-25T02:35:51.139638+00:00] [INFO]   roadmap_edge_track_record_in_briefing: in cooldown (attempted within last 12h)
[2026-04-25T02:35:51.139747+00:00] [INFO] nothing to push — all roadmap items either complete or in cooldown
[2026-04-25T02:35:51.141533+00:00] [INFO]   wrote session briefing (15 capability groups, 0 broken integrations)
[2026-04-25T02:35:51.141784+00:00] [INFO]   cycle 498 done in 0.8s, 0 actions
[2026-04-25T02:35:51.141861+00:00] [INFO]   sleeping 900s until next cycle
[2026-04-25T02:50:51.299590+00:00] [INFO] === cycle 499 ===
[2026-04-25T02:50:51.303112+00:00] [INFO]   refreshing capability manifest
[2026-04-25T02:50:53.708086+00:00] [INFO] === roadmap-driver cycle ===
[2026-04-25T02:50:53.728677+00:00] [INFO] budget check: budget block at 9.0%
[2026-04-25T02:50:53.741897+00:00] [INFO]   roadmap_edge_track_record_in_briefing: in cooldown (attempted within last 12h)
[2026-04-25T02:50:53.742024+00:00] [INFO] nothing to push — all roadmap items either complete or in cooldown
[2026-04-25T02:50:53.743567+00:00] [INFO]   wrote session briefing (15 capability groups, 0 broken integrations)
[2026-04-25T02:50:53.743869+00:00] [INFO]   cycle 499 done in 2.4s, 0 actions
[2026-04-25T02:50:53.743949+00:00] [INFO]   sleeping 900s until next cycle
[2026-04-25T03:05:53.778928+00:00] [INFO] === cycle 500 ===
[2026-04-25T03:05:54.682849+00:00] [INFO] === roadmap-driver cycle ===
[2026-04-25T03:05:54.703869+00:00] [INFO] budget check: budget block at 9.0%
[2026-04-25T03:05:54.718614+00:00] [INFO]   roadmap_edge_track_record_in_briefing: in cooldown (attempted within last 12h)
[2026-04-25T03:05:54.718729+00:00] [INFO] nothing to push — all roadmap items either complete or in cooldown
[2026-04-25T03:05:54.720527+00:00] [INFO]   wrote session briefing (15 capability groups, 0 broken integrations)
[2026-04-25T03:05:54.720793+00:00] [INFO]   cycle 500 done in 0.9s, 0 actions
[2026-04-25T03:05:54.720875+00:00] [INFO]   sleeping 900s until next cycle
[2026-04-25T03:20:54.879014+00:00] [INFO] === cycle 501 ===
[2026-04-25T03:20:55.648957+00:00] [INFO] === roadmap-driver cycle ===
[2026-04-25T03:20:55.670059+00:00] [INFO] budget check: budget block at 9.0%
[2026-04-25T03:20:55.684822+00:00] [INFO]   roadmap_edge_track_record_in_briefing: in cooldown (attempted within last 12h)
[2026-04-25T03:20:55.684924+00:00] [INFO] nothing to push — all roadmap items either complete or in cooldown
[2026-04-25T03:20:55.686712+00:00] [INFO]   wrote session briefing (15 capability groups, 0 broken integrations)
[2026-04-25T03:20:55.686969+00:00] [INFO]   cycle 501 done in 0.8s, 0 actions
[2026-04-25T03:20:55.687051+00:00] [INFO]   sleeping 900s until next cycle
[2026-04-25T03:35:55.844514+00:00] [INFO] === cycle 502 ===
[2026-04-25T03:35:56.451158+00:00] [INFO] === roadmap-driver cycle ===
[2026-04-25T03:35:56.472094+00:00] [INFO] budget check: budget block at 6.0%
[2026-04-25T03:35:56.486309+00:00] [INFO]   roadmap_edge_track_record_in_briefing: in cooldown (attempted within last 12h)
[2026-04-25T03:35:56.486420+00:00] [INFO] nothing to push — all roadmap items either complete or in cooldown
[2026-04-25T03:35:56.488187+00:00] [INFO]   wrote session briefing (15 capability groups, 0 broken integrations)
[2026-04-25T03:35:56.488477+00:00] [INFO]   cycle 502 done in 0.6s, 0 actions
[2026-04-25T03:35:56.488554+00:00] [INFO]   sleeping 900s until next cycle
[2026-04-25T03:50:56.645451+00:00] [INFO] === cycle 503 ===
[2026-04-25T03:50:57.409050+00:00] [INFO] === roadmap-driver cycle ===
[2026-04-25T03:50:57.429601+00:00] [INFO] budget check: budget block at 6.0%
[2026-04-25T03:50:57.443652+00:00] [INFO]   roadmap_edge_track_record_in_briefing: in cooldown (attempted within last 12h)
[2026-04-25T03:50:57.443765+00:00] [INFO] nothing to push — all roadmap items either complete or in cooldown
[2026-04-25T03:50:57.445683+00:00] [INFO]   wrote session briefing (15 capability groups, 0 broken integrations)
[2026-04-25T03:50:57.445946+00:00] [INFO]   cycle 503 done in 0.8s, 0 actions
[2026-04-25T03:50:57.446021+00:00] [INFO]   sleeping 900s until next cycle
[2026-04-25T04:05:57.602998+00:00] [INFO] === cycle 504 ===
[2026-04-25T04:05:58.384555+00:00] [INFO] === roadmap-driver cycle ===
[2026-04-25T04:05:58.405199+00:00] [INFO] budget check: budget block at 6.0%
[2026-04-25T04:05:58.420394+00:00] [INFO]   roadmap_edge_track_record_in_briefing: in cooldown (attempted within last 12h)
[2026-04-25T04:05:58.420504+00:00] [INFO] nothing to push — all roadmap items either complete or in cooldown
[2026-04-25T04:05:58.422337+00:00] [INFO]   wrote session briefing (15 capability groups, 0 broken integrations)
[2026-04-25T04:05:58.422633+00:00] [INFO]   cycle 504 done in 0.8s, 0 actions
[2026-04-25T04:05:58.422710+00:00] [INFO]   sleeping 900s until next cycle
[2026-04-25T04:20:58.579669+00:00] [INFO] === cycle 505 ===
[2026-04-25T04:20:59.259295+00:00] [INFO] === roadmap-driver cycle ===
[2026-04-25T04:20:59.279993+00:00] [INFO] budget check: budget block at 6.0%
[2026-04-25T04:20:59.294522+00:00] [INFO]   roadmap_edge_track_record_in_briefing: in cooldown (attempted within last 12h)
[2026-04-25T04:20:59.294632+00:00] [INFO] nothing to push — all roadmap items either complete or in cooldown
[2026-04-25T04:20:59.296438+00:00] [INFO]   wrote session briefing (15 capability groups, 0 broken integrations)
[2026-04-25T04:20:59.296724+00:00] [INFO]   cycle 505 done in 0.7s, 0 actions
[2026-04-25T04:20:59.296800+00:00] [INFO]   sleeping 900s until next cycle
[2026-04-25T04:35:59.454067+00:00] [INFO] === cycle 506 ===
[2026-04-25T04:36:00.197615+00:00] [INFO] === roadmap-driver cycle ===
[2026-04-25T04:36:00.218434+00:00] [INFO] budget check: budget block at 15.5%
[2026-04-25T04:36:00.233809+00:00] [INFO]   PUSHED roadmap_edge_track_record_in_briefing  sev=LOW  Verify morning briefing edge-weight track record line is wir
[2026-04-25T04:36:00.235218+00:00] [INFO] === done — pushed 1 tasks, queue now 1 ===
[2026-04-25T04:36:00.235351+00:00] [INFO]   ROADMAP-DRIVER: pushed 1 build tasks (queue depth now 1)
[2026-04-25T04:36:00.237075+00:00] [INFO]   wrote session briefing (15 capability groups, 0 broken integrations)
[2026-04-25T04:36:00.237325+00:00] [INFO]   cycle 506 done in 0.8s, 1 actions
[2026-04-25T04:36:00.237402+00:00] [INFO]   sleeping 120s until next cycle
[2026-04-25T04:38:00.388474+00:00] [INFO] === cycle 507 ===
[2026-04-25T04:38:01.087884+00:00] [INFO] === roadmap-driver cycle ===
[2026-04-25T04:38:01.108747+00:00] [INFO] budget check: budget block at 15.5%
[2026-04-25T04:38:01.122242+00:00] [INFO]   roadmap_edge_track_record_in_briefing: already in pending queue
[2026-04-25T04:38:01.122350+00:00] [INFO] nothing to push — all roadmap items either complete or in cooldown
[2026-04-25T04:38:01.123779+00:00] [INFO]   wrote session briefing (15 capability groups, 0 broken integrations)
[2026-04-25T04:38:01.124044+00:00] [INFO]   cycle 507 done in 0.7s, 0 actions
[2026-04-25T04:38:01.124116+00:00] [INFO]   sleeping 900s until next cycle
[2026-04-25T04:53:01.281494+00:00] [INFO] === cycle 508 ===
[2026-04-25T04:53:02.092153+00:00] [INFO] === roadmap-driver cycle ===
[2026-04-25T04:53:02.113800+00:00] [INFO] budget check: budget block at 15.5%
[2026-04-25T04:53:02.128411+00:00] [INFO]   roadmap_edge_track_record_in_briefing: already in pending queue
[2026-04-25T04:53:02.128520+00:00] [INFO] nothing to push — all roadmap items either complete or in cooldown
[2026-04-25T04:53:02.130294+00:00] [INFO]   wrote session briefing (15 capability groups, 0 broken integrations)
[2026-04-25T04:53:02.130567+00:00] [INFO]   cycle 508 done in 0.8s, 0 actions
[2026-04-25T04:53:02.130642+00:00] [INFO]   sleeping 900s until next cycle
[2026-04-25T05:08:02.288041+00:00] [INFO] === cycle 509 ===
[2026-04-25T05:08:03.033827+00:00] [INFO] === roadmap-driver cycle ===
[2026-04-25T05:08:03.054634+00:00] [INFO] budget check: budget block at 15.5%
[2026-04-25T05:08:03.069552+00:00] [INFO]   roadmap_edge_track_record_in_briefing: already in pending queue
[2026-04-25T05:08:03.069674+00:00] [INFO] nothing to push — all roadmap items either complete or in cooldown
[2026-04-25T05:08:03.071340+00:00] [INFO]   wrote session briefing (15 capability groups, 0 broken integrations)
[2026-04-25T05:08:03.071619+00:00] [INFO]   cycle 509 done in 0.8s, 0 actions
[2026-04-25T05:08:03.071695+00:00] [INFO]   sleeping 900s until next cycle
[2026-04-25T05:23:03.228832+00:00] [INFO] === cycle 510 ===
[2026-04-25T05:23:04.040499+00:00] [INFO] === roadmap-driver cycle ===
[2026-04-25T05:23:04.064203+00:00] [INFO] budget check: budget block at 15.5%
[2026-04-25T05:23:04.081558+00:00] [INFO]   roadmap_edge_track_record_in_briefing: already in pending queue
[2026-04-25T05:23:04.081690+00:00] [INFO] nothing to push — all roadmap items either complete or in cooldown
[2026-04-25T05:23:04.083450+00:00] [INFO]   wrote session briefing (15 capability groups, 0 broken integrations)
[2026-04-25T05:23:04.083764+00:00] [INFO]   cycle 510 done in 0.9s, 0 actions
[2026-04-25T05:23:04.083850+00:00] [INFO]   sleeping 900s until next cycle
[2026-04-25T05:38:04.240159+00:00] [INFO] === cycle 511 ===
[2026-04-25T05:38:04.998074+00:00] [INFO] === roadmap-driver cycle ===
[2026-04-25T05:38:05.019752+00:00] [INFO] budget check: budget block at 12.5%
[2026-04-25T05:38:05.035250+00:00] [INFO]   roadmap_edge_track_record_in_briefing: already in pending queue
[2026-04-25T05:38:05.035374+00:00] [INFO] nothing to push — all roadmap items either complete or in cooldown
[2026-04-25T05:38:05.037209+00:00] [INFO]   wrote session briefing (15 capability groups, 0 broken integrations)
[2026-04-25T05:38:05.037524+00:00] [INFO]   cycle 511 done in 0.8s, 0 actions
[2026-04-25T05:38:05.037606+00:00] [INFO]   sleeping 900s until next cycle
[2026-04-25T05:53:05.194687+00:00] [INFO] === cycle 512 ===
[2026-04-25T05:53:05.954297+00:00] [INFO] === roadmap-driver cycle ===
[2026-04-25T05:53:05.975489+00:00] [INFO] budget check: budget block at 12.5%
[2026-04-25T05:53:05.990001+00:00] [INFO]   roadmap_edge_track_record_in_briefing: already in pending queue
[2026-04-25T05:53:05.990129+00:00] [INFO] nothing to push — all roadmap items either complete or in cooldown
[2026-04-25T05:53:05.991901+00:00] [INFO]   wrote session briefing (15 capability groups, 0 broken integrations)
[2026-04-25T05:53:05.992208+00:00] [INFO]   cycle 512 done in 0.8s, 0 actions
[2026-04-25T05:53:05.992289+00:00] [INFO]   sleeping 900s until next cycle
[2026-04-25T06:08:06.148686+00:00] [INFO] === cycle 513 ===
[2026-04-25T06:08:06.746065+00:00] [INFO] === roadmap-driver cycle ===
[2026-04-25T06:08:06.767284+00:00] [INFO] budget check: budget block at 12.5%
[2026-04-25T06:08:06.782490+00:00] [INFO]   roadmap_edge_track_record_in_briefing: already in pending queue
[2026-04-25T06:08:06.782603+00:00] [INFO] nothing to push — all roadmap items either complete or in cooldown
[2026-04-25T06:08:06.784386+00:00] [INFO]   wrote session briefing (15 capability groups, 0 broken integrations)
[2026-04-25T06:08:06.784665+00:00] [INFO]   cycle 513 done in 0.6s, 0 actions
[2026-04-25T06:08:06.784746+00:00] [INFO]   sleeping 900s until next cycle
[2026-04-25T06:23:06.942966+00:00] [INFO] === cycle 514 ===
[2026-04-25T06:23:07.800208+00:00] [INFO] === roadmap-driver cycle ===
[2026-04-25T06:23:07.821688+00:00] [INFO] budget check: budget block at 12.5%
[2026-04-25T06:23:07.836414+00:00] [INFO]   roadmap_edge_track_record_in_briefing: already in pending queue
[2026-04-25T06:23:07.836514+00:00] [INFO] nothing to push — all roadmap items either complete or in cooldown
[2026-04-25T06:23:07.838212+00:00] [INFO]   wrote session briefing (15 capability groups, 0 broken integrations)
[2026-04-25T06:23:07.838463+00:00] [INFO]   cycle 514 done in 0.9s, 0 actions
[2026-04-25T06:23:07.838544+00:00] [INFO]   sleeping 900s until next cycle
[2026-04-25T06:38:07.942212+00:00] [INFO] === cycle 515 ===
[2026-04-25T06:38:08.547694+00:00] [INFO] === roadmap-driver cycle ===
[2026-04-25T06:38:08.574592+00:00] [INFO] budget check: budget block at 20.5%
[2026-04-25T06:38:08.591035+00:00] [INFO]   roadmap_edge_track_record_in_briefing: in cooldown (attempted within last 12h)
[2026-04-25T06:38:08.591204+00:00] [INFO] nothing to push — all roadmap items either complete or in cooldown
[2026-04-25T06:38:08.593205+00:00] [INFO]   wrote session briefing (15 capability groups, 0 broken integrations)
[2026-04-25T06:38:08.593516+00:00] [INFO]   cycle 515 done in 0.7s, 0 actions
[2026-04-25T06:38:08.593613+00:00] [INFO]   sleeping 900s until next cycle
[2026-04-25T06:53:08.619618+00:00] [INFO] === cycle 516 ===
[2026-04-25T06:53:08.621044+00:00] [INFO]   refreshing capability manifest
[2026-04-25T06:53:10.699285+00:00] [INFO] === roadmap-driver cycle ===
[2026-04-25T06:53:10.720845+00:00] [INFO] budget check: budget block at 20.5%
[2026-04-25T06:53:10.733459+00:00] [INFO]   roadmap_edge_track_record_in_briefing: in cooldown (attempted within last 12h)
[2026-04-25T06:53:10.733567+00:00] [INFO] nothing to push — all roadmap items either complete or in cooldown
[2026-04-25T06:53:10.734939+00:00] [INFO]   wrote session briefing (15 capability groups, 0 broken integrations)
[2026-04-25T06:53:10.735223+00:00] [INFO]   cycle 516 done in 2.1s, 0 actions
[2026-04-25T06:53:10.735303+00:00] [INFO]   sleeping 900s until next cycle
[2026-04-25T07:08:10.892093+00:00] [INFO] === cycle 517 ===
[2026-04-25T07:08:11.716665+00:00] [INFO] === roadmap-driver cycle ===
[2026-04-25T07:08:11.738730+00:00] [INFO] budget check: budget block at 20.5%
[2026-04-25T07:08:11.753679+00:00] [INFO]   roadmap_edge_track_record_in_briefing: in cooldown (attempted within last 12h)
[2026-04-25T07:08:11.753802+00:00] [INFO] nothing to push — all roadmap items either complete or in cooldown
[2026-04-25T07:08:11.755351+00:00] [INFO]   wrote session briefing (15 capability groups, 0 broken integrations)
[2026-04-25T07:08:11.755634+00:00] [INFO]   cycle 517 done in 0.9s, 0 actions
[2026-04-25T07:08:11.755724+00:00] [INFO]   sleeping 900s until next cycle
[2026-04-25T07:23:11.913493+00:00] [INFO] === cycle 518 ===
[2026-04-25T07:23:12.632500+00:00] [INFO] === roadmap-driver cycle ===
[2026-04-25T07:23:12.653915+00:00] [INFO] budget check: budget block at 20.5%
[2026-04-25T07:23:12.667679+00:00] [INFO]   roadmap_edge_track_record_in_briefing: in cooldown (attempted within last 12h)
[2026-04-25T07:23:12.667791+00:00] [INFO] nothing to push — all roadmap items either complete or in cooldown
[2026-04-25T07:23:12.669207+00:00] [INFO]   wrote session briefing (15 capability groups, 0 broken integrations)
[2026-04-25T07:23:12.669477+00:00] [INFO]   cycle 518 done in 0.8s, 0 actions
[2026-04-25T07:23:12.669553+00:00] [INFO]   sleeping 900s until next cycle
[2026-04-25T07:38:12.826514+00:00] [INFO] === cycle 519 ===
[2026-04-25T07:38:13.692766+00:00] [INFO] === roadmap-driver cycle ===
[2026-04-25T07:38:13.715524+00:00] [INFO] budget check: budget block at 17.5%
[2026-04-25T07:38:13.729485+00:00] [INFO]   roadmap_edge_track_record_in_briefing: in cooldown (attempted within last 12h)
[2026-04-25T07:38:13.729581+00:00] [INFO] nothing to push — all roadmap items either complete or in cooldown
[2026-04-25T07:38:13.731334+00:00] [INFO]   wrote session briefing (15 capability groups, 0 broken integrations)
[2026-04-25T07:38:13.731603+00:00] [INFO]   cycle 519 done in 0.9s, 0 actions
[2026-04-25T07:38:13.731685+00:00] [INFO]   sleeping 900s until next cycle
[2026-04-25T07:53:13.876068+00:00] [INFO] === cycle 520 ===
[2026-04-25T07:53:14.674158+00:00] [INFO] === roadmap-driver cycle ===
[2026-04-25T07:53:14.696562+00:00] [INFO] budget check: budget block at 17.5%
[2026-04-25T07:53:14.710915+00:00] [INFO]   roadmap_edge_track_record_in_briefing: in cooldown (attempted within last 12h)
[2026-04-25T07:53:14.711024+00:00] [INFO] nothing to push — all roadmap items either complete or in cooldown
[2026-04-25T07:53:14.712803+00:00] [INFO]   wrote session briefing (15 capability groups, 0 broken integrations)
[2026-04-25T07:53:14.713104+00:00] [INFO]   cycle 520 done in 0.8s, 0 actions
[2026-04-25T07:53:14.713184+00:00] [INFO]   sleeping 900s until next cycle
[2026-04-25T08:08:14.870041+00:00] [INFO] === cycle 521 ===
[2026-04-25T08:08:15.760388+00:00] [INFO] === roadmap-driver cycle ===
[2026-04-25T08:08:15.782148+00:00] [INFO] budget check: budget block at 17.5%
[2026-04-25T08:08:15.796887+00:00] [INFO]   roadmap_edge_track_record_in_briefing: in cooldown (attempted within last 12h)
[2026-04-25T08:08:15.796994+00:00] [INFO] nothing to push — all roadmap items either complete or in cooldown
[2026-04-25T08:08:15.798757+00:00] [INFO]   wrote session briefing (15 capability groups, 0 broken integrations)
[2026-04-25T08:08:15.799014+00:00] [INFO]   cycle 521 done in 0.9s, 0 actions
[2026-04-25T08:08:15.799091+00:00] [INFO]   sleeping 900s until next cycle
[2026-04-25T08:23:15.954816+00:00] [INFO] === cycle 522 ===
[2026-04-25T08:23:16.609082+00:00] [INFO] === roadmap-driver cycle ===
[2026-04-25T08:23:16.631502+00:00] [INFO] budget check: budget block at 17.5%
[2026-04-25T08:23:16.646194+00:00] [INFO]   roadmap_edge_track_record_in_briefing: in cooldown (attempted within last 12h)
[2026-04-25T08:23:16.646298+00:00] [INFO] nothing to push — all roadmap items either complete or in cooldown
[2026-04-25T08:23:16.648046+00:00] [INFO]   wrote session briefing (15 capability groups, 0 broken integrations)
[2026-04-25T08:23:16.648324+00:00] [INFO]   cycle 522 done in 0.7s, 0 actions
[2026-04-25T08:23:16.648407+00:00] [INFO]   sleeping 900s until next cycle
[2026-04-25T08:38:16.804929+00:00] [INFO] === cycle 523 ===
[2026-04-25T08:38:17.548905+00:00] [INFO] === roadmap-driver cycle ===
[2026-04-25T08:38:17.570958+00:00] [INFO] budget check: budget block at 20.5%
[2026-04-25T08:38:17.585894+00:00] [INFO]   roadmap_edge_track_record_in_briefing: in cooldown (attempted within last 12h)
[2026-04-25T08:38:17.585999+00:00] [INFO] nothing to push — all roadmap items either complete or in cooldown
[2026-04-25T08:38:17.587664+00:00] [INFO]   wrote session briefing (15 capability groups, 0 broken integrations)
[2026-04-25T08:38:17.587959+00:00] [INFO]   cycle 523 done in 0.8s, 0 actions
[2026-04-25T08:38:17.588037+00:00] [INFO]   sleeping 900s until next cycle
[2026-04-25T08:53:17.745515+00:00] [INFO] === cycle 524 ===
[2026-04-25T08:53:18.567378+00:00] [INFO] === roadmap-driver cycle ===
[2026-04-25T08:53:18.589420+00:00] [INFO] budget check: budget block at 20.5%
[2026-04-25T08:53:18.604062+00:00] [INFO]   roadmap_edge_track_record_in_briefing: in cooldown (attempted within last 12h)
[2026-04-25T08:53:18.604169+00:00] [INFO] nothing to push — all roadmap items either complete or in cooldown
[2026-04-25T08:53:18.605635+00:00] [INFO]   wrote session briefing (15 capability groups, 0 broken integrations)
[2026-04-25T08:53:18.605925+00:00] [INFO]   cycle 524 done in 0.9s, 0 actions
[2026-04-25T08:53:18.606001+00:00] [INFO]   sleeping 900s until next cycle
[2026-04-25T09:08:18.763256+00:00] [INFO] === cycle 525 ===
[2026-04-25T09:08:19.553248+00:00] [INFO] === roadmap-driver cycle ===
[2026-04-25T09:08:19.575338+00:00] [INFO] budget check: budget block at 20.5%
[2026-04-25T09:08:19.588536+00:00] [INFO]   roadmap_edge_track_record_in_briefing: in cooldown (attempted within last 12h)
[2026-04-25T09:08:19.588646+00:00] [INFO] nothing to push — all roadmap items either complete or in cooldown
[2026-04-25T09:08:19.590063+00:00] [INFO]   wrote session briefing (15 capability groups, 0 broken integrations)
[2026-04-25T09:08:19.590348+00:00] [INFO]   cycle 525 done in 0.8s, 0 actions
[2026-04-25T09:08:19.590431+00:00] [INFO]   sleeping 900s until next cycle
[2026-04-25T09:23:19.747632+00:00] [INFO] === cycle 526 ===
[2026-04-25T09:23:20.711574+00:00] [INFO] === roadmap-driver cycle ===
[2026-04-25T09:23:20.733848+00:00] [INFO] budget check: budget block at 20.5%
[2026-04-25T09:23:20.747825+00:00] [INFO]   roadmap_edge_track_record_in_briefing: in cooldown (attempted within last 12h)
[2026-04-25T09:23:20.747931+00:00] [INFO] nothing to push — all roadmap items either complete or in cooldown
[2026-04-25T09:23:20.749557+00:00] [INFO]   wrote session briefing (15 capability groups, 0 broken integrations)
[2026-04-25T09:23:20.749853+00:00] [INFO]   cycle 526 done in 1.0s, 0 actions
[2026-04-25T09:23:20.749935+00:00] [INFO]   sleeping 900s until next cycle
[2026-04-25T09:38:20.905808+00:00] [INFO] === cycle 527 ===
[2026-04-25T09:38:21.766274+00:00] [INFO] === roadmap-driver cycle ===
[2026-04-25T09:38:21.788510+00:00] [INFO] budget check: budget block at 11.0%
[2026-04-25T09:38:21.802972+00:00] [INFO]   roadmap_edge_track_record_in_briefing: in cooldown (attempted within last 12h)
[2026-04-25T09:38:21.803067+00:00] [INFO] nothing to push — all roadmap items either complete or in cooldown
[2026-04-25T09:38:21.804714+00:00] [INFO]   wrote session briefing (15 capability groups, 0 broken integrations)
[2026-04-25T09:38:21.805024+00:00] [INFO]   cycle 527 done in 0.9s, 0 actions
[2026-04-25T09:38:21.805101+00:00] [INFO]   sleeping 900s until next cycle
[2026-04-25T09:53:21.953435+00:00] [INFO] === cycle 528 ===
[2026-04-25T09:53:22.924474+00:00] [INFO] === roadmap-driver cycle ===
[2026-04-25T09:53:22.947924+00:00] [INFO] budget check: budget block at 11.0%
[2026-04-25T09:53:22.962515+00:00] [INFO]   roadmap_edge_track_record_in_briefing: in cooldown (attempted within last 12h)
[2026-04-25T09:53:22.962616+00:00] [INFO] nothing to push — all roadmap items either complete or in cooldown
[2026-04-25T09:53:22.964241+00:00] [INFO]   wrote session briefing (15 capability groups, 0 broken integrations)
[2026-04-25T09:53:22.964526+00:00] [INFO]   cycle 528 done in 1.0s, 0 actions
[2026-04-25T09:53:22.964601+00:00] [INFO]   sleeping 900s until next cycle
[2026-04-25T10:08:22.985363+00:00] [INFO] === cycle 529 ===
[2026-04-25T10:08:23.983004+00:00] [INFO] === roadmap-driver cycle ===
[2026-04-25T10:08:24.005033+00:00] [INFO] budget check: budget block at 11.0%
[2026-04-25T10:08:24.021679+00:00] [INFO]   roadmap_edge_track_record_in_briefing: in cooldown (attempted within last 12h)
[2026-04-25T10:08:24.021784+00:00] [INFO] nothing to push — all roadmap items either complete or in cooldown
[2026-04-25T10:08:24.023547+00:00] [INFO]   wrote session briefing (15 capability groups, 0 broken integrations)
[2026-04-25T10:08:24.023803+00:00] [INFO]   cycle 529 done in 1.0s, 0 actions
[2026-04-25T10:08:24.023887+00:00] [INFO]   sleeping 900s until next cycle
[2026-04-25T10:23:24.180512+00:00] [INFO] === cycle 530 ===
[2026-04-25T10:23:25.089348+00:00] [INFO] === roadmap-driver cycle ===
[2026-04-25T10:23:25.111492+00:00] [INFO] budget check: budget block at 11.0%
[2026-04-25T10:23:25.126389+00:00] [INFO]   roadmap_edge_track_record_in_briefing: in cooldown (attempted within last 12h)
[2026-04-25T10:23:25.126485+00:00] [INFO] nothing to push — all roadmap items either complete or in cooldown
[2026-04-25T10:23:25.128446+00:00] [INFO]   wrote session briefing (15 capability groups, 0 broken integrations)
[2026-04-25T10:23:25.128733+00:00] [INFO]   cycle 530 done in 0.9s, 0 actions
[2026-04-25T10:23:25.128811+00:00] [INFO]   sleeping 900s until next cycle
[2026-04-25T10:38:25.285844+00:00] [INFO] === cycle 531 ===
[2026-04-25T10:38:26.297119+00:00] [INFO] === roadmap-driver cycle ===
[2026-04-25T10:38:26.319524+00:00] [INFO] budget check: budget block at 14.0%
[2026-04-25T10:38:26.334968+00:00] [INFO]   roadmap_edge_track_record_in_briefing: in cooldown (attempted within last 12h)
[2026-04-25T10:38:26.335076+00:00] [INFO] nothing to push — all roadmap items either complete or in cooldown
[2026-04-25T10:38:26.336950+00:00] [INFO]   wrote session briefing (15 capability groups, 0 broken integrations)
[2026-04-25T10:38:26.337237+00:00] [INFO]   cycle 531 done in 1.1s, 0 actions
[2026-04-25T10:38:26.337317+00:00] [INFO]   sleeping 900s until next cycle
[2026-04-25T10:53:26.494677+00:00] [INFO] === cycle 532 ===
[2026-04-25T10:53:26.499030+00:00] [INFO]   refreshing capability manifest
[2026-04-25T10:53:28.806742+00:00] [INFO] === roadmap-driver cycle ===
[2026-04-25T10:53:28.828408+00:00] [INFO] budget check: budget block at 14.0%
[2026-04-25T10:53:28.846350+00:00] [INFO]   roadmap_edge_track_record_in_briefing: in cooldown (attempted within last 12h)
[2026-04-25T10:53:28.846453+00:00] [INFO] nothing to push — all roadmap items either complete or in cooldown
[2026-04-25T10:53:28.848012+00:00] [INFO]   wrote session briefing (15 capability groups, 0 broken integrations)
[2026-04-25T10:53:28.848166+00:00] [INFO]   cycle 532 done in 2.4s, 0 actions
[2026-04-25T10:53:28.848238+00:00] [INFO]   sleeping 900s until next cycle
[2026-04-25T11:08:29.005124+00:00] [INFO] === cycle 533 ===
[2026-04-25T11:08:29.889125+00:00] [INFO] === roadmap-driver cycle ===
[2026-04-25T11:08:29.911106+00:00] [INFO] budget check: budget block at 14.0%
[2026-04-25T11:08:29.924940+00:00] [INFO]   roadmap_edge_track_record_in_briefing: in cooldown (attempted within last 12h)
[2026-04-25T11:08:29.925050+00:00] [INFO] nothing to push — all roadmap items either complete or in cooldown
[2026-04-25T11:08:29.926618+00:00] [INFO]   wrote session briefing (15 capability groups, 0 broken integrations)
[2026-04-25T11:08:29.926917+00:00] [INFO]   cycle 533 done in 0.9s, 0 actions
[2026-04-25T11:08:29.926998+00:00] [INFO]   sleeping 900s until next cycle
[2026-04-25T11:23:30.083690+00:00] [INFO] === cycle 534 ===
[2026-04-25T11:23:30.993264+00:00] [INFO] === roadmap-driver cycle ===
[2026-04-25T11:23:31.017275+00:00] [INFO] budget check: budget block at 14.0%
[2026-04-25T11:23:31.032049+00:00] [INFO]   roadmap_edge_track_record_in_briefing: in cooldown (attempted within last 12h)
[2026-04-25T11:23:31.032158+00:00] [INFO] nothing to push — all roadmap items either complete or in cooldown
[2026-04-25T11:23:31.033853+00:00] [INFO]   wrote session briefing (15 capability groups, 0 broken integrations)
[2026-04-25T11:23:31.034117+00:00] [INFO]   cycle 534 done in 1.0s, 0 actions
[2026-04-25T11:23:31.034187+00:00] [INFO]   sleeping 900s until next cycle
[2026-04-25T11:38:31.191272+00:00] [INFO] === cycle 535 ===
[2026-04-25T11:38:32.085588+00:00] [INFO] === roadmap-driver cycle ===
[2026-04-25T11:38:32.108405+00:00] [INFO] budget check: budget block at 6.0%
[2026-04-25T11:38:32.122643+00:00] [INFO]   roadmap_edge_track_record_in_briefing: in cooldown (attempted within last 12h)
[2026-04-25T11:38:32.122745+00:00] [INFO] nothing to push — all roadmap items either complete or in cooldown
[2026-04-25T11:38:32.124357+00:00] [INFO]   wrote session briefing (15 capability groups, 0 broken integrations)
[2026-04-25T11:38:32.124612+00:00] [INFO]   cycle 535 done in 0.9s, 0 actions
[2026-04-25T11:38:32.124685+00:00] [INFO]   sleeping 900s until next cycle
[2026-04-25T11:53:32.281467+00:00] [INFO] === cycle 536 ===
[2026-04-25T11:53:33.214186+00:00] [INFO] === roadmap-driver cycle ===
[2026-04-25T11:53:33.236141+00:00] [INFO] budget check: budget block at 6.0%
[2026-04-25T11:53:33.250440+00:00] [INFO]   roadmap_edge_track_record_in_briefing: in cooldown (attempted within last 12h)
[2026-04-25T11:53:33.250558+00:00] [INFO] nothing to push — all roadmap items either complete or in cooldown
[2026-04-25T11:53:33.252453+00:00] [INFO]   wrote session briefing (15 capability groups, 0 broken integrations)
[2026-04-25T11:53:33.252721+00:00] [INFO]   cycle 536 done in 1.0s, 0 actions
[2026-04-25T11:53:33.252800+00:00] [INFO]   sleeping 900s until next cycle
[2026-04-25T12:08:33.408824+00:00] [INFO] === cycle 537 ===
[2026-04-25T12:08:34.300323+00:00] [INFO] === roadmap-driver cycle ===
[2026-04-25T12:08:34.322616+00:00] [INFO] budget check: budget block at 6.0%
[2026-04-25T12:08:34.337620+00:00] [INFO]   roadmap_edge_track_record_in_briefing: in cooldown (attempted within last 12h)
[2026-04-25T12:08:34.337726+00:00] [INFO] nothing to push — all roadmap items either complete or in cooldown
[2026-04-25T12:08:34.339517+00:00] [INFO]   wrote session briefing (15 capability groups, 0 broken integrations)
[2026-04-25T12:08:34.339771+00:00] [INFO]   cycle 537 done in 0.9s, 0 actions
[2026-04-25T12:08:34.339846+00:00] [INFO]   sleeping 900s until next cycle
[2026-04-25T12:23:34.496412+00:00] [INFO] === cycle 538 ===
[2026-04-25T12:23:35.417155+00:00] [INFO] === roadmap-driver cycle ===
[2026-04-25T12:23:35.439217+00:00] [INFO] budget check: budget block at 6.0%
[2026-04-25T12:23:35.453299+00:00] [INFO]   roadmap_edge_track_record_in_briefing: in cooldown (attempted within last 12h)
[2026-04-25T12:23:35.453397+00:00] [INFO] nothing to push — all roadmap items either complete or in cooldown
[2026-04-25T12:23:35.455422+00:00] [INFO]   wrote session briefing (15 capability groups, 0 broken integrations)
[2026-04-25T12:23:35.456091+00:00] [INFO]   cycle 538 done in 1.0s, 0 actions
[2026-04-25T12:23:35.456165+00:00] [INFO]   sleeping 900s until next cycle
[2026-04-25T12:38:35.612528+00:00] [INFO] === cycle 539 ===
[2026-04-25T12:38:36.554970+00:00] [INFO] === roadmap-driver cycle ===
[2026-04-25T12:38:36.576867+00:00] [INFO] budget check: budget block at 9.0%
[2026-04-25T12:38:36.591929+00:00] [INFO]   roadmap_edge_track_record_in_briefing: in cooldown (attempted within last 12h)
[2026-04-25T12:38:36.592035+00:00] [INFO] nothing to push — all roadmap items either complete or in cooldown
[2026-04-25T12:38:36.594287+00:00] [INFO]   wrote session briefing (15 capability groups, 0 broken integrations)
[2026-04-25T12:38:36.594545+00:00] [INFO]   cycle 539 done in 1.0s, 0 actions
[2026-04-25T12:38:36.594618+00:00] [INFO]   sleeping 900s until next cycle
[2026-04-25T12:53:36.751164+00:00] [INFO] === cycle 540 ===
[2026-04-25T12:53:37.671034+00:00] [INFO] === roadmap-driver cycle ===
[2026-04-25T12:53:37.695094+00:00] [INFO] budget check: budget block at 9.0%
[2026-04-25T12:53:37.709038+00:00] [INFO]   roadmap_edge_track_record_in_briefing: in cooldown (attempted within last 12h)
[2026-04-25T12:53:37.709145+00:00] [INFO] nothing to push — all roadmap items either complete or in cooldown
[2026-04-25T12:53:37.710889+00:00] [INFO]   wrote session briefing (15 capability groups, 0 broken integrations)
[2026-04-25T12:53:37.711207+00:00] [INFO]   cycle 540 done in 1.0s, 0 actions
[2026-04-25T12:53:37.711283+00:00] [INFO]   sleeping 900s until next cycle
[2026-04-25T13:08:37.865881+00:00] [INFO] === cycle 541 ===
[2026-04-25T13:08:38.774528+00:00] [INFO] === roadmap-driver cycle ===
[2026-04-25T13:08:38.797810+00:00] [INFO] budget check: budget block at 9.0%
[2026-04-25T13:08:38.815485+00:00] [INFO]   roadmap_edge_track_record_in_briefing: in cooldown (attempted within last 12h)
[2026-04-25T13:08:38.815600+00:00] [INFO] nothing to push — all roadmap items either complete or in cooldown
[2026-04-25T13:08:38.817594+00:00] [INFO]   wrote session briefing (15 capability groups, 0 broken integrations)
[2026-04-25T13:08:38.817889+00:00] [INFO]   cycle 541 done in 1.0s, 0 actions
[2026-04-25T13:08:38.818005+00:00] [INFO]   sleeping 900s until next cycle
[2026-04-25T13:23:38.866275+00:00] [INFO] === cycle 542 ===
[2026-04-25T13:23:39.866496+00:00] [INFO] === roadmap-driver cycle ===
[2026-04-25T13:23:39.889565+00:00] [INFO] budget check: budget block at 9.0%
[2026-04-25T13:23:39.907466+00:00] [INFO]   roadmap_edge_track_record_in_briefing: in cooldown (attempted within last 12h)
[2026-04-25T13:23:39.907602+00:00] [INFO] nothing to push — all roadmap items either complete or in cooldown
[2026-04-25T13:23:39.909605+00:00] [INFO]   wrote session briefing (15 capability groups, 0 broken integrations)
[2026-04-25T13:23:39.909904+00:00] [INFO]   cycle 542 done in 1.0s, 0 actions
[2026-04-25T13:23:39.910020+00:00] [INFO]   sleeping 900s until next cycle
[2026-04-25T13:38:39.988465+00:00] [INFO] === cycle 543 ===
[2026-04-25T13:38:41.014405+00:00] [INFO] === roadmap-driver cycle ===
[2026-04-25T13:38:41.040521+00:00] [INFO] budget check: budget block at 6.0%
[2026-04-25T13:38:41.056713+00:00] [INFO]   roadmap_edge_track_record_in_briefing: in cooldown (attempted within last 12h)
[2026-04-25T13:38:41.056824+00:00] [INFO] nothing to push — all roadmap items either complete or in cooldown
[2026-04-25T13:38:41.059000+00:00] [INFO]   wrote session briefing (15 capability groups, 0 broken integrations)
[2026-04-25T13:38:41.059270+00:00] [INFO]   cycle 543 done in 1.1s, 0 actions
[2026-04-25T13:38:41.059347+00:00] [INFO]   sleeping 900s until next cycle
[2026-04-25T13:53:41.137266+00:00] [INFO] === cycle 544 ===
[2026-04-25T13:53:42.092015+00:00] [INFO] === roadmap-driver cycle ===
[2026-04-25T13:53:42.113985+00:00] [INFO] budget check: budget block at 6.0%
[2026-04-25T13:53:42.128539+00:00] [INFO]   roadmap_edge_track_record_in_briefing: in cooldown (attempted within last 12h)
[2026-04-25T13:53:42.128650+00:00] [INFO] nothing to push — all roadmap items either complete or in cooldown
[2026-04-25T13:53:42.130377+00:00] [INFO]   wrote session briefing (15 capability groups, 0 broken integrations)
[2026-04-25T13:53:42.130625+00:00] [INFO]   cycle 544 done in 1.0s, 0 actions
[2026-04-25T13:53:42.130703+00:00] [INFO]   sleeping 900s until next cycle
[2026-04-25T14:08:42.211248+00:00] [INFO] === cycle 545 ===
[2026-04-25T14:08:42.938543+00:00] [INFO] === roadmap-driver cycle ===
[2026-04-25T14:08:42.960678+00:00] [INFO] budget check: budget block at 6.0%
[2026-04-25T14:08:42.976216+00:00] [INFO]   roadmap_edge_track_record_in_briefing: in cooldown (attempted within last 12h)
[2026-04-25T14:08:42.976324+00:00] [INFO] nothing to push — all roadmap items either complete or in cooldown
[2026-04-25T14:08:42.978166+00:00] [INFO]   wrote session briefing (15 capability groups, 0 broken integrations)
[2026-04-25T14:08:42.978480+00:00] [INFO]   cycle 545 done in 0.8s, 0 actions
[2026-04-25T14:08:42.978556+00:00] [INFO]   sleeping 900s until next cycle
[2026-04-25T14:23:43.064600+00:00] [INFO] === cycle 546 ===
[2026-04-25T14:23:44.062506+00:00] [INFO] === roadmap-driver cycle ===
[2026-04-25T14:23:44.085963+00:00] [INFO] budget check: budget block at 6.0%
[2026-04-25T14:23:44.101520+00:00] [INFO]   roadmap_edge_track_record_in_briefing: in cooldown (attempted within last 12h)
[2026-04-25T14:23:44.101640+00:00] [INFO] nothing to push — all roadmap items either complete or in cooldown
[2026-04-25T14:23:44.103740+00:00] [INFO]   wrote session briefing (15 capability groups, 0 broken integrations)
[2026-04-25T14:23:44.104030+00:00] [INFO]   cycle 546 done in 1.0s, 0 actions
[2026-04-25T14:23:44.104106+00:00] [INFO]   sleeping 900s until next cycle
[2026-04-25T14:38:44.152003+00:00] [INFO] === cycle 547 ===
[2026-04-25T14:38:45.174986+00:00] [INFO] === roadmap-driver cycle ===
[2026-04-25T14:38:45.197939+00:00] [INFO] budget check: budget block at 33.0%
[2026-04-25T14:38:45.213241+00:00] [INFO]   roadmap_edge_track_record_in_briefing: in cooldown (attempted within last 12h)
[2026-04-25T14:38:45.213354+00:00] [INFO] nothing to push — all roadmap items either complete or in cooldown
[2026-04-25T14:38:45.215183+00:00] [INFO]   wrote session briefing (15 capability groups, 0 broken integrations)
[2026-04-25T14:38:45.215430+00:00] [INFO]   cycle 547 done in 1.1s, 0 actions
[2026-04-25T14:38:45.215506+00:00] [INFO]   sleeping 900s until next cycle
[2026-04-25T14:53:45.373725+00:00] [INFO] === cycle 548 ===
[2026-04-25T14:53:45.377503+00:00] [INFO]   refreshing capability manifest
[2026-04-25T14:53:47.805104+00:00] [INFO]   DETECT spark idle (8.9%)
[2026-04-25T14:53:47.811533+00:00] [INFO]   QUEUED fix_spark_idle → cowork [orch:fix_spark_idle:71c613]
[2026-04-25T14:53:47.812074+00:00] [INFO]   DIRECTED: queued=1, consulted=0, skipped=0
[2026-04-25T14:53:47.812823+00:00] [INFO] === roadmap-driver cycle ===
[2026-04-25T14:53:47.833941+00:00] [INFO] budget check: budget block at 41.0%
[2026-04-25T14:53:47.847318+00:00] [INFO]   roadmap_edge_track_record_in_briefing: in cooldown (attempted within last 12h)
[2026-04-25T14:53:47.847423+00:00] [INFO] nothing to push — all roadmap items either complete or in cooldown
[2026-04-25T14:53:47.849086+00:00] [INFO]   wrote session briefing (15 capability groups, 0 broken integrations)
[2026-04-25T14:53:47.849384+00:00] [INFO]   cycle 548 done in 2.5s, 1 actions
[2026-04-25T14:53:47.849461+00:00] [INFO]   sleeping 120s until next cycle
[2026-04-25T14:55:48.000608+00:00] [INFO] === cycle 549 ===
[2026-04-25T14:55:48.749584+00:00] [INFO] === roadmap-driver cycle ===
[2026-04-25T14:55:48.771812+00:00] [INFO] budget check: budget block at 41.0%
[2026-04-25T14:55:48.786594+00:00] [INFO]   roadmap_edge_track_record_in_briefing: in cooldown (attempted within last 12h)
[2026-04-25T14:55:48.786701+00:00] [INFO] nothing to push — all roadmap items either complete or in cooldown
[2026-04-25T14:55:48.788128+00:00] [INFO]   wrote session briefing (15 capability groups, 0 broken integrations)
[2026-04-25T14:55:48.788457+00:00] [INFO]   cycle 549 done in 0.8s, 0 actions
[2026-04-25T14:55:48.788535+00:00] [INFO]   sleeping 900s until next cycle
[2026-04-25T15:10:48.946141+00:00] [INFO] === cycle 550 ===
[2026-04-25T15:10:49.546047+00:00] [INFO] === roadmap-driver cycle ===
[2026-04-25T15:10:49.567087+00:00] [INFO] budget check: budget block at 41.0%
[2026-04-25T15:10:49.581698+00:00] [INFO]   roadmap_edge_track_record_in_briefing: in cooldown (attempted within last 12h)
[2026-04-25T15:10:49.581810+00:00] [INFO] nothing to push — all roadmap items either complete or in cooldown
[2026-04-25T15:10:49.583499+00:00] [INFO]   wrote session briefing (15 capability groups, 0 broken integrations)
[2026-04-25T15:10:49.583797+00:00] [INFO]   cycle 550 done in 0.6s, 0 actions
[2026-04-25T15:10:49.583881+00:00] [INFO]   sleeping 900s until next cycle
[2026-04-25T15:25:49.741483+00:00] [INFO] === cycle 551 ===
[2026-04-25T15:25:50.628728+00:00] [INFO] === roadmap-driver cycle ===
[2026-04-25T15:25:50.650090+00:00] [INFO] budget check: budget block at 41.0%
[2026-04-25T15:25:50.664555+00:00] [INFO]   roadmap_edge_track_record_in_briefing: in cooldown (attempted within last 12h)
[2026-04-25T15:25:50.664661+00:00] [INFO] nothing to push — all roadmap items either complete or in cooldown
[2026-04-25T15:25:50.666421+00:00] [INFO]   wrote session briefing (15 capability groups, 0 broken integrations)
[2026-04-25T15:25:50.666671+00:00] [INFO]   cycle 551 done in 0.9s, 0 actions
[2026-04-25T15:25:50.666752+00:00] [INFO]   sleeping 900s until next cycle
[2026-04-25T15:40:50.824299+00:00] [INFO] === cycle 552 ===
[2026-04-25T15:40:51.731447+00:00] [INFO] === roadmap-driver cycle ===
[2026-04-25T15:40:51.752503+00:00] [INFO] budget check: budget block at 38.0%
[2026-04-25T15:40:51.767374+00:00] [INFO]   roadmap_edge_track_record_in_briefing: in cooldown (attempted within last 12h)
[2026-04-25T15:40:51.767478+00:00] [INFO] nothing to push — all roadmap items either complete or in cooldown
[2026-04-25T15:40:51.769676+00:00] [INFO]   wrote session briefing (15 capability groups, 0 broken integrations)
[2026-04-25T15:40:51.769926+00:00] [INFO]   cycle 552 done in 0.9s, 0 actions
[2026-04-25T15:40:51.770000+00:00] [INFO]   sleeping 900s until next cycle
[2026-04-25T15:55:51.926919+00:00] [INFO] === cycle 553 ===
[2026-04-25T15:55:52.832020+00:00] [INFO] === roadmap-driver cycle ===
[2026-04-25T15:55:52.854023+00:00] [INFO] budget check: budget block at 38.0%
[2026-04-25T15:55:52.868679+00:00] [INFO]   roadmap_edge_track_record_in_briefing: in cooldown (attempted within last 12h)
[2026-04-25T15:55:52.868783+00:00] [INFO] nothing to push — all roadmap items either complete or in cooldown
[2026-04-25T15:55:52.870657+00:00] [INFO]   wrote session briefing (15 capability groups, 0 broken integrations)
[2026-04-25T15:55:52.870905+00:00] [INFO]   cycle 553 done in 0.9s, 0 actions
[2026-04-25T15:55:52.870976+00:00] [INFO]   sleeping 900s until next cycle
[2026-04-25T16:10:53.028495+00:00] [INFO] === cycle 554 ===
[2026-04-25T16:10:53.941187+00:00] [INFO] === roadmap-driver cycle ===
[2026-04-25T16:10:53.964258+00:00] [INFO] budget check: budget block at 38.0%
[2026-04-25T16:10:53.978871+00:00] [INFO]   roadmap_edge_track_record_in_briefing: in cooldown (attempted within last 12h)
[2026-04-25T16:10:53.978971+00:00] [INFO] nothing to push — all roadmap items either complete or in cooldown
[2026-04-25T16:10:53.980798+00:00] [INFO]   wrote session briefing (15 capability groups, 0 broken integrations)
[2026-04-25T16:10:53.981047+00:00] [INFO]   cycle 554 done in 1.0s, 0 actions
[2026-04-25T16:10:53.981117+00:00] [INFO]   sleeping 900s until next cycle
[2026-04-25T16:25:54.138544+00:00] [INFO] === cycle 555 ===
[2026-04-25T16:25:55.064347+00:00] [INFO] === roadmap-driver cycle ===
[2026-04-25T16:25:55.086942+00:00] [INFO] budget check: budget block at 38.0%
[2026-04-25T16:25:55.101297+00:00] [INFO]   roadmap_edge_track_record_in_briefing: in cooldown (attempted within last 12h)
[2026-04-25T16:25:55.101398+00:00] [INFO] nothing to push — all roadmap items either complete or in cooldown
[2026-04-25T16:25:55.103315+00:00] [INFO]   wrote session briefing (15 capability groups, 0 broken integrations)
[2026-04-25T16:25:55.103590+00:00] [INFO]   cycle 555 done in 1.0s, 0 actions
[2026-04-25T16:25:55.103669+00:00] [INFO]   sleeping 900s until next cycle
[2026-04-25T16:40:55.187793+00:00] [INFO] === cycle 556 ===
[2026-04-25T16:40:56.079527+00:00] [INFO] === roadmap-driver cycle ===
[2026-04-25T16:40:56.100406+00:00] [INFO] budget check: budget block at 38.0%
[2026-04-25T16:40:56.114894+00:00] [INFO]   roadmap_edge_track_record_in_briefing: in cooldown (attempted within last 12h)
[2026-04-25T16:40:56.114989+00:00] [INFO] nothing to push — all roadmap items either complete or in cooldown
[2026-04-25T16:40:56.116655+00:00] [INFO]   wrote session briefing (15 capability groups, 0 broken integrations)
[2026-04-25T16:40:56.116934+00:00] [INFO]   cycle 556 done in 0.9s, 0 actions
[2026-04-25T16:40:56.117014+00:00] [INFO]   sleeping 900s until next cycle
[2026-04-25T16:55:56.153543+00:00] [INFO] === cycle 557 ===
[2026-04-25T16:55:56.900903+00:00] [INFO]   LEARNED from 1 completed tasks (tracking 5 action types)
[2026-04-25T16:55:56.901580+00:00] [INFO] === roadmap-driver cycle ===
[2026-04-25T16:55:56.923019+00:00] [INFO] budget check: budget block at 47.0%
[2026-04-25T16:55:56.936741+00:00] [INFO]   roadmap_edge_track_record_in_briefing: in cooldown (attempted within last 12h)
[2026-04-25T16:55:56.936870+00:00] [INFO] nothing to push — all roadmap items either complete or in cooldown
[2026-04-25T16:55:56.938386+00:00] [INFO]   wrote session briefing (15 capability groups, 0 broken integrations)
[2026-04-25T16:55:56.938670+00:00] [INFO]   cycle 557 done in 0.8s, 0 actions
[2026-04-25T16:55:56.938754+00:00] [INFO]   sleeping 900s until next cycle
[2026-04-25T17:10:57.096077+00:00] [INFO] === cycle 558 ===
[2026-04-25T17:10:58.005561+00:00] [INFO] === roadmap-driver cycle ===
[2026-04-25T17:10:58.027954+00:00] [INFO] budget check: budget block at 47.0%
[2026-04-25T17:10:58.043006+00:00] [INFO]   roadmap_edge_track_record_in_briefing: in cooldown (attempted within last 12h)
[2026-04-25T17:10:58.043119+00:00] [INFO] nothing to push — all roadmap items either complete or in cooldown
[2026-04-25T17:10:58.046095+00:00] [INFO]   wrote session briefing (15 capability groups, 0 broken integrations)
[2026-04-25T17:10:58.046229+00:00] [INFO]   cycle 558 done in 1.0s, 0 actions
[2026-04-25T17:10:58.046302+00:00] [INFO]   sleeping 900s until next cycle
[2026-04-25T17:25:58.203532+00:00] [INFO] === cycle 559 ===
[2026-04-25T17:25:59.086644+00:00] [INFO] === roadmap-driver cycle ===
[2026-04-25T17:25:59.107845+00:00] [INFO] budget check: budget block at 47.0%
[2026-04-25T17:25:59.124101+00:00] [INFO]   roadmap_edge_track_record_in_briefing: in cooldown (attempted within last 12h)
[2026-04-25T17:25:59.124240+00:00] [INFO] nothing to push — all roadmap items either complete or in cooldown
[2026-04-25T17:25:59.126364+00:00] [INFO]   wrote session briefing (15 capability groups, 0 broken integrations)
[2026-04-25T17:25:59.126534+00:00] [INFO]   cycle 559 done in 0.9s, 0 actions
[2026-04-25T17:25:59.126632+00:00] [INFO]   sleeping 900s until next cycle
[2026-04-25T17:40:59.283094+00:00] [INFO] === cycle 560 ===
[2026-04-25T17:41:00.197432+00:00] [INFO] === roadmap-driver cycle ===
[2026-04-25T17:41:00.221306+00:00] [INFO] budget check: budget block at 44.0%
[2026-04-25T17:41:00.236079+00:00] [INFO]   roadmap_edge_track_record_in_briefing: in cooldown (attempted within last 12h)
[2026-04-25T17:41:00.236187+00:00] [INFO] nothing to push — all roadmap items either complete or in cooldown
[2026-04-25T17:41:00.237954+00:00] [INFO]   wrote session briefing (15 capability groups, 0 broken integrations)
[2026-04-25T17:41:00.238235+00:00] [INFO]   cycle 560 done in 1.0s, 0 actions
[2026-04-25T17:41:00.238312+00:00] [INFO]   sleeping 900s until next cycle
[2026-04-25T17:56:00.265015+00:00] [INFO] === cycle 561 ===
[2026-04-25T17:56:01.157516+00:00] [INFO] === roadmap-driver cycle ===
[2026-04-25T17:56:01.180576+00:00] [INFO] budget check: budget block at 44.0%
[2026-04-25T17:56:01.195658+00:00] [INFO]   roadmap_edge_track_record_in_briefing: in cooldown (attempted within last 12h)
[2026-04-25T17:56:01.195765+00:00] [INFO] nothing to push — all roadmap items either complete or in cooldown
[2026-04-25T17:56:01.197518+00:00] [INFO]   wrote session briefing (15 capability groups, 0 broken integrations)
[2026-04-25T17:56:01.197643+00:00] [INFO]   cycle 561 done in 0.9s, 0 actions
[2026-04-25T17:56:01.197726+00:00] [INFO]   sleeping 900s until next cycle
[2026-04-25T18:11:01.235970+00:00] [INFO] === cycle 562 ===
[2026-04-25T18:11:02.167374+00:00] [INFO] === roadmap-driver cycle ===
[2026-04-25T18:11:02.191299+00:00] [INFO] budget check: budget block at 44.0%
[2026-04-25T18:11:02.206325+00:00] [INFO]   roadmap_edge_track_record_in_briefing: in cooldown (attempted within last 12h)
[2026-04-25T18:11:02.206426+00:00] [INFO] nothing to push — all roadmap items either complete or in cooldown
[2026-04-25T18:11:02.208592+00:00] [INFO]   wrote session briefing (15 capability groups, 0 broken integrations)
[2026-04-25T18:11:02.208856+00:00] [INFO]   cycle 562 done in 1.0s, 0 actions
[2026-04-25T18:11:02.208941+00:00] [INFO]   sleeping 900s until next cycle
[2026-04-25T18:26:02.228337+00:00] [INFO] === cycle 563 ===
[2026-04-25T18:26:03.125361+00:00] [INFO] === roadmap-driver cycle ===
[2026-04-25T18:26:03.147330+00:00] [INFO] budget check: budget block at 44.0%
[2026-04-25T18:26:03.162123+00:00] [INFO]   roadmap_edge_track_record_in_briefing: in cooldown (attempted within last 12h)
[2026-04-25T18:26:03.162232+00:00] [INFO] nothing to push — all roadmap items either complete or in cooldown
[2026-04-25T18:26:03.164194+00:00] [INFO]   wrote session briefing (15 capability groups, 0 broken integrations)
[2026-04-25T18:26:03.164316+00:00] [INFO]   cycle 563 done in 0.9s, 0 actions
[2026-04-25T18:26:03.164398+00:00] [INFO]   sleeping 900s until next cycle
[2026-04-25T18:41:03.197936+00:00] [INFO] === cycle 564 ===
[2026-04-25T18:41:04.097704+00:00] [INFO] === roadmap-driver cycle ===
[2026-04-25T18:41:04.118704+00:00] [INFO] budget check: budget block at 44.0%
[2026-04-25T18:41:04.133688+00:00] [INFO]   PUSHED roadmap_edge_track_record_in_briefing  sev=LOW  Verify morning briefing edge-weight track record line is wir
[2026-04-25T18:41:04.135209+00:00] [INFO] === done — pushed 1 tasks, queue now 1 ===
[2026-04-25T18:41:04.135372+00:00] [INFO]   ROADMAP-DRIVER: pushed 1 build tasks (queue depth now 1)
[2026-04-25T18:41:04.137091+00:00] [INFO]   wrote session briefing (15 capability groups, 0 broken integrations)
[2026-04-25T18:41:04.137204+00:00] [INFO]   cycle 564 done in 0.9s, 1 actions
[2026-04-25T18:41:04.137287+00:00] [INFO]   sleeping 120s until next cycle
[2026-04-25T18:43:04.186705+00:00] [INFO] === cycle 565 ===
[2026-04-25T18:43:04.899601+00:00] [INFO] === roadmap-driver cycle ===
[2026-04-25T18:43:04.923302+00:00] [INFO] budget check: budget block at 44.0%
[2026-04-25T18:43:04.936690+00:00] [INFO]   roadmap_edge_track_record_in_briefing: already in pending queue
[2026-04-25T18:43:04.936818+00:00] [INFO] nothing to push — all roadmap items either complete or in cooldown
[2026-04-25T18:43:04.938290+00:00] [INFO]   wrote session briefing (15 capability groups, 0 broken integrations)
[2026-04-25T18:43:04.938592+00:00] [INFO]   cycle 565 done in 0.8s, 0 actions
[2026-04-25T18:43:04.938676+00:00] [INFO]   sleeping 900s until next cycle
[2026-04-25T18:58:04.980543+00:00] [INFO] === cycle 566 ===
[2026-04-25T18:58:04.984497+00:00] [INFO]   refreshing capability manifest
[2026-04-25T18:58:07.386794+00:00] [INFO] === roadmap-driver cycle ===
[2026-04-25T18:58:07.409158+00:00] [INFO] budget check: budget block at 59.0%
[2026-04-25T18:58:07.422639+00:00] [INFO]   roadmap_edge_track_record_in_briefing: in cooldown (attempted within last 12h)
[2026-04-25T18:58:07.422764+00:00] [INFO] nothing to push — all roadmap items either complete or in cooldown
[2026-04-25T18:58:07.424654+00:00] [INFO]   wrote session briefing (15 capability groups, 0 broken integrations)
[2026-04-25T18:58:07.425586+00:00] [INFO]   cycle 566 done in 2.4s, 0 actions
[2026-04-25T18:58:07.425674+00:00] [INFO]   sleeping 900s until next cycle
[2026-04-25T19:13:07.456755+00:00] [INFO] === cycle 567 ===
[2026-04-25T19:13:08.431870+00:00] [INFO] === roadmap-driver cycle ===
[2026-04-25T19:13:08.454415+00:00] [INFO] budget check: budget block at 59.0%
[2026-04-25T19:13:08.472533+00:00] [INFO]   roadmap_edge_track_record_in_briefing: in cooldown (attempted within last 12h)
[2026-04-25T19:13:08.472661+00:00] [INFO] nothing to push — all roadmap items either complete or in cooldown
[2026-04-25T19:13:08.474697+00:00] [INFO]   wrote session briefing (15 capability groups, 0 broken integrations)
[2026-04-25T19:13:08.475012+00:00] [INFO]   cycle 567 done in 1.0s, 0 actions
[2026-04-25T19:13:08.475096+00:00] [INFO]   sleeping 900s until next cycle
[2026-04-25T19:28:08.483602+00:00] [INFO] === cycle 568 ===
[2026-04-25T19:28:09.480449+00:00] [INFO] === roadmap-driver cycle ===
[2026-04-25T19:28:09.504898+00:00] [INFO] budget check: budget block at 59.0%
[2026-04-25T19:28:09.518898+00:00] [INFO]   roadmap_edge_track_record_in_briefing: in cooldown (attempted within last 12h)
[2026-04-25T19:28:09.519004+00:00] [INFO] nothing to push — all roadmap items either complete or in cooldown
[2026-04-25T19:28:09.520630+00:00] [INFO]   wrote session briefing (15 capability groups, 0 broken integrations)
[2026-04-25T19:28:09.520899+00:00] [INFO]   cycle 568 done in 1.0s, 0 actions
[2026-04-25T19:28:09.520979+00:00] [INFO]   sleeping 900s until next cycle
[2026-04-25T19:43:09.678508+00:00] [INFO] === cycle 569 ===
[2026-04-25T19:43:10.634338+00:00] [INFO] === roadmap-driver cycle ===
[2026-04-25T19:43:10.656603+00:00] [INFO] budget check: budget block at 24.0%
[2026-04-25T19:43:10.671734+00:00] [INFO]   roadmap_edge_track_record_in_briefing: in cooldown (attempted within last 12h)
[2026-04-25T19:43:10.671842+00:00] [INFO] nothing to push — all roadmap items either complete or in cooldown
[2026-04-25T19:43:10.673573+00:00] [INFO]   wrote session briefing (15 capability groups, 0 broken integrations)
[2026-04-25T19:43:10.673870+00:00] [INFO]   cycle 569 done in 1.0s, 0 actions
[2026-04-25T19:43:10.673949+00:00] [INFO]   sleeping 900s until next cycle
[2026-04-25T19:58:10.732610+00:00] [INFO] === cycle 570 ===
[2026-04-25T19:58:11.679862+00:00] [INFO] === roadmap-driver cycle ===
[2026-04-25T19:58:11.702021+00:00] [INFO] budget check: budget block at 24.0%
[2026-04-25T19:58:11.717197+00:00] [INFO]   roadmap_edge_track_record_in_briefing: in cooldown (attempted within last 12h)
[2026-04-25T19:58:11.717313+00:00] [INFO] nothing to push — all roadmap items either complete or in cooldown
[2026-04-25T19:58:11.719165+00:00] [INFO]   wrote session briefing (15 capability groups, 0 broken integrations)
[2026-04-25T19:58:11.719429+00:00] [INFO]   cycle 570 done in 1.0s, 0 actions
[2026-04-25T19:58:11.719509+00:00] [INFO]   sleeping 900s until next cycle
[2026-04-25T20:13:11.759636+00:00] [INFO] === cycle 571 ===
[2026-04-25T20:13:12.754720+00:00] [INFO] === roadmap-driver cycle ===
[2026-04-25T20:13:12.777274+00:00] [INFO] budget check: budget block at 24.0%
[2026-04-25T20:13:12.792681+00:00] [INFO]   roadmap_edge_track_record_in_briefing: in cooldown (attempted within last 12h)
[2026-04-25T20:13:12.792790+00:00] [INFO] nothing to push — all roadmap items either complete or in cooldown
[2026-04-25T20:13:12.794651+00:00] [INFO]   wrote session briefing (15 capability groups, 0 broken integrations)
[2026-04-25T20:13:12.794919+00:00] [INFO]   cycle 571 done in 1.0s, 0 actions
[2026-04-25T20:13:12.794994+00:00] [INFO]   sleeping 900s until next cycle
[2026-04-25T20:28:12.853446+00:00] [INFO] === cycle 572 ===
[2026-04-25T20:28:13.824055+00:00] [INFO] === roadmap-driver cycle ===
[2026-04-25T20:28:13.848073+00:00] [INFO] budget check: budget block at 24.0%
[2026-04-25T20:28:13.864331+00:00] [INFO]   roadmap_edge_track_record_in_briefing: in cooldown (attempted within last 12h)
[2026-04-25T20:28:13.864443+00:00] [INFO] nothing to push — all roadmap items either complete or in cooldown
[2026-04-25T20:28:13.866559+00:00] [INFO]   wrote session briefing (15 capability groups, 0 broken integrations)
[2026-04-25T20:28:13.866841+00:00] [INFO]   cycle 572 done in 1.0s, 0 actions
[2026-04-25T20:28:13.866924+00:00] [INFO]   sleeping 900s until next cycle
[2026-04-25T20:43:14.011873+00:00] [INFO] === cycle 573 ===
[2026-04-25T20:43:14.976437+00:00] [INFO] === roadmap-driver cycle ===
[2026-04-25T20:43:14.996965+00:00] [INFO] budget check: budget block at 24.0%
[2026-04-25T20:43:15.011881+00:00] [INFO]   roadmap_edge_track_record_in_briefing: in cooldown (attempted within last 12h)
[2026-04-25T20:43:15.011983+00:00] [INFO] nothing to push — all roadmap items either complete or in cooldown
[2026-04-25T20:43:15.013944+00:00] [INFO]   wrote session briefing (15 capability groups, 0 broken integrations)
[2026-04-25T20:43:15.015086+00:00] [INFO]   cycle 573 done in 1.0s, 0 actions
[2026-04-25T20:43:15.015160+00:00] [INFO]   sleeping 900s until next cycle
[2026-04-25T20:58:15.045565+00:00] [INFO] === cycle 574 ===
[2026-04-25T20:58:16.030792+00:00] [INFO] === roadmap-driver cycle ===
[2026-04-25T20:58:16.052553+00:00] [INFO] budget check: budget block at 34.0%
[2026-04-25T20:58:16.067017+00:00] [INFO]   roadmap_edge_track_record_in_briefing: in cooldown (attempted within last 12h)
[2026-04-25T20:58:16.067124+00:00] [INFO] nothing to push — all roadmap items either complete or in cooldown
[2026-04-25T20:58:16.069217+00:00] [INFO]   wrote session briefing (15 capability groups, 0 broken integrations)
[2026-04-25T20:58:16.069467+00:00] [INFO]   cycle 574 done in 1.0s, 0 actions
[2026-04-25T20:58:16.069540+00:00] [INFO]   sleeping 900s until next cycle
[2026-04-25T21:13:16.222663+00:00] [INFO] === cycle 575 ===
[2026-04-25T21:13:17.319092+00:00] [INFO] === roadmap-driver cycle ===
[2026-04-25T21:13:17.343293+00:00] [INFO] budget check: budget block at 34.0%
[2026-04-25T21:13:17.357995+00:00] [INFO]   roadmap_edge_track_record_in_briefing: in cooldown (attempted within last 12h)
[2026-04-25T21:13:17.358105+00:00] [INFO] nothing to push — all roadmap items either complete or in cooldown
[2026-04-25T21:13:17.359887+00:00] [INFO]   wrote session briefing (15 capability groups, 0 broken integrations)
[2026-04-25T21:13:17.360125+00:00] [INFO]   cycle 575 done in 1.1s, 0 actions
[2026-04-25T21:13:17.360207+00:00] [INFO]   sleeping 900s until next cycle
[2026-04-25T21:28:17.450407+00:00] [INFO] === cycle 576 ===
[2026-04-25T21:28:18.406920+00:00] [INFO] === roadmap-driver cycle ===
[2026-04-25T21:28:18.429339+00:00] [INFO] budget check: budget block at 34.0%
[2026-04-25T21:28:18.444315+00:00] [INFO]   roadmap_edge_track_record_in_briefing: in cooldown (attempted within last 12h)
[2026-04-25T21:28:18.444420+00:00] [INFO] nothing to push — all roadmap items either complete or in cooldown
[2026-04-25T21:28:18.446174+00:00] [INFO]   wrote session briefing (15 capability groups, 0 broken integrations)
[2026-04-25T21:28:18.446437+00:00] [INFO]   cycle 576 done in 1.0s, 0 actions
[2026-04-25T21:28:18.446512+00:00] [INFO]   sleeping 900s until next cycle
[2026-04-25T21:43:18.559268+00:00] [INFO] === cycle 577 ===
[2026-04-25T21:43:19.504088+00:00] [INFO] === roadmap-driver cycle ===
[2026-04-25T21:43:19.525852+00:00] [INFO] budget check: budget block at 25.0%
[2026-04-25T21:43:19.540663+00:00] [INFO]   roadmap_edge_track_record_in_briefing: in cooldown (attempted within last 12h)
[2026-04-25T21:43:19.540754+00:00] [INFO] nothing to push — all roadmap items either complete or in cooldown
[2026-04-25T21:43:19.542387+00:00] [INFO]   wrote session briefing (15 capability groups, 0 broken integrations)
[2026-04-25T21:43:19.542625+00:00] [INFO]   cycle 577 done in 1.0s, 0 actions
[2026-04-25T21:43:19.542694+00:00] [INFO]   sleeping 900s until next cycle
[2026-04-25T21:58:19.683929+00:00] [INFO] === cycle 578 ===
[2026-04-25T21:58:20.644298+00:00] [INFO] === roadmap-driver cycle ===
[2026-04-25T21:58:20.667116+00:00] [INFO] budget check: budget block at 25.0%
[2026-04-25T21:58:20.682745+00:00] [INFO]   roadmap_edge_track_record_in_briefing: in cooldown (attempted within last 12h)
[2026-04-25T21:58:20.682853+00:00] [INFO] nothing to push — all roadmap items either complete or in cooldown
[2026-04-25T21:58:20.684794+00:00] [INFO]   wrote session briefing (15 capability groups, 0 broken integrations)
[2026-04-25T21:58:20.685151+00:00] [INFO]   cycle 578 done in 1.0s, 0 actions
[2026-04-25T21:58:20.685231+00:00] [INFO]   sleeping 900s until next cycle
[2026-04-25T22:13:20.842307+00:00] [INFO] === cycle 579 ===
[2026-04-25T22:13:21.813338+00:00] [INFO] === roadmap-driver cycle ===
[2026-04-25T22:13:21.835302+00:00] [INFO] budget check: budget block at 25.0%
[2026-04-25T22:13:21.850350+00:00] [INFO]   roadmap_edge_track_record_in_briefing: in cooldown (attempted within last 12h)
[2026-04-25T22:13:21.850455+00:00] [INFO] nothing to push — all roadmap items either complete or in cooldown
[2026-04-25T22:13:21.852149+00:00] [INFO]   wrote session briefing (15 capability groups, 0 broken integrations)
[2026-04-25T22:13:21.852431+00:00] [INFO]   cycle 579 done in 1.0s, 0 actions
[2026-04-25T22:13:21.852506+00:00] [INFO]   sleeping 900s until next cycle
[2026-04-25T22:28:21.916958+00:00] [INFO] === cycle 580 ===
[2026-04-25T22:28:22.850720+00:00] [INFO] === roadmap-driver cycle ===
[2026-04-25T22:28:22.873380+00:00] [INFO] budget check: budget block at 25.0%
[2026-04-25T22:28:22.889416+00:00] [INFO]   roadmap_edge_track_record_in_briefing: in cooldown (attempted within last 12h)
[2026-04-25T22:28:22.889528+00:00] [INFO] nothing to push — all roadmap items either complete or in cooldown
[2026-04-25T22:28:22.891732+00:00] [INFO]   wrote session briefing (15 capability groups, 0 broken integrations)
[2026-04-25T22:28:22.892028+00:00] [INFO]   cycle 580 done in 1.0s, 0 actions
[2026-04-25T22:28:22.892109+00:00] [INFO]   sleeping 900s until next cycle
[2026-04-25T22:43:23.041945+00:00] [INFO] === cycle 581 ===
[2026-04-25T22:43:23.985505+00:00] [INFO] === roadmap-driver cycle ===
[2026-04-25T22:43:24.007359+00:00] [INFO] budget check: budget block at 25.0%
[2026-04-25T22:43:24.022829+00:00] [INFO]   roadmap_edge_track_record_in_briefing: in cooldown (attempted within last 12h)
[2026-04-25T22:43:24.022942+00:00] [INFO] nothing to push — all roadmap items either complete or in cooldown
[2026-04-25T22:43:24.024702+00:00] [INFO]   wrote session briefing (15 capability groups, 0 broken integrations)
[2026-04-25T22:43:24.024935+00:00] [INFO]   cycle 581 done in 1.0s, 0 actions
[2026-04-25T22:43:24.025006+00:00] [INFO]   sleeping 900s until next cycle
[2026-04-25T22:58:24.093270+00:00] [INFO] === cycle 582 ===
[2026-04-25T22:58:24.097240+00:00] [INFO]   refreshing capability manifest
[2026-04-25T22:58:26.407980+00:00] [INFO] === roadmap-driver cycle ===
[2026-04-25T22:58:26.430018+00:00] [INFO] budget check: budget block at 28.0%
[2026-04-25T22:58:26.444157+00:00] [INFO]   roadmap_edge_track_record_in_briefing: in cooldown (attempted within last 12h)
[2026-04-25T22:58:26.444271+00:00] [INFO] nothing to push — all roadmap items either complete or in cooldown
[2026-04-25T22:58:26.445877+00:00] [INFO]   wrote session briefing (15 capability groups, 0 broken integrations)
[2026-04-25T22:58:26.446168+00:00] [INFO]   cycle 582 done in 2.4s, 0 actions
[2026-04-25T22:58:26.446251+00:00] [INFO]   sleeping 900s until next cycle
[2026-04-25T23:13:26.601839+00:00] [INFO] === cycle 583 ===
[2026-04-25T23:13:27.524146+00:00] [INFO] === roadmap-driver cycle ===
[2026-04-25T23:13:27.545885+00:00] [INFO] budget check: budget block at 28.0%
[2026-04-25T23:13:27.560705+00:00] [INFO]   roadmap_edge_track_record_in_briefing: in cooldown (attempted within last 12h)
[2026-04-25T23:13:27.560808+00:00] [INFO] nothing to push — all roadmap items either complete or in cooldown
[2026-04-25T23:13:27.562708+00:00] [INFO]   wrote session briefing (15 capability groups, 0 broken integrations)
[2026-04-25T23:13:27.562975+00:00] [INFO]   cycle 583 done in 1.0s, 0 actions
[2026-04-25T23:13:27.563056+00:00] [INFO]   sleeping 900s until next cycle
[2026-04-25T23:28:27.708823+00:00] [INFO] === cycle 584 ===
[2026-04-25T23:28:28.480320+00:00] [INFO] === roadmap-driver cycle ===
[2026-04-25T23:28:28.502141+00:00] [INFO] budget check: budget block at 28.0%
[2026-04-25T23:28:28.517448+00:00] [INFO]   roadmap_edge_track_record_in_briefing: in cooldown (attempted within last 12h)
[2026-04-25T23:28:28.517561+00:00] [INFO] nothing to push — all roadmap items either complete or in cooldown
[2026-04-25T23:28:28.519440+00:00] [INFO]   wrote session briefing (15 capability groups, 0 broken integrations)
[2026-04-25T23:28:28.519739+00:00] [INFO]   cycle 584 done in 0.8s, 0 actions
[2026-04-25T23:28:28.519828+00:00] [INFO]   sleeping 900s until next cycle
[2026-04-25T23:43:28.568497+00:00] [INFO] === cycle 585 ===
[2026-04-25T23:43:29.490369+00:00] [INFO] === roadmap-driver cycle ===
[2026-04-25T23:43:29.512451+00:00] [INFO] budget check: budget block at 25.5%
[2026-04-25T23:43:29.527783+00:00] [INFO]   roadmap_edge_track_record_in_briefing: in cooldown (attempted within last 12h)
[2026-04-25T23:43:29.527927+00:00] [INFO] nothing to push — all roadmap items either complete or in cooldown
[2026-04-25T23:43:29.529960+00:00] [INFO]   wrote session briefing (15 capability groups, 0 broken integrations)
[2026-04-25T23:43:29.530826+00:00] [INFO]   cycle 585 done in 1.0s, 0 actions
[2026-04-25T23:43:29.530922+00:00] [INFO]   sleeping 900s until next cycle
[2026-04-25T23:58:29.559312+00:00] [INFO] === cycle 586 ===
[2026-04-25T23:58:30.497294+00:00] [INFO] === roadmap-driver cycle ===
[2026-04-25T23:58:30.518967+00:00] [INFO] budget check: budget block at 13.0%
[2026-04-25T23:58:30.534264+00:00] [INFO]   roadmap_edge_track_record_in_briefing: in cooldown (attempted within last 12h)
[2026-04-25T23:58:30.534375+00:00] [INFO] nothing to push — all roadmap items either complete or in cooldown
[2026-04-25T23:58:30.536205+00:00] [INFO]   wrote session briefing (15 capability groups, 0 broken integrations)
[2026-04-25T23:58:30.536469+00:00] [INFO]   cycle 586 done in 1.0s, 0 actions
[2026-04-25T23:58:30.536549+00:00] [INFO]   sleeping 900s until next cycle
[2026-04-26T00:13:30.636935+00:00] [INFO] === cycle 587 ===
[2026-04-26T00:13:31.667261+00:00] [INFO] === roadmap-driver cycle ===
[2026-04-26T00:13:31.690002+00:00] [INFO] budget check: budget block at 13.0%
[2026-04-26T00:13:31.705936+00:00] [INFO]   roadmap_edge_track_record_in_briefing: in cooldown (attempted within last 12h)
[2026-04-26T00:13:31.706052+00:00] [INFO] nothing to push — all roadmap items either complete or in cooldown
[2026-04-26T00:13:31.708051+00:00] [INFO]   wrote session briefing (15 capability groups, 0 broken integrations)
[2026-04-26T00:13:31.708293+00:00] [INFO]   cycle 587 done in 1.1s, 0 actions
[2026-04-26T00:13:31.708369+00:00] [INFO]   sleeping 900s until next cycle
[2026-04-26T00:28:31.861312+00:00] [INFO] === cycle 588 ===
[2026-04-26T00:28:32.825918+00:00] [INFO] === roadmap-driver cycle ===
[2026-04-26T00:28:32.848808+00:00] [INFO] budget check: budget block at 13.0%
[2026-04-26T00:28:32.864447+00:00] [INFO]   roadmap_edge_track_record_in_briefing: in cooldown (attempted within last 12h)
[2026-04-26T00:28:32.864548+00:00] [INFO] nothing to push — all roadmap items either complete or in cooldown
[2026-04-26T00:28:32.866435+00:00] [INFO]   wrote session briefing (15 capability groups, 0 broken integrations)
[2026-04-26T00:28:32.866690+00:00] [INFO]   cycle 588 done in 1.0s, 0 actions
[2026-04-26T00:28:32.866758+00:00] [INFO]   sleeping 900s until next cycle
[2026-04-26T00:43:32.916914+00:00] [INFO] === cycle 589 ===
[2026-04-26T00:43:33.842470+00:00] [INFO] === roadmap-driver cycle ===
[2026-04-26T00:43:33.863442+00:00] [INFO] budget check: budget block at 13.0%
[2026-04-26T00:43:33.879298+00:00] [INFO]   roadmap_edge_track_record_in_briefing: in cooldown (attempted within last 12h)
[2026-04-26T00:43:33.879419+00:00] [INFO] nothing to push — all roadmap items either complete or in cooldown
[2026-04-26T00:43:33.881253+00:00] [INFO]   wrote session briefing (15 capability groups, 0 broken integrations)
[2026-04-26T00:43:33.881536+00:00] [INFO]   cycle 589 done in 1.0s, 0 actions
[2026-04-26T00:43:33.881616+00:00] [INFO]   sleeping 900s until next cycle
[2026-04-26T00:58:33.907524+00:00] [INFO] === cycle 590 ===
[2026-04-26T00:58:34.822732+00:00] [INFO] === roadmap-driver cycle ===
[2026-04-26T00:58:34.845285+00:00] [INFO] budget check: budget block at 16.0%
[2026-04-26T00:58:34.860745+00:00] [INFO]   roadmap_edge_track_record_in_briefing: in cooldown (attempted within last 12h)
[2026-04-26T00:58:34.860853+00:00] [INFO] nothing to push — all roadmap items either complete or in cooldown
[2026-04-26T00:58:34.862947+00:00] [INFO]   wrote session briefing (15 capability groups, 0 broken integrations)
[2026-04-26T00:58:34.863221+00:00] [INFO]   cycle 590 done in 1.0s, 0 actions
[2026-04-26T00:58:34.863301+00:00] [INFO]   sleeping 900s until next cycle
[2026-04-26T01:13:34.891718+00:00] [INFO] === cycle 591 ===
[2026-04-26T01:13:35.778184+00:00] [INFO] === roadmap-driver cycle ===
[2026-04-26T01:13:35.800390+00:00] [INFO] budget check: budget block at 16.0%
[2026-04-26T01:13:35.816376+00:00] [INFO]   roadmap_edge_track_record_in_briefing: in cooldown (attempted within last 12h)
[2026-04-26T01:13:35.816485+00:00] [INFO] nothing to push — all roadmap items either complete or in cooldown
[2026-04-26T01:13:35.818145+00:00] [INFO]   wrote session briefing (15 capability groups, 0 broken integrations)
[2026-04-26T01:13:35.818418+00:00] [INFO]   cycle 591 done in 0.9s, 0 actions
[2026-04-26T01:13:35.818495+00:00] [INFO]   sleeping 900s until next cycle
[2026-04-26T01:28:35.922689+00:00] [INFO] === cycle 592 ===
[2026-04-26T01:28:36.807521+00:00] [INFO] === roadmap-driver cycle ===
[2026-04-26T01:28:36.829192+00:00] [INFO] budget check: budget block at 16.0%
[2026-04-26T01:28:36.845278+00:00] [INFO]   roadmap_edge_track_record_in_briefing: in cooldown (attempted within last 12h)
[2026-04-26T01:28:36.845388+00:00] [INFO] nothing to push — all roadmap items either complete or in cooldown
[2026-04-26T01:28:36.847050+00:00] [INFO]   wrote session briefing (15 capability groups, 0 broken integrations)
[2026-04-26T01:28:36.847300+00:00] [INFO]   cycle 592 done in 0.9s, 0 actions
[2026-04-26T01:28:36.847373+00:00] [INFO]   sleeping 900s until next cycle
[2026-04-26T01:43:36.886116+00:00] [INFO] === cycle 593 ===
[2026-04-26T01:43:37.684735+00:00] [INFO] === roadmap-driver cycle ===
[2026-04-26T01:43:37.707371+00:00] [INFO] budget check: budget block at 16.0%
[2026-04-26T01:43:37.722302+00:00] [INFO]   roadmap_edge_track_record_in_briefing: in cooldown (attempted within last 12h)
[2026-04-26T01:43:37.722412+00:00] [INFO] nothing to push — all roadmap items either complete or in cooldown
[2026-04-26T01:43:37.724749+00:00] [INFO]   wrote session briefing (15 capability groups, 0 broken integrations)
[2026-04-26T01:43:37.724878+00:00] [INFO]   cycle 593 done in 0.8s, 0 actions
[2026-04-26T01:43:37.724964+00:00] [INFO]   sleeping 900s until next cycle
[2026-04-26T01:58:37.885279+00:00] [INFO] === cycle 594 ===
[2026-04-26T01:58:38.509453+00:00] [INFO] === roadmap-driver cycle ===
[2026-04-26T01:58:38.531800+00:00] [INFO] budget check: budget block at 6.0%
[2026-04-26T01:58:38.548390+00:00] [INFO]   roadmap_edge_track_record_in_briefing: in cooldown (attempted within last 12h)
[2026-04-26T01:58:38.548501+00:00] [INFO] nothing to push — all roadmap items either complete or in cooldown
[2026-04-26T01:58:38.550468+00:00] [INFO]   wrote session briefing (15 capability groups, 0 broken integrations)
[2026-04-26T01:58:38.551454+00:00] [INFO]   cycle 594 done in 0.7s, 0 actions
[2026-04-26T01:58:38.551541+00:00] [INFO]   sleeping 900s until next cycle
[2026-04-26T02:13:38.562644+00:00] [INFO] === cycle 595 ===
[2026-04-26T02:13:39.434178+00:00] [INFO] === roadmap-driver cycle ===
[2026-04-26T02:13:39.457094+00:00] [INFO] budget check: budget block at 6.0%
[2026-04-26T02:13:39.472771+00:00] [INFO]   roadmap_edge_track_record_in_briefing: in cooldown (attempted within last 12h)
[2026-04-26T02:13:39.472904+00:00] [INFO] nothing to push — all roadmap items either complete or in cooldown
[2026-04-26T02:13:39.474893+00:00] [INFO]   wrote session briefing (15 capability groups, 0 broken integrations)
[2026-04-26T02:13:39.475039+00:00] [INFO]   cycle 595 done in 0.9s, 0 actions
[2026-04-26T02:13:39.475126+00:00] [INFO]   sleeping 900s until next cycle
[2026-04-26T02:28:39.630661+00:00] [INFO] === cycle 596 ===
[2026-04-26T02:28:40.491106+00:00] [INFO] === roadmap-driver cycle ===
[2026-04-26T02:28:40.513152+00:00] [INFO] budget check: budget block at 6.0%
[2026-04-26T02:28:40.529448+00:00] [INFO]   roadmap_edge_track_record_in_briefing: in cooldown (attempted within last 12h)
[2026-04-26T02:28:40.529551+00:00] [INFO] nothing to push — all roadmap items either complete or in cooldown
[2026-04-26T02:28:40.531428+00:00] [INFO]   wrote session briefing (15 capability groups, 0 broken integrations)
[2026-04-26T02:28:40.531555+00:00] [INFO]   cycle 596 done in 0.9s, 0 actions
[2026-04-26T02:28:40.531632+00:00] [INFO]   sleeping 900s until next cycle
[2026-04-26T02:43:40.571564+00:00] [INFO] === cycle 597 ===
[2026-04-26T02:43:41.169069+00:00] [INFO] === roadmap-driver cycle ===
[2026-04-26T02:43:41.191857+00:00] [INFO] budget check: budget block at 6.0%
[2026-04-26T02:43:41.207206+00:00] [INFO]   roadmap_edge_track_record_in_briefing: in cooldown (attempted within last 12h)
[2026-04-26T02:43:41.207328+00:00] [INFO] nothing to push — all roadmap items either complete or in cooldown
[2026-04-26T02:43:41.209861+00:00] [INFO]   wrote session briefing (15 capability groups, 0 broken integrations)
[2026-04-26T02:43:41.209986+00:00] [INFO]   cycle 597 done in 0.6s, 0 actions
[2026-04-26T02:43:41.210063+00:00] [INFO]   sleeping 900s until next cycle
[2026-04-26T02:58:41.230107+00:00] [INFO] === cycle 598 ===
[2026-04-26T02:58:41.233296+00:00] [INFO]   refreshing capability manifest
[2026-04-26T02:58:43.737110+00:00] [INFO] === roadmap-driver cycle ===
[2026-04-26T02:58:43.759444+00:00] [INFO] budget check: budget block at 9.0%
[2026-04-26T02:58:43.774793+00:00] [INFO]   roadmap_edge_track_record_in_briefing: in cooldown (attempted within last 12h)
[2026-04-26T02:58:43.774919+00:00] [INFO] nothing to push — all roadmap items either complete or in cooldown
[2026-04-26T02:58:43.776987+00:00] [INFO]   wrote session briefing (15 capability groups, 0 broken integrations)
[2026-04-26T02:58:43.777116+00:00] [INFO]   cycle 598 done in 2.5s, 0 actions
[2026-04-26T02:58:43.777192+00:00] [INFO]   sleeping 900s until next cycle
[2026-04-26T03:13:43.917469+00:00] [INFO] === cycle 599 ===
[2026-04-26T03:13:44.719301+00:00] [INFO] === roadmap-driver cycle ===
[2026-04-26T03:13:44.742186+00:00] [INFO] budget check: budget block at 9.0%
[2026-04-26T03:13:44.758289+00:00] [INFO]   roadmap_edge_track_record_in_briefing: in cooldown (attempted within last 12h)
[2026-04-26T03:13:44.758404+00:00] [INFO] nothing to push — all roadmap items either complete or in cooldown
[2026-04-26T03:13:44.760354+00:00] [INFO]   wrote session briefing (15 capability groups, 0 broken integrations)
[2026-04-26T03:13:44.760479+00:00] [INFO]   cycle 599 done in 0.8s, 0 actions
[2026-04-26T03:13:44.760556+00:00] [INFO]   sleeping 900s until next cycle
[2026-04-26T03:28:44.769536+00:00] [INFO] === cycle 600 ===
[2026-04-26T03:28:45.444514+00:00] [INFO] === roadmap-driver cycle ===
[2026-04-26T03:28:45.466750+00:00] [INFO] budget check: budget block at 9.0%
[2026-04-26T03:28:45.481387+00:00] [INFO]   roadmap_edge_track_record_in_briefing: in cooldown (attempted within last 12h)
[2026-04-26T03:28:45.481504+00:00] [INFO] nothing to push — all roadmap items either complete or in cooldown
[2026-04-26T03:28:45.483400+00:00] [INFO]   wrote session briefing (15 capability groups, 0 broken integrations)
[2026-04-26T03:28:45.483526+00:00] [INFO]   cycle 600 done in 0.7s, 0 actions
[2026-04-26T03:28:45.483602+00:00] [INFO]   sleeping 900s until next cycle
[2026-04-26T03:43:45.521539+00:00] [INFO] === cycle 601 ===
[2026-04-26T03:43:46.404876+00:00] [INFO] === roadmap-driver cycle ===
[2026-04-26T03:43:46.426972+00:00] [INFO] budget check: budget block at 9.0%
[2026-04-26T03:43:46.443507+00:00] [INFO]   roadmap_edge_track_record_in_briefing: in cooldown (attempted within last 12h)
[2026-04-26T03:43:46.443619+00:00] [INFO] nothing to push — all roadmap items either complete or in cooldown
[2026-04-26T03:43:46.445658+00:00] [INFO]   wrote session briefing (15 capability groups, 0 broken integrations)
[2026-04-26T03:43:46.445788+00:00] [INFO]   cycle 601 done in 0.9s, 0 actions
[2026-04-26T03:43:46.445879+00:00] [INFO]   sleeping 900s until next cycle
[2026-04-26T03:58:46.461372+00:00] [INFO] === cycle 602 ===
[2026-04-26T03:58:47.246540+00:00] [INFO] === roadmap-driver cycle ===
[2026-04-26T03:58:47.268338+00:00] [INFO] budget check: budget block at 6.0%
[2026-04-26T03:58:47.284659+00:00] [INFO]   roadmap_edge_track_record_in_briefing: in cooldown (attempted within last 12h)
[2026-04-26T03:58:47.284772+00:00] [INFO] nothing to push — all roadmap items either complete or in cooldown
[2026-04-26T03:58:47.286568+00:00] [INFO]   wrote session briefing (15 capability groups, 0 broken integrations)
[2026-04-26T03:58:47.286693+00:00] [INFO]   cycle 602 done in 0.8s, 0 actions
[2026-04-26T03:58:47.286767+00:00] [INFO]   sleeping 900s until next cycle
[2026-04-26T04:13:47.440491+00:00] [INFO] === cycle 603 ===
[2026-04-26T04:13:48.122243+00:00] [INFO] === roadmap-driver cycle ===
[2026-04-26T04:13:48.144363+00:00] [INFO] budget check: budget block at 6.0%
[2026-04-26T04:13:48.161091+00:00] [INFO]   roadmap_edge_track_record_in_briefing: in cooldown (attempted within last 12h)
[2026-04-26T04:13:48.161197+00:00] [INFO] nothing to push — all roadmap items either complete or in cooldown
[2026-04-26T04:13:48.162922+00:00] [INFO]   wrote session briefing (15 capability groups, 0 broken integrations)
[2026-04-26T04:13:48.163040+00:00] [INFO]   cycle 603 done in 0.7s, 0 actions
[2026-04-26T04:13:48.163113+00:00] [INFO]   sleeping 900s until next cycle
[2026-04-26T04:28:48.316243+00:00] [INFO] === cycle 604 ===
[2026-04-26T04:28:49.225874+00:00] [INFO] === roadmap-driver cycle ===
[2026-04-26T04:28:49.248413+00:00] [INFO] budget check: budget block at 6.0%
[2026-04-26T04:28:49.264884+00:00] [INFO]   roadmap_edge_track_record_in_briefing: in cooldown (attempted within last 12h)
[2026-04-26T04:28:49.264996+00:00] [INFO] nothing to push — all roadmap items either complete or in cooldown
[2026-04-26T04:28:49.266819+00:00] [INFO]   wrote session briefing (15 capability groups, 0 broken integrations)
[2026-04-26T04:28:49.266964+00:00] [INFO]   cycle 604 done in 1.0s, 0 actions
[2026-04-26T04:28:49.267053+00:00] [INFO]   sleeping 900s until next cycle
[2026-04-26T04:43:49.290176+00:00] [INFO] === cycle 605 ===
[2026-04-26T04:43:50.079174+00:00] [INFO] === roadmap-driver cycle ===
[2026-04-26T04:43:50.102727+00:00] [INFO] budget check: budget block at 6.0%
[2026-04-26T04:43:50.129839+00:00] [INFO]   roadmap_edge_track_record_in_briefing: in cooldown (attempted within last 12h)
[2026-04-26T04:43:50.129942+00:00] [INFO] nothing to push — all roadmap items either complete or in cooldown
[2026-04-26T04:43:50.131660+00:00] [INFO]   wrote session briefing (15 capability groups, 0 broken integrations)
[2026-04-26T04:43:50.131800+00:00] [INFO]   cycle 605 done in 0.8s, 0 actions
[2026-04-26T04:43:50.131880+00:00] [INFO]   sleeping 900s until next cycle
[2026-04-26T04:58:50.258206+00:00] [INFO] === cycle 606 ===
[2026-04-26T04:58:50.997138+00:00] [INFO] === roadmap-driver cycle ===
[2026-04-26T04:58:51.018987+00:00] [INFO] budget check: budget block at 9.0%
[2026-04-26T04:58:51.034929+00:00] [INFO]   roadmap_edge_track_record_in_briefing: in cooldown (attempted within last 12h)
[2026-04-26T04:58:51.035044+00:00] [INFO] nothing to push — all roadmap items either complete or in cooldown
[2026-04-26T04:58:51.036987+00:00] [INFO]   wrote session briefing (15 capability groups, 0 broken integrations)
[2026-04-26T04:58:51.037116+00:00] [INFO]   cycle 606 done in 0.8s, 0 actions
[2026-04-26T04:58:51.037192+00:00] [INFO]   sleeping 900s until next cycle
[2026-04-26T05:13:51.158793+00:00] [INFO] === cycle 607 ===
[2026-04-26T05:13:52.065865+00:00] [INFO] === roadmap-driver cycle ===
[2026-04-26T05:13:52.088587+00:00] [INFO] budget check: budget block at 9.0%
[2026-04-26T05:13:52.103634+00:00] [INFO]   roadmap_edge_track_record_in_briefing: in cooldown (attempted within last 12h)
[2026-04-26T05:13:52.103753+00:00] [INFO] nothing to push — all roadmap items either complete or in cooldown
[2026-04-26T05:13:52.105803+00:00] [INFO]   wrote session briefing (15 capability groups, 0 broken integrations)
[2026-04-26T05:13:52.105943+00:00] [INFO]   cycle 607 done in 0.9s, 0 actions
[2026-04-26T05:13:52.106024+00:00] [INFO]   sleeping 900s until next cycle
[2026-04-26T05:28:52.260779+00:00] [INFO] === cycle 608 ===
[2026-04-26T05:28:53.169122+00:00] [INFO] === roadmap-driver cycle ===
[2026-04-26T05:28:53.191832+00:00] [INFO] budget check: budget block at 9.0%
[2026-04-26T05:28:53.219696+00:00] [INFO]   roadmap_edge_track_record_in_briefing: in cooldown (attempted within last 12h)
[2026-04-26T05:28:53.219810+00:00] [INFO] nothing to push — all roadmap items either complete or in cooldown
[2026-04-26T05:28:53.221639+00:00] [INFO]   wrote session briefing (15 capability groups, 0 broken integrations)
[2026-04-26T05:28:53.221764+00:00] [INFO]   cycle 608 done in 1.0s, 0 actions
[2026-04-26T05:28:53.221844+00:00] [INFO]   sleeping 900s until next cycle
[2026-04-26T05:43:53.307070+00:00] [INFO] === cycle 609 ===
[2026-04-26T05:43:54.145419+00:00] [INFO] === roadmap-driver cycle ===
[2026-04-26T05:43:54.169381+00:00] [INFO] budget check: budget block at 9.0%
[2026-04-26T05:43:54.185134+00:00] [INFO]   roadmap_edge_track_record_in_briefing: in cooldown (attempted within last 12h)
[2026-04-26T05:43:54.185246+00:00] [INFO] nothing to push — all roadmap items either complete or in cooldown
[2026-04-26T05:43:54.187641+00:00] [INFO]   wrote session briefing (15 capability groups, 0 broken integrations)
[2026-04-26T05:43:54.187796+00:00] [INFO]   cycle 609 done in 0.9s, 0 actions
[2026-04-26T05:43:54.187895+00:00] [INFO]   sleeping 900s until next cycle
[2026-04-26T05:58:54.283790+00:00] [INFO] === cycle 610 ===
[2026-04-26T05:58:55.169835+00:00] [INFO] === roadmap-driver cycle ===
[2026-04-26T05:58:55.192287+00:00] [INFO] budget check: budget block at 6.0%
[2026-04-26T05:58:55.207916+00:00] [INFO]   roadmap_edge_track_record_in_briefing: in cooldown (attempted within last 12h)
[2026-04-26T05:58:55.208017+00:00] [INFO] nothing to push — all roadmap items either complete or in cooldown
[2026-04-26T05:58:55.209787+00:00] [INFO]   wrote session briefing (15 capability groups, 0 broken integrations)
[2026-04-26T05:58:55.209908+00:00] [INFO]   cycle 610 done in 0.9s, 0 actions
[2026-04-26T05:58:55.209980+00:00] [INFO]   sleeping 900s until next cycle
[2026-04-26T06:13:55.355705+00:00] [INFO] === cycle 611 ===
[2026-04-26T06:13:56.280409+00:00] [INFO] === roadmap-driver cycle ===
[2026-04-26T06:13:56.304289+00:00] [INFO] budget check: budget block at 6.0%
[2026-04-26T06:13:56.321155+00:00] [INFO]   roadmap_edge_track_record_in_briefing: in cooldown (attempted within last 12h)
[2026-04-26T06:13:56.321269+00:00] [INFO] nothing to push — all roadmap items either complete or in cooldown
[2026-04-26T06:13:56.323114+00:00] [INFO]   wrote session briefing (15 capability groups, 0 broken integrations)
[2026-04-26T06:13:56.323240+00:00] [INFO]   cycle 611 done in 1.0s, 0 actions
[2026-04-26T06:13:56.323312+00:00] [INFO]   sleeping 900s until next cycle
[2026-04-26T06:28:56.480278+00:00] [INFO] === cycle 612 ===
[2026-04-26T06:28:57.293736+00:00] [INFO] === roadmap-driver cycle ===
[2026-04-26T06:28:57.316396+00:00] [INFO] budget check: budget block at 6.0%
[2026-04-26T06:28:57.332963+00:00] [INFO]   roadmap_edge_track_record_in_briefing: in cooldown (attempted within last 12h)
[2026-04-26T06:28:57.333084+00:00] [INFO] nothing to push — all roadmap items either complete or in cooldown
[2026-04-26T06:28:57.334794+00:00] [INFO]   wrote session briefing (15 capability groups, 0 broken integrations)
[2026-04-26T06:28:57.334939+00:00] [INFO]   cycle 612 done in 0.9s, 0 actions
[2026-04-26T06:28:57.335018+00:00] [INFO]   sleeping 900s until next cycle
[2026-04-26T06:43:57.479438+00:00] [INFO] === cycle 613 ===
[2026-04-26T06:43:58.362531+00:00] [INFO] === roadmap-driver cycle ===
[2026-04-26T06:43:58.384644+00:00] [INFO] budget check: budget block at 6.0%
[2026-04-26T06:43:58.400412+00:00] [INFO]   roadmap_edge_track_record_in_briefing: in cooldown (attempted within last 12h)
[2026-04-26T06:43:58.400527+00:00] [INFO] nothing to push — all roadmap items either complete or in cooldown
[2026-04-26T06:43:58.402704+00:00] [INFO]   wrote session briefing (15 capability groups, 0 broken integrations)
[2026-04-26T06:43:58.402859+00:00] [INFO]   cycle 613 done in 0.9s, 0 actions
[2026-04-26T06:43:58.402951+00:00] [INFO]   sleeping 900s until next cycle
[2026-04-26T06:58:58.559729+00:00] [INFO] === cycle 614 ===
[2026-04-26T06:58:58.563457+00:00] [INFO]   refreshing capability manifest
[2026-04-26T06:59:01.085983+00:00] [INFO] === roadmap-driver cycle ===
[2026-04-26T06:59:01.110112+00:00] [INFO] budget check: budget block at 9.0%
[2026-04-26T06:59:01.124402+00:00] [INFO]   PUSHED roadmap_edge_track_record_in_briefing  sev=LOW  Verify morning briefing edge-weight track record line is wir
[2026-04-26T06:59:01.126152+00:00] [INFO] === done — pushed 1 tasks, queue now 1 ===
[2026-04-26T06:59:01.126400+00:00] [INFO]   ROADMAP-DRIVER: pushed 1 build tasks (queue depth now 1)
[2026-04-26T06:59:01.128150+00:00] [INFO]   wrote session briefing (15 capability groups, 0 broken integrations)
[2026-04-26T06:59:01.128284+00:00] [INFO]   cycle 614 done in 2.6s, 1 actions
[2026-04-26T06:59:01.128373+00:00] [INFO]   sleeping 120s until next cycle
[2026-04-26T07:01:01.167588+00:00] [INFO] === cycle 615 ===
[2026-04-26T07:01:02.005137+00:00] [INFO] === roadmap-driver cycle ===
[2026-04-26T07:01:02.028582+00:00] [INFO] budget check: budget block at 9.0%
[2026-04-26T07:01:02.045025+00:00] [INFO]   roadmap_edge_track_record_in_briefing: already in pending queue
[2026-04-26T07:01:02.045138+00:00] [INFO] nothing to push — all roadmap items either complete or in cooldown
[2026-04-26T07:01:02.046886+00:00] [INFO]   wrote session briefing (15 capability groups, 0 broken integrations)
[2026-04-26T07:01:02.047132+00:00] [INFO]   cycle 615 done in 0.9s, 0 actions
[2026-04-26T07:01:02.047217+00:00] [INFO]   sleeping 900s until next cycle
[2026-04-26T07:16:02.203929+00:00] [INFO] === cycle 616 ===
[2026-04-26T07:16:03.142041+00:00] [INFO] === roadmap-driver cycle ===
[2026-04-26T07:16:03.166306+00:00] [INFO] budget check: budget block at 9.0%
[2026-04-26T07:16:03.183733+00:00] [INFO]   roadmap_edge_track_record_in_briefing: already in pending queue
[2026-04-26T07:16:03.183843+00:00] [INFO] nothing to push — all roadmap items either complete or in cooldown
[2026-04-26T07:16:03.185700+00:00] [INFO]   wrote session briefing (15 capability groups, 0 broken integrations)
[2026-04-26T07:16:03.185965+00:00] [INFO]   cycle 616 done in 1.0s, 0 actions
[2026-04-26T07:16:03.186053+00:00] [INFO]   sleeping 900s until next cycle
[2026-04-26T07:31:03.232968+00:00] [INFO] === cycle 617 ===
[2026-04-26T07:31:04.042974+00:00] [INFO] === roadmap-driver cycle ===
[2026-04-26T07:31:04.066238+00:00] [INFO] budget check: budget block at 9.0%
[2026-04-26T07:31:04.092614+00:00] [INFO]   roadmap_edge_track_record_in_briefing: already in pending queue
[2026-04-26T07:31:04.092745+00:00] [INFO] nothing to push — all roadmap items either complete or in cooldown
[2026-04-26T07:31:04.094497+00:00] [INFO]   wrote session briefing (15 capability groups, 0 broken integrations)
[2026-04-26T07:31:04.094746+00:00] [INFO]   cycle 617 done in 0.9s, 0 actions
[2026-04-26T07:31:04.094820+00:00] [INFO]   sleeping 900s until next cycle
[2026-04-26T07:46:04.243841+00:00] [INFO] === cycle 618 ===
[2026-04-26T07:46:05.098905+00:00] [INFO] === roadmap-driver cycle ===
[2026-04-26T07:46:05.121462+00:00] [INFO] budget check: budget block at 9.0%
[2026-04-26T07:46:05.147104+00:00] [INFO]   roadmap_edge_track_record_in_briefing: already in pending queue
[2026-04-26T07:46:05.147222+00:00] [INFO] nothing to push — all roadmap items either complete or in cooldown
[2026-04-26T07:46:05.149062+00:00] [INFO]   wrote session briefing (15 capability groups, 0 broken integrations)
[2026-04-26T07:46:05.149342+00:00] [INFO]   cycle 618 done in 0.9s, 0 actions
[2026-04-26T07:46:05.149428+00:00] [INFO]   sleeping 900s until next cycle
[2026-04-26T08:01:05.214501+00:00] [INFO] === cycle 619 ===
[2026-04-26T08:01:06.008306+00:00] [INFO] === roadmap-driver cycle ===
[2026-04-26T08:01:06.031153+00:00] [INFO] budget check: budget block at 6.0%
[2026-04-26T08:01:06.046242+00:00] [INFO]   roadmap_edge_track_record_in_briefing: already in pending queue
[2026-04-26T08:01:06.046349+00:00] [INFO] nothing to push — all roadmap items either complete or in cooldown
[2026-04-26T08:01:06.047826+00:00] [INFO]   wrote session briefing (15 capability groups, 0 broken integrations)
[2026-04-26T08:01:06.048124+00:00] [INFO]   cycle 619 done in 0.8s, 0 actions
[2026-04-26T08:01:06.048207+00:00] [INFO]   sleeping 900s until next cycle
[2026-04-26T08:16:06.090877+00:00] [INFO] === cycle 620 ===
[2026-04-26T08:16:06.889351+00:00] [INFO] === roadmap-driver cycle ===
[2026-04-26T08:16:06.912557+00:00] [INFO] budget check: budget block at 6.0%
[2026-04-26T08:16:06.928640+00:00] [INFO]   roadmap_edge_track_record_in_briefing: already in pending queue
[2026-04-26T08:16:06.928774+00:00] [INFO] nothing to push — all roadmap items either complete or in cooldown
[2026-04-26T08:16:06.930658+00:00] [INFO]   wrote session briefing (15 capability groups, 0 broken integrations)
[2026-04-26T08:16:06.930938+00:00] [INFO]   cycle 620 done in 0.8s, 0 actions
[2026-04-26T08:16:06.931027+00:00] [INFO]   sleeping 900s until next cycle
[2026-04-26T08:31:06.952970+00:00] [INFO] === cycle 621 ===
[2026-04-26T08:31:07.761515+00:00] [INFO] === roadmap-driver cycle ===
[2026-04-26T08:31:07.785073+00:00] [INFO] budget check: budget block at 6.0%
[2026-04-26T08:31:07.800487+00:00] [INFO]   roadmap_edge_track_record_in_briefing: already in pending queue
[2026-04-26T08:31:07.800625+00:00] [INFO] nothing to push — all roadmap items either complete or in cooldown
[2026-04-26T08:31:07.802519+00:00] [INFO]   wrote session briefing (15 capability groups, 0 broken integrations)
[2026-04-26T08:31:07.802780+00:00] [INFO]   cycle 621 done in 0.9s, 0 actions
[2026-04-26T08:31:07.802864+00:00] [INFO]   sleeping 900s until next cycle
[2026-04-26T08:46:07.856766+00:00] [INFO] === cycle 622 ===
[2026-04-26T08:46:08.868529+00:00] [INFO] === roadmap-driver cycle ===
[2026-04-26T08:46:08.892919+00:00] [INFO] budget check: budget block at 6.0%
[2026-04-26T08:46:08.920020+00:00] [INFO]   roadmap_edge_track_record_in_briefing: already in pending queue
[2026-04-26T08:46:08.920283+00:00] [INFO] nothing to push — all roadmap items either complete or in cooldown
[2026-04-26T08:46:08.922228+00:00] [INFO]   wrote session briefing (15 capability groups, 0 broken integrations)
[2026-04-26T08:46:08.922554+00:00] [INFO]   cycle 622 done in 1.1s, 0 actions
[2026-04-26T08:46:08.922664+00:00] [INFO]   sleeping 900s until next cycle
[2026-04-26T09:01:08.948482+00:00] [INFO] === cycle 623 ===
[2026-04-26T09:01:09.951613+00:00] [INFO] === roadmap-driver cycle ===
[2026-04-26T09:01:09.974413+00:00] [INFO] budget check: budget block at 16.0%
[2026-04-26T09:01:09.990262+00:00] [INFO]   roadmap_edge_track_record_in_briefing: in cooldown (attempted within last 12h)
[2026-04-26T09:01:09.990383+00:00] [INFO] nothing to push — all roadmap items either complete or in cooldown
[2026-04-26T09:01:09.991869+00:00] [INFO]   wrote session briefing (15 capability groups, 0 broken integrations)
[2026-04-26T09:01:09.992139+00:00] [INFO]   cycle 623 done in 1.0s, 0 actions
[2026-04-26T09:01:09.992224+00:00] [INFO]   sleeping 900s until next cycle
[2026-04-26T09:16:10.093245+00:00] [INFO] === cycle 624 ===
[2026-04-26T09:16:11.129538+00:00] [INFO] === roadmap-driver cycle ===
[2026-04-26T09:16:11.153224+00:00] [INFO] budget check: budget block at 16.0%
[2026-04-26T09:16:11.169056+00:00] [INFO]   roadmap_edge_track_record_in_briefing: in cooldown (attempted within last 12h)
[2026-04-26T09:16:11.169162+00:00] [INFO] nothing to push — all roadmap items either complete or in cooldown
[2026-04-26T09:16:11.170936+00:00] [INFO]   wrote session briefing (15 capability groups, 0 broken integrations)
[2026-04-26T09:16:11.171180+00:00] [INFO]   cycle 624 done in 1.1s, 0 actions
[2026-04-26T09:16:11.171275+00:00] [INFO]   sleeping 900s until next cycle
[2026-04-26T09:31:11.327236+00:00] [INFO] === cycle 625 ===
[2026-04-26T09:31:12.312061+00:00] [INFO] === roadmap-driver cycle ===
[2026-04-26T09:31:12.337596+00:00] [INFO] budget check: budget block at 16.0%
[2026-04-26T09:31:12.355381+00:00] [INFO]   roadmap_edge_track_record_in_briefing: in cooldown (attempted within last 12h)
[2026-04-26T09:31:12.355497+00:00] [INFO] nothing to push — all roadmap items either complete or in cooldown
[2026-04-26T09:31:12.357190+00:00] [INFO]   wrote session briefing (15 capability groups, 0 broken integrations)
[2026-04-26T09:31:12.357488+00:00] [INFO]   cycle 625 done in 1.0s, 0 actions
[2026-04-26T09:31:12.357562+00:00] [INFO]   sleeping 900s until next cycle
[2026-04-26T09:46:12.503847+00:00] [INFO] === cycle 626 ===
[2026-04-26T09:46:13.397002+00:00] [INFO] === roadmap-driver cycle ===
[2026-04-26T09:46:13.423533+00:00] [INFO] budget check: budget block at 16.0%
[2026-04-26T09:46:13.440894+00:00] [INFO]   roadmap_edge_track_record_in_briefing: in cooldown (attempted within last 12h)
[2026-04-26T09:46:13.441386+00:00] [INFO] nothing to push — all roadmap items either complete or in cooldown
[2026-04-26T09:46:13.443197+00:00] [INFO]   wrote session briefing (15 capability groups, 0 broken integrations)
[2026-04-26T09:46:13.443468+00:00] [INFO]   cycle 626 done in 0.9s, 0 actions
[2026-04-26T09:46:13.443544+00:00] [INFO]   sleeping 900s until next cycle
[2026-04-26T10:01:13.561269+00:00] [INFO] === cycle 627 ===
[2026-04-26T10:01:14.392643+00:00] [INFO] === roadmap-driver cycle ===
[2026-04-26T10:01:14.416803+00:00] [INFO] budget check: budget block at 13.0%
[2026-04-26T10:01:14.433069+00:00] [INFO]   roadmap_edge_track_record_in_briefing: in cooldown (attempted within last 12h)
[2026-04-26T10:01:14.433205+00:00] [INFO] nothing to push — all roadmap items either complete or in cooldown
[2026-04-26T10:01:14.435084+00:00] [INFO]   wrote session briefing (15 capability groups, 0 broken integrations)
[2026-04-26T10:01:14.435348+00:00] [INFO]   cycle 627 done in 0.9s, 0 actions
[2026-04-26T10:01:14.435429+00:00] [INFO]   sleeping 900s until next cycle
[2026-04-26T10:16:14.585795+00:00] [INFO] === cycle 628 ===
[2026-04-26T10:16:15.586869+00:00] [INFO] === roadmap-driver cycle ===
[2026-04-26T10:16:15.610384+00:00] [INFO] budget check: budget block at 13.0%
[2026-04-26T10:16:15.633028+00:00] [INFO]   roadmap_edge_track_record_in_briefing: in cooldown (attempted within last 12h)
[2026-04-26T10:16:15.633137+00:00] [INFO] nothing to push — all roadmap items either complete or in cooldown
[2026-04-26T10:16:15.634910+00:00] [INFO]   wrote session briefing (15 capability groups, 0 broken integrations)
[2026-04-26T10:16:15.635152+00:00] [INFO]   cycle 628 done in 1.0s, 0 actions
[2026-04-26T10:16:15.635223+00:00] [INFO]   sleeping 900s until next cycle
[2026-04-26T10:31:15.745008+00:00] [INFO] === cycle 629 ===
[2026-04-26T10:31:16.748382+00:00] [INFO] === roadmap-driver cycle ===
[2026-04-26T10:31:16.772191+00:00] [INFO] budget check: budget block at 13.0%
[2026-04-26T10:31:16.788958+00:00] [INFO]   roadmap_edge_track_record_in_briefing: in cooldown (attempted within last 12h)
[2026-04-26T10:31:16.789079+00:00] [INFO] nothing to push — all roadmap items either complete or in cooldown
[2026-04-26T10:31:16.791542+00:00] [INFO]   wrote session briefing (15 capability groups, 0 broken integrations)
[2026-04-26T10:31:16.792862+00:00] [INFO]   cycle 629 done in 1.0s, 0 actions
[2026-04-26T10:31:16.792950+00:00] [INFO]   sleeping 900s until next cycle
[2026-04-26T10:46:16.844010+00:00] [INFO] === cycle 630 ===
[2026-04-26T10:46:17.825747+00:00] [INFO] === roadmap-driver cycle ===
[2026-04-26T10:46:17.849077+00:00] [INFO] budget check: budget block at 13.0%
[2026-04-26T10:46:17.874396+00:00] [INFO]   roadmap_edge_track_record_in_briefing: in cooldown (attempted within last 12h)
[2026-04-26T10:46:17.874536+00:00] [INFO] nothing to push — all roadmap items either complete or in cooldown
[2026-04-26T10:46:17.876562+00:00] [INFO]   wrote session briefing (15 capability groups, 0 broken integrations)
[2026-04-26T10:46:17.876850+00:00] [INFO]   cycle 630 done in 1.0s, 0 actions
[2026-04-26T10:46:17.876932+00:00] [INFO]   sleeping 900s until next cycle
[2026-04-26T11:01:17.911563+00:00] [INFO] === cycle 631 ===
[2026-04-26T11:01:17.914963+00:00] [INFO]   refreshing capability manifest
[2026-04-26T11:01:20.535398+00:00] [INFO] === roadmap-driver cycle ===
[2026-04-26T11:01:20.558790+00:00] [INFO] budget check: budget block at 16.0%
[2026-04-26T11:01:20.574718+00:00] [INFO]   roadmap_edge_track_record_in_briefing: in cooldown (attempted within last 12h)
[2026-04-26T11:01:20.574835+00:00] [INFO] nothing to push — all roadmap items either complete or in cooldown
[2026-04-26T11:01:20.576608+00:00] [INFO]   wrote session briefing (15 capability groups, 0 broken integrations)
[2026-04-26T11:01:20.576863+00:00] [INFO]   cycle 631 done in 2.7s, 0 actions
[2026-04-26T11:01:20.576935+00:00] [INFO]   sleeping 900s until next cycle
[2026-04-26T11:16:20.602954+00:00] [INFO] === cycle 632 ===
[2026-04-26T11:16:21.604042+00:00] [INFO] === roadmap-driver cycle ===
[2026-04-26T11:16:21.628946+00:00] [INFO] budget check: budget block at 16.0%
[2026-04-26T11:16:21.646419+00:00] [INFO]   roadmap_edge_track_record_in_briefing: in cooldown (attempted within last 12h)
[2026-04-26T11:16:21.646529+00:00] [INFO] nothing to push — all roadmap items either complete or in cooldown
[2026-04-26T11:16:21.648546+00:00] [INFO]   wrote session briefing (15 capability groups, 0 broken integrations)
[2026-04-26T11:16:21.648811+00:00] [INFO]   cycle 632 done in 1.0s, 0 actions
[2026-04-26T11:16:21.648894+00:00] [INFO]   sleeping 900s until next cycle
[2026-04-26T11:31:21.805735+00:00] [INFO] === cycle 633 ===
[2026-04-26T11:31:22.798151+00:00] [INFO] === roadmap-driver cycle ===
[2026-04-26T11:31:22.822583+00:00] [INFO] budget check: budget block at 16.0%
[2026-04-26T11:31:22.838817+00:00] [INFO]   roadmap_edge_track_record_in_briefing: in cooldown (attempted within last 12h)
[2026-04-26T11:31:22.839337+00:00] [INFO] nothing to push — all roadmap items either complete or in cooldown
[2026-04-26T11:31:22.841277+00:00] [INFO]   wrote session briefing (15 capability groups, 0 broken integrations)
[2026-04-26T11:31:22.841523+00:00] [INFO]   cycle 633 done in 1.0s, 0 actions
[2026-04-26T11:31:22.841598+00:00] [INFO]   sleeping 900s until next cycle
[2026-04-26T11:46:22.951748+00:00] [INFO] === cycle 634 ===
[2026-04-26T11:46:23.931896+00:00] [INFO] === roadmap-driver cycle ===
[2026-04-26T11:46:23.956206+00:00] [INFO] budget check: budget block at 16.0%
[2026-04-26T11:46:23.972711+00:00] [INFO]   roadmap_edge_track_record_in_briefing: in cooldown (attempted within last 12h)
[2026-04-26T11:46:23.972834+00:00] [INFO] nothing to push — all roadmap items either complete or in cooldown
[2026-04-26T11:46:23.974961+00:00] [INFO]   wrote session briefing (15 capability groups, 0 broken integrations)
[2026-04-26T11:46:23.975196+00:00] [INFO]   cycle 634 done in 1.0s, 0 actions
[2026-04-26T11:46:23.975269+00:00] [INFO]   sleeping 900s until next cycle
[2026-04-26T12:01:24.109700+00:00] [INFO] === cycle 635 ===
[2026-04-26T12:01:25.082302+00:00] [INFO] === roadmap-driver cycle ===
[2026-04-26T12:01:25.105666+00:00] [INFO] budget check: budget block at 13.0%
[2026-04-26T12:01:25.122328+00:00] [INFO]   roadmap_edge_track_record_in_briefing: in cooldown (attempted within last 12h)
[2026-04-26T12:01:25.122448+00:00] [INFO] nothing to push — all roadmap items either complete or in cooldown
[2026-04-26T12:01:25.124955+00:00] [INFO]   wrote session briefing (15 capability groups, 0 broken integrations)
[2026-04-26T12:01:25.125256+00:00] [INFO]   cycle 635 done in 1.0s, 0 actions
[2026-04-26T12:01:25.125331+00:00] [INFO]   sleeping 900s until next cycle
[2026-04-26T12:16:25.169043+00:00] [INFO] === cycle 636 ===
[2026-04-26T12:16:26.181871+00:00] [INFO] === roadmap-driver cycle ===
[2026-04-26T12:16:26.205887+00:00] [INFO] budget check: budget block at 13.0%
[2026-04-26T12:16:26.222685+00:00] [INFO]   roadmap_edge_track_record_in_briefing: in cooldown (attempted within last 12h)
[2026-04-26T12:16:26.222814+00:00] [INFO] nothing to push — all roadmap items either complete or in cooldown
[2026-04-26T12:16:26.224898+00:00] [INFO]   wrote session briefing (15 capability groups, 0 broken integrations)
[2026-04-26T12:16:26.225171+00:00] [INFO]   cycle 636 done in 1.1s, 0 actions
[2026-04-26T12:16:26.225249+00:00] [INFO]   sleeping 900s until next cycle
[2026-04-26T12:31:26.277023+00:00] [INFO] === cycle 637 ===
[2026-04-26T12:31:27.275577+00:00] [INFO] === roadmap-driver cycle ===
[2026-04-26T12:31:27.299620+00:00] [INFO] budget check: budget block at 13.0%
[2026-04-26T12:31:27.315899+00:00] [INFO]   roadmap_edge_track_record_in_briefing: in cooldown (attempted within last 12h)
[2026-04-26T12:31:27.316014+00:00] [INFO] nothing to push — all roadmap items either complete or in cooldown
[2026-04-26T12:31:27.317974+00:00] [INFO]   wrote session briefing (15 capability groups, 0 broken integrations)
[2026-04-26T12:31:27.318255+00:00] [INFO]   cycle 637 done in 1.0s, 0 actions
[2026-04-26T12:31:27.318333+00:00] [INFO]   sleeping 900s until next cycle
[2026-04-26T12:46:27.347212+00:00] [INFO] === cycle 638 ===
[2026-04-26T12:46:28.385532+00:00] [INFO] === roadmap-driver cycle ===
[2026-04-26T12:46:28.410266+00:00] [INFO] budget check: budget block at 13.0%
[2026-04-26T12:46:28.434749+00:00] [INFO]   roadmap_edge_track_record_in_briefing: in cooldown (attempted within last 12h)
[2026-04-26T12:46:28.434880+00:00] [INFO] nothing to push — all roadmap items either complete or in cooldown
[2026-04-26T12:46:28.437261+00:00] [INFO]   wrote session briefing (15 capability groups, 0 broken integrations)
[2026-04-26T12:46:28.437529+00:00] [INFO]   cycle 638 done in 1.1s, 0 actions
[2026-04-26T12:46:28.437615+00:00] [INFO]   sleeping 900s until next cycle
[2026-04-26T13:01:28.542422+00:00] [INFO] === cycle 639 ===
[2026-04-26T13:01:29.524046+00:00] [INFO] === roadmap-driver cycle ===
[2026-04-26T13:01:29.548488+00:00] [INFO] budget check: budget block at 16.0%
[2026-04-26T13:01:29.565547+00:00] [INFO]   roadmap_edge_track_record_in_briefing: in cooldown (attempted within last 12h)
[2026-04-26T13:01:29.565669+00:00] [INFO] nothing to push — all roadmap items either complete or in cooldown
[2026-04-26T13:01:29.567888+00:00] [INFO]   wrote session briefing (15 capability groups, 0 broken integrations)
[2026-04-26T13:01:29.568165+00:00] [INFO]   cycle 639 done in 1.0s, 0 actions
[2026-04-26T13:01:29.568251+00:00] [INFO]   sleeping 900s until next cycle
[2026-04-26T13:16:29.578286+00:00] [INFO] === cycle 640 ===
[2026-04-26T13:16:30.582838+00:00] [INFO] === roadmap-driver cycle ===
[2026-04-26T13:16:30.609001+00:00] [INFO] budget check: budget block at 16.0%
[2026-04-26T13:16:30.625649+00:00] [INFO]   roadmap_edge_track_record_in_briefing: in cooldown (attempted within last 12h)
[2026-04-26T13:16:30.625763+00:00] [INFO] nothing to push — all roadmap items either complete or in cooldown
[2026-04-26T13:16:30.627824+00:00] [INFO]   wrote session briefing (15 capability groups, 0 broken integrations)
[2026-04-26T13:16:30.628067+00:00] [INFO]   cycle 640 done in 1.0s, 0 actions
[2026-04-26T13:16:30.628149+00:00] [INFO]   sleeping 900s until next cycle
[2026-04-26T13:31:30.780645+00:00] [INFO] === cycle 641 ===
[2026-04-26T13:31:31.727610+00:00] [INFO] === roadmap-driver cycle ===
[2026-04-26T13:31:31.754300+00:00] [INFO] budget check: budget block at 16.0%
[2026-04-26T13:31:31.771344+00:00] [INFO]   roadmap_edge_track_record_in_briefing: in cooldown (attempted within last 12h)
[2026-04-26T13:31:31.771482+00:00] [INFO] nothing to push — all roadmap items either complete or in cooldown
[2026-04-26T13:31:31.773752+00:00] [INFO]   wrote session briefing (15 capability groups, 0 broken integrations)
[2026-04-26T13:31:31.774024+00:00] [INFO]   cycle 641 done in 1.0s, 0 actions
[2026-04-26T13:31:31.774115+00:00] [INFO]   sleeping 900s until next cycle
[2026-04-26T13:46:31.828210+00:00] [INFO] === cycle 642 ===
[2026-04-26T13:46:32.806484+00:00] [INFO] === roadmap-driver cycle ===
[2026-04-26T13:46:32.832377+00:00] [INFO] budget check: budget block at 16.0%
[2026-04-26T13:46:32.848076+00:00] [INFO]   roadmap_edge_track_record_in_briefing: in cooldown (attempted within last 12h)
[2026-04-26T13:46:32.848209+00:00] [INFO] nothing to push — all roadmap items either complete or in cooldown
[2026-04-26T13:46:32.850204+00:00] [INFO]   wrote session briefing (15 capability groups, 0 broken integrations)
[2026-04-26T13:46:32.850479+00:00] [INFO]   cycle 642 done in 1.0s, 0 actions
[2026-04-26T13:46:32.850577+00:00] [INFO]   sleeping 900s until next cycle
[2026-04-26T14:01:33.010164+00:00] [INFO] === cycle 643 ===
[2026-04-26T14:01:33.996954+00:00] [INFO] === roadmap-driver cycle ===
[2026-04-26T14:01:34.021274+00:00] [INFO] budget check: budget block at 6.0%
[2026-04-26T14:01:34.036498+00:00] [INFO]   roadmap_edge_track_record_in_briefing: in cooldown (attempted within last 12h)
[2026-04-26T14:01:34.036617+00:00] [INFO] nothing to push — all roadmap items either complete or in cooldown
[2026-04-26T14:01:34.038380+00:00] [INFO]   wrote session briefing (15 capability groups, 0 broken integrations)
[2026-04-26T14:01:34.038626+00:00] [INFO]   cycle 643 done in 1.0s, 0 actions
[2026-04-26T14:01:34.038705+00:00] [INFO]   sleeping 900s until next cycle
[2026-04-26T14:16:34.111000+00:00] [INFO] === cycle 644 ===
[2026-04-26T14:16:35.014782+00:00] [INFO] === roadmap-driver cycle ===
[2026-04-26T14:16:35.040273+00:00] [INFO] budget check: budget block at 6.0%
[2026-04-26T14:16:35.063721+00:00] [INFO]   roadmap_edge_track_record_in_briefing: in cooldown (attempted within last 12h)
[2026-04-26T14:16:35.063859+00:00] [INFO] nothing to push — all roadmap items either complete or in cooldown
[2026-04-26T14:16:35.065711+00:00] [INFO]   wrote session briefing (15 capability groups, 0 broken integrations)
[2026-04-26T14:16:35.066004+00:00] [INFO]   cycle 644 done in 1.0s, 0 actions
[2026-04-26T14:16:35.066099+00:00] [INFO]   sleeping 900s until next cycle
[2026-04-26T14:31:35.214681+00:00] [INFO] === cycle 645 ===
[2026-04-26T14:31:36.089165+00:00] [INFO] === roadmap-driver cycle ===
[2026-04-26T14:31:36.114390+00:00] [INFO] budget check: budget block at 12.0%
[2026-04-26T14:31:36.130341+00:00] [INFO]   roadmap_edge_track_record_in_briefing: in cooldown (attempted within last 12h)
[2026-04-26T14:31:36.130465+00:00] [INFO] nothing to push — all roadmap items either complete or in cooldown
[2026-04-26T14:31:36.132072+00:00] [INFO]   wrote session briefing (15 capability groups, 0 broken integrations)
[2026-04-26T14:31:36.132351+00:00] [INFO]   cycle 645 done in 0.9s, 0 actions
[2026-04-26T14:31:36.132439+00:00] [INFO]   sleeping 900s until next cycle
[2026-04-26T14:46:36.289675+00:00] [INFO] === cycle 646 ===
[2026-04-26T14:46:37.246619+00:00] [INFO] === roadmap-driver cycle ===
[2026-04-26T14:46:37.275668+00:00] [INFO] budget check: budget block at 72.0% >= 70% threshold
[2026-04-26T14:46:37.275719+00:00] [INFO] SKIP — budget threshold exceeded
[2026-04-26T14:46:37.275777+00:00] [INFO]   ROADMAP-DRIVER status: skipped_budget
[2026-04-26T14:46:37.277223+00:00] [INFO]   wrote session briefing (15 capability groups, 0 broken integrations)
[2026-04-26T14:46:37.277476+00:00] [INFO]   cycle 646 done in 1.0s, 0 actions
[2026-04-26T14:46:37.277549+00:00] [INFO]   sleeping 900s until next cycle
[2026-04-26T15:01:37.434487+00:00] [INFO] === cycle 647 ===
[2026-04-26T15:01:37.437883+00:00] [INFO]   refreshing capability manifest
[2026-04-26T15:01:39.941132+00:00] [INFO] === roadmap-driver cycle ===
[2026-04-26T15:01:39.969888+00:00] [INFO] budget check: budget block at 75.0% >= 70% threshold
[2026-04-26T15:01:39.969936+00:00] [INFO] SKIP — budget threshold exceeded
[2026-04-26T15:01:39.969983+00:00] [INFO]   ROADMAP-DRIVER status: skipped_budget
[2026-04-26T15:01:39.971362+00:00] [INFO]   wrote session briefing (15 capability groups, 0 broken integrations)
[2026-04-26T15:01:39.971615+00:00] [INFO]   cycle 647 done in 2.5s, 0 actions
[2026-04-26T15:01:39.971688+00:00] [INFO]   sleeping 900s until next cycle
[2026-04-26T15:16:40.129312+00:00] [INFO] === cycle 648 ===
[2026-04-26T15:16:41.043525+00:00] [INFO] === roadmap-driver cycle ===
[2026-04-26T15:16:41.070504+00:00] [INFO] budget check: budget block at 75.0% >= 70% threshold
[2026-04-26T15:16:41.070553+00:00] [INFO] SKIP — budget threshold exceeded
[2026-04-26T15:16:41.070599+00:00] [INFO]   ROADMAP-DRIVER status: skipped_budget
[2026-04-26T15:16:41.072057+00:00] [INFO]   wrote session briefing (15 capability groups, 0 broken integrations)
[2026-04-26T15:16:41.072271+00:00] [INFO]   cycle 648 done in 0.9s, 0 actions
[2026-04-26T15:16:41.072339+00:00] [INFO]   sleeping 900s until next cycle
[2026-04-26T15:31:41.229259+00:00] [INFO] === cycle 649 ===
[2026-04-26T15:31:42.183961+00:00] [INFO] === roadmap-driver cycle ===
[2026-04-26T15:31:42.212309+00:00] [INFO] budget check: budget block at 75.0% >= 70% threshold
[2026-04-26T15:31:42.212355+00:00] [INFO] SKIP — budget threshold exceeded
[2026-04-26T15:31:42.212416+00:00] [INFO]   ROADMAP-DRIVER status: skipped_budget
[2026-04-26T15:31:42.213961+00:00] [INFO]   wrote session briefing (15 capability groups, 0 broken integrations)
[2026-04-26T15:31:42.214173+00:00] [INFO]   cycle 649 done in 1.0s, 0 actions
[2026-04-26T15:31:42.214243+00:00] [INFO]   sleeping 900s until next cycle
[2026-04-26T15:46:42.370877+00:00] [INFO] === cycle 650 ===
[2026-04-26T15:46:43.233824+00:00] [INFO] === roadmap-driver cycle ===
[2026-04-26T15:46:43.261064+00:00] [INFO] budget check: budget block at 75.0% >= 70% threshold
[2026-04-26T15:46:43.261111+00:00] [INFO] SKIP — budget threshold exceeded
[2026-04-26T15:46:43.261167+00:00] [INFO]   ROADMAP-DRIVER status: skipped_budget
[2026-04-26T15:46:43.262597+00:00] [INFO]   wrote session briefing (15 capability groups, 0 broken integrations)
[2026-04-26T15:46:43.262809+00:00] [INFO]   cycle 650 done in 0.9s, 0 actions
[2026-04-26T15:46:43.262877+00:00] [INFO]   sleeping 900s until next cycle
[2026-04-26T16:01:43.421194+00:00] [INFO] === cycle 651 ===
[2026-04-26T16:01:44.351206+00:00] [INFO] === roadmap-driver cycle ===
[2026-04-26T16:01:44.379651+00:00] [INFO] budget check: budget block at 72.0% >= 70% threshold
[2026-04-26T16:01:44.379696+00:00] [INFO] SKIP — budget threshold exceeded
[2026-04-26T16:01:44.379755+00:00] [INFO]   ROADMAP-DRIVER status: skipped_budget
[2026-04-26T16:01:44.381193+00:00] [INFO]   wrote session briefing (15 capability groups, 0 broken integrations)
[2026-04-26T16:01:44.381405+00:00] [INFO]   cycle 651 done in 1.0s, 0 actions
[2026-04-26T16:01:44.381478+00:00] [INFO]   sleeping 900s until next cycle
[2026-04-26T16:16:44.538623+00:00] [INFO] === cycle 652 ===
[2026-04-26T16:16:45.433579+00:00] [INFO] === roadmap-driver cycle ===
[2026-04-26T16:16:45.461036+00:00] [INFO] budget check: budget block at 72.0% >= 70% threshold
[2026-04-26T16:16:45.461086+00:00] [INFO] SKIP — budget threshold exceeded
[2026-04-26T16:16:45.461121+00:00] [INFO]   ROADMAP-DRIVER status: skipped_budget
[2026-04-26T16:16:45.462702+00:00] [INFO]   wrote session briefing (15 capability groups, 0 broken integrations)
[2026-04-26T16:16:45.462914+00:00] [INFO]   cycle 652 done in 0.9s, 0 actions
[2026-04-26T16:16:45.462981+00:00] [INFO]   sleeping 900s until next cycle
[2026-04-26T16:31:45.619655+00:00] [INFO] === cycle 653 ===
[2026-04-26T16:31:46.614672+00:00] [INFO] === roadmap-driver cycle ===
[2026-04-26T16:31:46.643459+00:00] [INFO] budget check: budget block at 72.0% >= 70% threshold
[2026-04-26T16:31:46.643506+00:00] [INFO] SKIP — budget threshold exceeded
[2026-04-26T16:31:46.643552+00:00] [INFO]   ROADMAP-DRIVER status: skipped_budget
[2026-04-26T16:31:46.645199+00:00] [INFO]   wrote session briefing (15 capability groups, 0 broken integrations)
[2026-04-26T16:31:46.645510+00:00] [INFO]   cycle 653 done in 1.0s, 0 actions
[2026-04-26T16:31:46.645580+00:00] [INFO]   sleeping 900s until next cycle
[2026-04-26T16:46:46.801688+00:00] [INFO] === cycle 654 ===
[2026-04-26T16:46:47.724999+00:00] [INFO] === roadmap-driver cycle ===
[2026-04-26T16:46:47.753655+00:00] [INFO] budget check: budget block at 72.0% >= 70% threshold
[2026-04-26T16:46:47.753701+00:00] [INFO] SKIP — budget threshold exceeded
[2026-04-26T16:46:47.753762+00:00] [INFO]   ROADMAP-DRIVER status: skipped_budget
[2026-04-26T16:46:47.755355+00:00] [INFO]   wrote session briefing (15 capability groups, 0 broken integrations)
[2026-04-26T16:46:47.755580+00:00] [INFO]   cycle 654 done in 1.0s, 0 actions
[2026-04-26T16:46:47.755649+00:00] [INFO]   sleeping 900s until next cycle
[2026-04-26T17:01:47.912627+00:00] [INFO] === cycle 655 ===
[2026-04-26T17:01:48.819127+00:00] [INFO] === roadmap-driver cycle ===
[2026-04-26T17:01:48.848314+00:00] [INFO] budget check: budget block at 119.0% >= 70% threshold
[2026-04-26T17:01:48.848363+00:00] [INFO] SKIP — budget threshold exceeded
[2026-04-26T17:01:48.848424+00:00] [INFO]   ROADMAP-DRIVER status: skipped_budget
[2026-04-26T17:01:48.849782+00:00] [INFO]   wrote session briefing (15 capability groups, 0 broken integrations)
[2026-04-26T17:01:48.850025+00:00] [INFO]   cycle 655 done in 0.9s, 0 actions
[2026-04-26T17:01:48.850100+00:00] [INFO]   sleeping 3600s until next cycle
[2026-04-26T18:01:49.019136+00:00] [INFO] === cycle 656 ===
[2026-04-26T18:01:49.985007+00:00] [INFO]   DETECT 1 crashed launchagents
[2026-04-26T18:01:49.991272+00:00] [INFO]   QUEUED fix_crashed_launchagents → cowork [orch:fix_crashed_launchagents:0cd927]
[2026-04-26T18:01:49.991806+00:00] [INFO]   DIRECTED: queued=1, consulted=0, skipped=0
[2026-04-26T18:01:49.992386+00:00] [INFO] === roadmap-driver cycle ===
[2026-04-26T18:01:50.022182+00:00] [INFO] budget check: budget block at 116.0% >= 70% threshold
[2026-04-26T18:01:50.022238+00:00] [INFO] SKIP — budget threshold exceeded
[2026-04-26T18:01:50.022288+00:00] [INFO]   ROADMAP-DRIVER status: skipped_budget
[2026-04-26T18:01:50.023582+00:00] [INFO]   wrote session briefing (15 capability groups, 0 broken integrations)
[2026-04-26T18:01:50.023833+00:00] [INFO]   cycle 656 done in 1.0s, 1 actions
[2026-04-26T18:01:50.023909+00:00] [INFO]   sleeping 3600s until next cycle
[2026-04-26T18:49:50.303482+00:00] [INFO] signal 15, exiting cleanly
[2026-04-26T18:49:50.421452+00:00] [INFO] === ORCHESTRATOR STARTED pid=2090 ===
[2026-04-26T18:49:50.421863+00:00] [INFO] === cycle 657 ===
[2026-04-26T18:49:51.273351+00:00] [INFO]   DETECT 1 crashed launchagents
[2026-04-26T18:49:51.276853+00:00] [ERROR]   peer_supervisor failed: can't subtract offset-naive and offset-aware datetimes
[2026-04-26T18:49:51.277220+00:00] [INFO] === roadmap-driver cycle ===
[2026-04-26T18:49:51.334885+00:00] [INFO] budget check: budget block at 427.0% >= 70% threshold
[2026-04-26T18:49:51.334946+00:00] [INFO] SKIP — budget threshold exceeded
[2026-04-26T18:49:51.335002+00:00] [INFO]   ROADMAP-DRIVER status: skipped_budget
[2026-04-26T18:49:51.336935+00:00] [WARN]   persistent-memory-curator failed: name 'HERE' is not defined
[2026-04-26T18:49:51.338021+00:00] [INFO]   wrote session briefing (15 capability groups, 0 broken integrations)
[2026-04-26T18:49:51.338254+00:00] [INFO]   cycle 657 done in 0.9s, 0 actions
[2026-04-26T18:49:51.338335+00:00] [INFO]   sleeping 3600s until next cycle
[2026-04-26T19:49:51.399309+00:00] [INFO] === cycle 658 ===
[2026-04-26T19:49:51.404611+00:00] [INFO]   refreshing capability manifest
[2026-04-26T19:49:54.165407+00:00] [INFO]   LEARNED from 1 completed tasks (tracking 5 action types)
[2026-04-26T19:51:47.366043+00:00] [INFO] signal 15, exiting cleanly
[2026-04-26T19:51:47.474137+00:00] [INFO] === ORCHESTRATOR STARTED pid=39527 ===
[2026-04-26T19:51:47.474398+00:00] [INFO] === cycle 658 ===
[2026-04-26T19:51:48.310584+00:00] [ERROR]   peer_supervisor failed: can't subtract offset-naive and offset-aware datetimes
[2026-04-26T19:51:48.310958+00:00] [INFO] === roadmap-driver cycle ===
[2026-04-26T19:51:48.423682+00:00] [INFO] budget check: budget block at 669.0% >= 70% threshold
[2026-04-26T19:51:48.423783+00:00] [INFO] SKIP — budget threshold exceeded
[2026-04-26T19:51:48.423998+00:00] [INFO]   ROADMAP-DRIVER status: skipped_budget
[2026-04-26T19:51:48.425648+00:00] [WARN]   persistent-memory-curator failed: name 'HERE' is not defined
[2026-04-26T19:51:48.426680+00:00] [INFO]   wrote session briefing (15 capability groups, 0 broken integrations)
[2026-04-26T19:51:48.426974+00:00] [INFO]   cycle 658 done in 1.0s, 0 actions
[2026-04-26T19:51:48.427081+00:00] [INFO]   sleeping 3600s until next cycle
[2026-04-26T20:51:48.604239+00:00] [INFO] === cycle 659 ===
[2026-04-26T20:51:49.675566+00:00] [INFO]   LEARNED from 1 completed tasks (tracking 6 action types)
[2026-04-26T20:51:55.571368+00:00] [INFO]   PEER-SUPERVISOR: 3 findings (STUCK_LOOP, STALE, STUCK_LOOP)
[2026-04-26T20:51:55.572738+00:00] [INFO] === roadmap-driver cycle ===
[2026-04-26T20:51:55.739611+00:00] [INFO] budget check: budget block at 725.5% >= 70% threshold
[2026-04-26T20:51:55.739718+00:00] [INFO] SKIP — budget threshold exceeded
[2026-04-26T20:51:55.739938+00:00] [INFO]   ROADMAP-DRIVER status: skipped_budget
[2026-04-26T20:51:55.740833+00:00] [WARN]   persistent-memory-curator failed: name 'HERE' is not defined
[2026-04-26T20:51:55.742241+00:00] [INFO]   wrote session briefing (15 capability groups, 0 broken integrations)
[2026-04-26T20:51:55.742497+00:00] [INFO]   cycle 659 done in 7.1s, 3 actions
[2026-04-26T20:51:55.742627+00:00] [INFO]   sleeping 3600s until next cycle
[2026-04-26T21:51:55.919622+00:00] [INFO] === cycle 660 ===
[2026-04-26T21:52:02.858334+00:00] [INFO]   PEER-SUPERVISOR: 3 findings (STUCK_LOOP, STALE, STUCK_LOOP)
[2026-04-26T21:52:02.859703+00:00] [INFO] === roadmap-driver cycle ===
[2026-04-26T21:52:03.036640+00:00] [INFO] budget check: budget block at 725.5% >= 70% threshold
[2026-04-26T21:52:03.036741+00:00] [INFO] SKIP — budget threshold exceeded
[2026-04-26T21:52:03.036983+00:00] [INFO]   ROADMAP-DRIVER status: skipped_budget
[2026-04-26T21:52:03.037959+00:00] [WARN]   persistent-memory-curator failed: name 'HERE' is not defined
[2026-04-26T21:52:03.039845+00:00] [INFO]   wrote session briefing (15 capability groups, 0 broken integrations)
[2026-04-26T21:52:03.040116+00:00] [INFO]   cycle 660 done in 7.1s, 3 actions
[2026-04-26T21:52:03.040261+00:00] [INFO]   sleeping 3600s until next cycle
[2026-04-26T22:20:59.940586+00:00] [INFO] signal 15, exiting cleanly
[2026-04-26T22:21:00.049682+00:00] [INFO] === ORCHESTRATOR STARTED pid=78863 ===
[2026-04-26T22:21:00.049934+00:00] [INFO] === cycle 661 ===
[2026-04-26T22:23:21.659416+00:00] [INFO]   PEER-SUPERVISOR: 3 findings (STUCK_LOOP, STALE, STUCK_LOOP)
[2026-04-26T22:23:21.660514+00:00] [INFO] === roadmap-driver cycle ===
[2026-04-26T22:23:22.149154+00:00] [INFO] budget check: budget block at 702.0% >= 70% threshold
[2026-04-26T22:23:22.149210+00:00] [INFO] SKIP — budget threshold exceeded
[2026-04-26T22:23:22.149237+00:00] [INFO]   ROADMAP-DRIVER status: skipped_budget
[2026-04-26T22:23:22.151983+00:00] [WARN]   persistent-memory-curator failed: name 'HERE' is not defined
[2026-04-26T22:23:22.154304+00:00] [INFO]   wrote session briefing (15 capability groups, 0 broken integrations)
[2026-04-26T22:23:22.154644+00:00] [INFO]   cycle 661 done in 142.1s, 3 actions
[2026-04-26T22:23:22.154990+00:00] [INFO]   sleeping 3600s until next cycle
[2026-04-26T23:23:22.319387+00:00] [INFO] === cycle 662 ===
[2026-04-26T23:23:23.513001+00:00] [INFO]   LEARNED from 1 completed tasks (tracking 6 action types)
[2026-04-26T23:23:29.465480+00:00] [INFO]   PEER-SUPERVISOR: 3 findings (STUCK_LOOP, STALE, STUCK_LOOP)
[2026-04-26T23:23:29.466979+00:00] [INFO] === roadmap-driver cycle ===
[2026-04-26T23:23:29.715960+00:00] [INFO] budget check: budget block at 752.0% >= 70% threshold
[2026-04-26T23:23:29.716063+00:00] [INFO] SKIP — budget threshold exceeded
[2026-04-26T23:23:29.716298+00:00] [INFO]   ROADMAP-DRIVER status: skipped_budget
[2026-04-26T23:23:29.717273+00:00] [WARN]   persistent-memory-curator failed: name 'HERE' is not defined
[2026-04-26T23:23:29.719590+00:00] [INFO]   wrote session briefing (15 capability groups, 0 broken integrations)
[2026-04-26T23:23:29.719858+00:00] [INFO]   cycle 662 done in 7.4s, 3 actions
[2026-04-26T23:23:29.720031+00:00] [INFO]   sleeping 3600s until next cycle
[2026-04-27T00:23:29.900458+00:00] [INFO] === cycle 663 ===
[2026-04-27T00:23:29.905079+00:00] [INFO]   refreshing capability manifest
[2026-04-27T00:23:39.826901+00:00] [INFO]   PEER-SUPERVISOR: 3 findings (STUCK_LOOP, STALE, STUCK_LOOP)
[2026-04-27T00:23:39.828235+00:00] [INFO] === roadmap-driver cycle ===
[2026-04-27T00:23:40.082100+00:00] [INFO] budget check: budget block at 399.0% >= 70% threshold
[2026-04-27T00:23:40.082202+00:00] [INFO] SKIP — budget threshold exceeded
[2026-04-27T00:23:40.082430+00:00] [INFO]   ROADMAP-DRIVER status: skipped_budget
[2026-04-27T00:23:40.083709+00:00] [WARN]   persistent-memory-curator failed: name 'HERE' is not defined
[2026-04-27T00:23:40.086294+00:00] [INFO]   wrote session briefing (15 capability groups, 0 broken integrations)
[2026-04-27T00:23:40.086540+00:00] [INFO]   cycle 663 done in 10.2s, 3 actions
[2026-04-27T00:23:40.086723+00:00] [INFO]   sleeping 3600s until next cycle
[2026-04-27T01:23:40.263780+00:00] [INFO] === cycle 664 ===
[2026-04-27T01:23:41.432593+00:00] [ERROR]   peer_supervisor failed: can't subtract offset-naive and offset-aware datetimes
[2026-04-27T01:23:41.433058+00:00] [INFO] === roadmap-driver cycle ===
[2026-04-27T01:23:41.635157+00:00] [INFO] budget check: budget block at 202.0% >= 70% threshold
[2026-04-27T01:23:41.635255+00:00] [INFO] SKIP — budget threshold exceeded
[2026-04-27T01:23:41.635495+00:00] [INFO]   ROADMAP-DRIVER status: skipped_budget
[2026-04-27T01:23:41.636620+00:00] [WARN]   persistent-memory-curator failed: name 'HERE' is not defined
[2026-04-27T01:23:41.639413+00:00] [INFO]   wrote session briefing (15 capability groups, 0 broken integrations)
[2026-04-27T01:23:41.639621+00:00] [INFO]   cycle 664 done in 1.4s, 0 actions
[2026-04-27T01:23:41.639810+00:00] [INFO]   sleeping 3600s until next cycle
[2026-04-27T02:23:41.816221+00:00] [INFO] === cycle 665 ===
[2026-04-27T02:23:42.880666+00:00] [ERROR]   peer_supervisor failed: can't subtract offset-naive and offset-aware datetimes
[2026-04-27T02:23:42.881098+00:00] [INFO] === roadmap-driver cycle ===
[2026-04-27T02:23:43.057586+00:00] [INFO] budget check: budget block at 202.0% >= 70% threshold
[2026-04-27T02:23:43.057685+00:00] [INFO] SKIP — budget threshold exceeded
[2026-04-27T02:23:43.057929+00:00] [INFO]   ROADMAP-DRIVER status: skipped_budget
[2026-04-27T02:23:43.059061+00:00] [WARN]   persistent-memory-curator failed: name 'HERE' is not defined
[2026-04-27T02:23:43.062351+00:00] [INFO]   wrote session briefing (15 capability groups, 0 broken integrations)
[2026-04-27T02:23:43.062585+00:00] [INFO]   cycle 665 done in 1.2s, 0 actions
[2026-04-27T02:23:43.062793+00:00] [INFO]   sleeping 3600s until next cycle
[2026-04-27T03:23:43.108092+00:00] [INFO] === cycle 666 ===
[2026-04-27T03:23:44.485452+00:00] [INFO]   LEARNED from 1 completed tasks (tracking 6 action types)
[2026-04-27T03:23:44.486826+00:00] [ERROR]   peer_supervisor failed: can't subtract offset-naive and offset-aware datetimes
[2026-04-27T03:23:44.487190+00:00] [INFO] === roadmap-driver cycle ===
[2026-04-27T03:23:44.681619+00:00] [INFO] budget check: budget block at 191.5% >= 70% threshold
[2026-04-27T03:23:44.681759+00:00] [INFO] SKIP — budget threshold exceeded
[2026-04-27T03:23:44.681975+00:00] [INFO]   ROADMAP-DRIVER status: skipped_budget
[2026-04-27T03:23:44.683255+00:00] [WARN]   persistent-memory-curator failed: name 'HERE' is not defined
[2026-04-27T03:23:44.687282+00:00] [INFO]   wrote session briefing (15 capability groups, 0 broken integrations)
[2026-04-27T03:23:44.687541+00:00] [INFO]   cycle 666 done in 1.6s, 0 actions
[2026-04-27T03:23:44.687845+00:00] [INFO]   sleeping 3600s until next cycle
[2026-04-27T04:23:44.736641+00:00] [INFO] === cycle 667 ===
[2026-04-27T04:23:44.741241+00:00] [INFO]   refreshing capability manifest
[2026-04-27T04:23:47.629985+00:00] [ERROR]   peer_supervisor failed: can't subtract offset-naive and offset-aware datetimes
[2026-04-27T04:23:47.630422+00:00] [INFO] === roadmap-driver cycle ===
[2026-04-27T04:23:47.865681+00:00] [INFO] budget check: budget block at 206.0% >= 70% threshold
[2026-04-27T04:23:47.865799+00:00] [INFO] SKIP — budget threshold exceeded
[2026-04-27T04:23:47.866039+00:00] [INFO]   ROADMAP-DRIVER status: skipped_budget
[2026-04-27T04:23:47.867197+00:00] [WARN]   persistent-memory-curator failed: name 'HERE' is not defined
[2026-04-27T04:23:47.870904+00:00] [INFO]   wrote session briefing (15 capability groups, 0 broken integrations)
[2026-04-27T04:23:47.871139+00:00] [INFO]   cycle 667 done in 3.1s, 0 actions
[2026-04-27T04:23:47.871380+00:00] [INFO]   sleeping 3600s until next cycle
[2026-04-27T05:23:48.047706+00:00] [INFO] === cycle 668 ===
[2026-04-27T05:23:49.169484+00:00] [ERROR]   peer_supervisor failed: can't subtract offset-naive and offset-aware datetimes
[2026-04-27T05:23:49.170124+00:00] [INFO] === roadmap-driver cycle ===
[2026-04-27T05:23:49.381814+00:00] [INFO] budget check: budget block at 206.0% >= 70% threshold
[2026-04-27T05:23:49.381920+00:00] [INFO] SKIP — budget threshold exceeded
[2026-04-27T05:23:49.382132+00:00] [INFO]   ROADMAP-DRIVER status: skipped_budget
[2026-04-27T05:23:49.383351+00:00] [WARN]   persistent-memory-curator failed: name 'HERE' is not defined
[2026-04-27T05:23:49.386381+00:00] [INFO]   wrote session briefing (15 capability groups, 0 broken integrations)
[2026-04-27T05:23:49.386762+00:00] [INFO]   cycle 668 done in 1.3s, 0 actions
[2026-04-27T05:23:49.387015+00:00] [INFO]   sleeping 3600s until next cycle
[2026-04-27T06:23:49.563479+00:00] [INFO] === cycle 669 ===
[2026-04-27T06:23:50.692467+00:00] [ERROR]   peer_supervisor failed: can't subtract offset-naive and offset-aware datetimes
[2026-04-27T06:23:50.692939+00:00] [INFO] === roadmap-driver cycle ===
[2026-04-27T06:23:50.906629+00:00] [INFO] budget check: budget block at 206.0% >= 70% threshold
[2026-04-27T06:23:50.906735+00:00] [INFO] SKIP — budget threshold exceeded
[2026-04-27T06:23:50.906976+00:00] [INFO]   ROADMAP-DRIVER status: skipped_budget
[2026-04-27T06:23:50.908203+00:00] [WARN]   persistent-memory-curator failed: name 'HERE' is not defined
[2026-04-27T06:23:50.912594+00:00] [INFO]   wrote session briefing (15 capability groups, 0 broken integrations)
[2026-04-27T06:23:50.912850+00:00] [INFO]   cycle 669 done in 1.3s, 0 actions
[2026-04-27T06:23:50.913130+00:00] [INFO]   sleeping 3600s until next cycle
[2026-04-27T07:23:51.087445+00:00] [INFO] === cycle 670 ===
[2026-04-27T07:23:52.771992+00:00] [ERROR]   peer_supervisor failed: can't subtract offset-naive and offset-aware datetimes
[2026-04-27T07:23:52.772417+00:00] [INFO] === roadmap-driver cycle ===
[2026-04-27T07:23:52.990966+00:00] [INFO] budget check: budget block at 206.0% >= 70% threshold
[2026-04-27T07:23:52.991068+00:00] [INFO] SKIP — budget threshold exceeded
[2026-04-27T07:23:52.991283+00:00] [INFO]   ROADMAP-DRIVER status: skipped_budget
[2026-04-27T07:23:52.992603+00:00] [WARN]   persistent-memory-curator failed: name 'HERE' is not defined
[2026-04-27T07:23:52.997616+00:00] [INFO]   wrote session briefing (15 capability groups, 0 broken integrations)
[2026-04-27T07:23:52.997870+00:00] [INFO]   cycle 670 done in 1.9s, 0 actions
[2026-04-27T07:23:52.998177+00:00] [INFO]   sleeping 3600s until next cycle
[2026-04-27T08:23:53.072803+00:00] [INFO] === cycle 671 ===
[2026-04-27T08:23:53.074856+00:00] [INFO]   refreshing capability manifest
[2026-04-27T08:23:56.246596+00:00] [ERROR]   peer_supervisor failed: can't subtract offset-naive and offset-aware datetimes
[2026-04-27T08:23:56.247251+00:00] [INFO] === roadmap-driver cycle ===
[2026-04-27T08:23:56.480036+00:00] [INFO] budget check: budget block at 207.0% >= 70% threshold
[2026-04-27T08:23:56.480107+00:00] [INFO] SKIP — budget threshold exceeded
[2026-04-27T08:23:56.480166+00:00] [INFO]   ROADMAP-DRIVER status: skipped_budget
[2026-04-27T08:23:56.482306+00:00] [WARN]   persistent-memory-curator failed: name 'HERE' is not defined
[2026-04-27T08:23:56.485871+00:00] [INFO]   wrote session briefing (15 capability groups, 0 broken integrations)
[2026-04-27T08:23:56.486167+00:00] [INFO]   cycle 671 done in 3.4s, 0 actions
[2026-04-27T08:23:56.486471+00:00] [INFO]   sleeping 3600s until next cycle
[2026-04-27T09:23:56.662470+00:00] [INFO] === cycle 672 ===
[2026-04-27T09:24:04.630582+00:00] [INFO]   PEER-SUPERVISOR: 3 findings (STUCK_LOOP, STALE, STUCK_LOOP)
[2026-04-27T09:24:04.631948+00:00] [INFO] === roadmap-driver cycle ===
[2026-04-27T09:24:04.964091+00:00] [INFO] budget check: budget block at 203.0% >= 70% threshold
[2026-04-27T09:24:04.964201+00:00] [INFO] SKIP — budget threshold exceeded
[2026-04-27T09:24:04.964448+00:00] [INFO]   ROADMAP-DRIVER status: skipped_budget
[2026-04-27T09:24:04.965417+00:00] [WARN]   persistent-memory-curator failed: name 'HERE' is not defined
[2026-04-27T09:24:04.969155+00:00] [INFO]   wrote session briefing (15 capability groups, 0 broken integrations)
[2026-04-27T09:24:04.969419+00:00] [INFO]   cycle 672 done in 8.3s, 3 actions
[2026-04-27T09:24:04.969747+00:00] [INFO]   sleeping 3600s until next cycle
[2026-04-27T10:24:05.034189+00:00] [INFO] === cycle 673 ===
[2026-04-27T10:24:22.084677+00:00] [INFO]   PEER-SUPERVISOR: 3 findings (STUCK_LOOP, STALE, STUCK_LOOP)
[2026-04-27T10:24:22.086883+00:00] [INFO] === roadmap-driver cycle ===
[2026-04-27T10:24:23.175505+00:00] [INFO] budget check: budget block at 203.0% >= 70% threshold
[2026-04-27T10:24:23.175590+00:00] [INFO] SKIP — budget threshold exceeded
[2026-04-27T10:24:23.175636+00:00] [INFO]   ROADMAP-DRIVER status: skipped_budget
[2026-04-27T10:24:23.177192+00:00] [WARN]   persistent-memory-curator failed: name 'HERE' is not defined
[2026-04-27T10:24:23.182828+00:00] [INFO]   wrote session briefing (15 capability groups, 0 broken integrations)
[2026-04-27T10:24:23.183088+00:00] [INFO]   cycle 673 done in 18.1s, 3 actions
[2026-04-27T10:24:23.183557+00:00] [INFO]   sleeping 3600s until next cycle
[2026-04-27T11:24:23.243512+00:00] [INFO] === cycle 674 ===
[2026-04-27T11:24:32.405203+00:00] [INFO]   PEER-SUPERVISOR: 3 findings (STUCK_LOOP, STALE, STUCK_LOOP)
[2026-04-27T11:24:32.406538+00:00] [INFO] === roadmap-driver cycle ===
[2026-04-27T11:24:33.173986+00:00] [INFO] budget check: budget block at 203.0% >= 70% threshold
[2026-04-27T11:24:33.174087+00:00] [INFO] SKIP — budget threshold exceeded
[2026-04-27T11:24:33.174298+00:00] [INFO]   ROADMAP-DRIVER status: skipped_budget
[2026-04-27T11:24:33.176680+00:00] [WARN]   persistent-memory-curator failed: name 'HERE' is not defined
[2026-04-27T11:24:33.181344+00:00] [INFO]   wrote session briefing (15 capability groups, 0 broken integrations)
[2026-04-27T11:24:33.181585+00:00] [INFO]   cycle 674 done in 9.9s, 3 actions
[2026-04-27T11:24:33.182102+00:00] [INFO]   sleeping 3600s until next cycle
[2026-04-27T12:24:33.212678+00:00] [INFO] === cycle 675 ===
[2026-04-27T12:24:33.217733+00:00] [INFO]   refreshing capability manifest
[2026-04-27T12:24:43.795378+00:00] [INFO]   PEER-SUPERVISOR: 3 findings (STUCK_LOOP, STALE, STUCK_LOOP)
[2026-04-27T12:24:43.796766+00:00] [INFO] === roadmap-driver cycle ===
[2026-04-27T12:24:44.107254+00:00] [INFO] budget check: budget block at 203.0% >= 70% threshold
[2026-04-27T12:24:44.107344+00:00] [INFO] SKIP — budget threshold exceeded
[2026-04-27T12:24:44.107398+00:00] [INFO]   ROADMAP-DRIVER status: skipped_budget
[2026-04-27T12:24:44.108571+00:00] [WARN]   persistent-memory-curator failed: name 'HERE' is not defined
[2026-04-27T12:24:44.114252+00:00] [INFO]   wrote session briefing (15 capability groups, 0 broken integrations)
[2026-04-27T12:24:44.115364+00:00] [INFO]   cycle 675 done in 10.9s, 3 actions
[2026-04-27T12:24:44.115730+00:00] [INFO]   sleeping 3600s until next cycle
[2026-04-27T13:24:44.291357+00:00] [INFO] === cycle 676 ===
[2026-04-27T13:24:46.141901+00:00] [INFO]   LEARNED from 1 completed tasks (tracking 6 action types)
[2026-04-27T13:28:35.862307+00:00] [INFO]   PEER-SUPERVISOR: 3 findings (STUCK_LOOP, STALE, STUCK_LOOP)
[2026-04-27T13:28:35.864137+00:00] [INFO] === roadmap-driver cycle ===
[2026-04-27T13:28:36.944719+00:00] [INFO] budget check: budget block at 219.0% >= 70% threshold
[2026-04-27T13:28:36.944794+00:00] [INFO] SKIP — budget threshold exceeded
[2026-04-27T13:28:36.944874+00:00] [INFO]   ROADMAP-DRIVER status: skipped_budget
[2026-04-27T13:28:36.946337+00:00] [WARN]   persistent-memory-curator failed: name 'HERE' is not defined
[2026-04-27T13:28:36.952695+00:00] [INFO]   wrote session briefing (15 capability groups, 0 broken integrations)
[2026-04-27T13:28:36.952941+00:00] [INFO]   cycle 676 done in 232.7s, 3 actions
[2026-04-27T13:28:36.953510+00:00] [INFO]   sleeping 3600s until next cycle
[2026-04-27T14:28:37.130236+00:00] [INFO] === cycle 677 ===
[2026-04-27T14:28:38.464314+00:00] [INFO]   LEARNED from 1 completed tasks (tracking 7 action types)
[2026-04-27T14:28:38.466717+00:00] [ERROR]   peer_supervisor failed: can't subtract offset-naive and offset-aware datetimes
[2026-04-27T14:28:38.467090+00:00] [INFO] === roadmap-driver cycle ===
[2026-04-27T14:28:38.770029+00:00] [INFO] budget check: budget block at 137.0% >= 70% threshold
[2026-04-27T14:28:38.770112+00:00] [INFO] SKIP — budget threshold exceeded
[2026-04-27T14:28:38.770146+00:00] [INFO]   ROADMAP-DRIVER status: skipped_budget
[2026-04-27T14:28:38.771209+00:00] [WARN]   persistent-memory-curator failed: name 'HERE' is not defined
[2026-04-27T14:28:38.777552+00:00] [INFO]   wrote session briefing (15 capability groups, 0 broken integrations)
[2026-04-27T14:28:38.777817+00:00] [INFO]   cycle 677 done in 1.6s, 0 actions
[2026-04-27T14:28:38.778201+00:00] [INFO]   sleeping 3600s until next cycle
[2026-04-27T15:28:38.954527+00:00] [INFO] === cycle 678 ===
[2026-04-27T15:28:40.819658+00:00] [ERROR]   peer_supervisor failed: can't subtract offset-naive and offset-aware datetimes
[2026-04-27T15:28:40.820215+00:00] [INFO] === roadmap-driver cycle ===
[2026-04-27T15:28:41.098433+00:00] [INFO] budget check: budget block at 173.0% >= 70% threshold
[2026-04-27T15:28:41.098553+00:00] [INFO] SKIP — budget threshold exceeded
[2026-04-27T15:28:41.098767+00:00] [INFO]   ROADMAP-DRIVER status: skipped_budget
[2026-04-27T15:28:41.099930+00:00] [WARN]   persistent-memory-curator failed: name 'HERE' is not defined
[2026-04-27T15:28:41.106129+00:00] [INFO]   wrote session briefing (15 capability groups, 0 broken integrations)
[2026-04-27T15:28:41.106389+00:00] [INFO]   cycle 678 done in 2.2s, 0 actions
[2026-04-27T15:28:41.106778+00:00] [INFO]   sleeping 3600s until next cycle
[2026-04-27T16:28:41.282083+00:00] [INFO] === cycle 679 ===
[2026-04-27T16:28:41.288360+00:00] [INFO]   refreshing capability manifest
[2026-04-27T16:28:44.365132+00:00] [ERROR]   peer_supervisor failed: can't subtract offset-naive and offset-aware datetimes
[2026-04-27T16:28:44.365565+00:00] [INFO] === roadmap-driver cycle ===
[2026-04-27T16:28:44.683249+00:00] [INFO] budget check: budget block at 280.5% >= 70% threshold
[2026-04-27T16:28:44.683363+00:00] [INFO] SKIP — budget threshold exceeded
[2026-04-27T16:28:44.683601+00:00] [INFO]   ROADMAP-DRIVER status: skipped_budget
[2026-04-27T16:28:44.684756+00:00] [WARN]   persistent-memory-curator failed: name 'HERE' is not defined
[2026-04-27T16:28:44.690707+00:00] [INFO]   wrote session briefing (15 capability groups, 0 broken integrations)
[2026-04-27T16:28:44.690950+00:00] [INFO]   cycle 679 done in 3.4s, 0 actions
[2026-04-27T16:28:44.691344+00:00] [INFO]   sleeping 3600s until next cycle
[2026-04-27T17:28:44.867378+00:00] [INFO] === cycle 680 ===
[2026-04-27T17:28:46.272734+00:00] [ERROR]   peer_supervisor failed: can't subtract offset-naive and offset-aware datetimes
[2026-04-27T17:28:46.273297+00:00] [INFO] === roadmap-driver cycle ===
[2026-04-27T17:28:46.598347+00:00] [INFO] budget check: budget block at 280.5% >= 70% threshold
[2026-04-27T17:28:46.598419+00:00] [INFO] SKIP — budget threshold exceeded
[2026-04-27T17:28:46.598478+00:00] [INFO]   ROADMAP-DRIVER status: skipped_budget
[2026-04-27T17:28:46.599789+00:00] [WARN]   persistent-memory-curator failed: name 'HERE' is not defined
[2026-04-27T17:28:46.606136+00:00] [INFO]   wrote session briefing (15 capability groups, 0 broken integrations)
[2026-04-27T17:28:46.606413+00:00] [INFO]   cycle 680 done in 1.7s, 0 actions
[2026-04-27T17:28:46.606798+00:00] [INFO]   sleeping 3600s until next cycle
[2026-04-27T18:28:46.784114+00:00] [INFO] === cycle 681 ===
[2026-04-27T18:28:48.242332+00:00] [ERROR]   peer_supervisor failed: can't subtract offset-naive and offset-aware datetimes
[2026-04-27T18:28:48.242833+00:00] [INFO] === roadmap-driver cycle ===
[2026-04-27T18:28:48.582600+00:00] [INFO] budget check: budget block at 267.0% >= 70% threshold
[2026-04-27T18:28:48.582718+00:00] [INFO] SKIP — budget threshold exceeded
[2026-04-27T18:28:48.582931+00:00] [INFO]   ROADMAP-DRIVER status: skipped_budget
[2026-04-27T18:28:48.584103+00:00] [WARN]   persistent-memory-curator failed: name 'HERE' is not defined
[2026-04-27T18:28:48.589987+00:00] [INFO]   wrote session briefing (15 capability groups, 0 broken integrations)
[2026-04-27T18:28:48.590278+00:00] [INFO]   cycle 681 done in 1.8s, 0 actions
[2026-04-27T18:28:48.590664+00:00] [INFO]   sleeping 3600s until next cycle
[2026-04-27T19:28:48.766909+00:00] [INFO] === cycle 682 ===
[2026-04-27T19:28:50.114243+00:00] [ERROR]   peer_supervisor failed: can't subtract offset-naive and offset-aware datetimes
[2026-04-27T19:28:50.114785+00:00] [INFO] === roadmap-driver cycle ===
[2026-04-27T19:28:50.498910+00:00] [INFO] budget check: budget block at 334.5% >= 70% threshold
[2026-04-27T19:28:50.499026+00:00] [INFO] SKIP — budget threshold exceeded
[2026-04-27T19:28:50.499245+00:00] [INFO]   ROADMAP-DRIVER status: skipped_budget
[2026-04-27T19:28:50.500414+00:00] [WARN]   persistent-memory-curator failed: name 'HERE' is not defined
[2026-04-27T19:28:50.506310+00:00] [INFO]   wrote session briefing (15 capability groups, 0 broken integrations)
[2026-04-27T19:28:50.506592+00:00] [INFO]   cycle 682 done in 1.7s, 0 actions
[2026-04-27T19:28:50.507009+00:00] [INFO]   sleeping 3600s until next cycle
[2026-04-27T20:28:50.682071+00:00] [INFO] === cycle 683 ===
[2026-04-27T20:28:50.687552+00:00] [INFO]   refreshing capability manifest
[2026-04-27T20:28:53.688899+00:00] [ERROR]   peer_supervisor failed: can't subtract offset-naive and offset-aware datetimes
[2026-04-27T20:28:53.689377+00:00] [INFO] === roadmap-driver cycle ===
[2026-04-27T20:28:54.059795+00:00] [INFO] budget check: budget block at 297.5% >= 70% threshold
[2026-04-27T20:28:54.059909+00:00] [INFO] SKIP — budget threshold exceeded
[2026-04-27T20:28:54.060137+00:00] [INFO]   ROADMAP-DRIVER status: skipped_budget
[2026-04-27T20:28:54.061276+00:00] [WARN]   persistent-memory-curator failed: name 'HERE' is not defined
[2026-04-27T20:28:54.067517+00:00] [INFO]   wrote session briefing (15 capability groups, 0 broken integrations)
[2026-04-27T20:28:54.067803+00:00] [INFO]   cycle 683 done in 3.4s, 0 actions
[2026-04-27T20:28:54.068180+00:00] [INFO]   sleeping 3600s until next cycle
[2026-04-27T21:28:54.245359+00:00] [INFO] === cycle 684 ===
[2026-04-27T21:28:55.962033+00:00] [ERROR]   peer_supervisor failed: can't subtract offset-naive and offset-aware datetimes
[2026-04-27T21:28:55.962607+00:00] [INFO] === roadmap-driver cycle ===
[2026-04-27T21:28:56.333601+00:00] [INFO] budget check: budget block at 191.0% >= 70% threshold
[2026-04-27T21:28:56.333726+00:00] [INFO] SKIP — budget threshold exceeded
[2026-04-27T21:28:56.333953+00:00] [INFO]   ROADMAP-DRIVER status: skipped_budget
[2026-04-27T21:28:56.335193+00:00] [WARN]   persistent-memory-curator failed: name 'HERE' is not defined
[2026-04-27T21:28:56.341458+00:00] [INFO]   wrote session briefing (15 capability groups, 0 broken integrations)
[2026-04-27T21:28:56.341724+00:00] [INFO]   cycle 684 done in 2.1s, 0 actions
[2026-04-27T21:28:56.342106+00:00] [INFO]   sleeping 3600s until next cycle
[2026-04-27T22:28:56.518516+00:00] [INFO] === cycle 685 ===
[2026-04-27T22:29:06.129261+00:00] [INFO]   PEER-SUPERVISOR: 3 findings (STUCK_LOOP, STALE, STUCK_LOOP)
[2026-04-27T22:29:06.130956+00:00] [INFO] === roadmap-driver cycle ===
[2026-04-27T22:29:06.550414+00:00] [INFO] budget check: budget block at 191.0% >= 70% threshold
[2026-04-27T22:29:06.550532+00:00] [INFO] SKIP — budget threshold exceeded
[2026-04-27T22:29:06.550761+00:00] [INFO]   ROADMAP-DRIVER status: skipped_budget
[2026-04-27T22:29:06.552498+00:00] [WARN]   persistent-memory-curator failed: name 'HERE' is not defined
[2026-04-27T22:29:06.559094+00:00] [INFO]   wrote session briefing (15 capability groups, 0 broken integrations)
[2026-04-27T22:29:06.559328+00:00] [INFO]   cycle 685 done in 10.0s, 3 actions
[2026-04-27T22:29:06.559751+00:00] [INFO]   sleeping 3600s until next cycle
[2026-04-27T23:29:06.602051+00:00] [INFO] === cycle 686 ===
[2026-04-27T23:29:08.069053+00:00] [INFO]   LEARNED from 1 completed tasks (tracking 7 action types)
[2026-04-27T23:31:22.799065+00:00] [INFO]   PEER-SUPERVISOR: 3 findings (STUCK_LOOP, STALE, STUCK_LOOP)
[2026-04-27T23:31:22.800734+00:00] [INFO] === roadmap-driver cycle ===
[2026-04-27T23:31:23.897796+00:00] [INFO] budget check: budget block at 200.5% >= 70% threshold
[2026-04-27T23:31:23.897923+00:00] [INFO] SKIP — budget threshold exceeded
[2026-04-27T23:31:23.898139+00:00] [INFO]   ROADMAP-DRIVER status: skipped_budget
[2026-04-27T23:31:23.899812+00:00] [WARN]   persistent-memory-curator failed: name 'HERE' is not defined
[2026-04-27T23:31:23.905893+00:00] [INFO]   wrote session briefing (15 capability groups, 0 broken integrations)
[2026-04-27T23:31:23.906009+00:00] [INFO]   cycle 686 done in 137.3s, 3 actions
[2026-04-27T23:31:23.906749+00:00] [INFO]   sleeping 3600s until next cycle
[2026-04-28T00:31:24.086338+00:00] [INFO] === cycle 687 ===
[2026-04-28T00:31:24.094316+00:00] [INFO]   refreshing capability manifest
[2026-04-28T00:31:27.714942+00:00] [INFO]   LEARNED from 3 completed tasks (tracking 9 action types)
[2026-04-28T00:34:02.043011+00:00] [INFO]   PEER-SUPERVISOR: 3 findings (STUCK_LOOP, STALE, STUCK_LOOP)
[2026-04-28T00:34:02.043863+00:00] [INFO] === roadmap-driver cycle ===
[2026-04-28T00:34:02.603993+00:00] [INFO] budget check: budget block at 135.5% >= 70% threshold
[2026-04-28T00:34:02.604104+00:00] [INFO] SKIP — budget threshold exceeded
[2026-04-28T00:34:02.604327+00:00] [INFO]   ROADMAP-DRIVER status: skipped_budget
[2026-04-28T00:34:02.605951+00:00] [WARN]   persistent-memory-curator failed: name 'HERE' is not defined
[2026-04-28T00:34:02.612382+00:00] [INFO]   wrote session briefing (15 capability groups, 0 broken integrations)
[2026-04-28T00:34:02.612772+00:00] [INFO]   cycle 687 done in 158.5s, 3 actions
[2026-04-28T00:34:02.613504+00:00] [INFO]   sleeping 3600s until next cycle
[2026-04-28T01:34:02.789389+00:00] [INFO] === cycle 688 ===
[2026-04-28T01:34:04.919185+00:00] [INFO]   LEARNED from 3 completed tasks (tracking 10 action types)
[2026-04-28T01:34:04.920424+00:00] [ERROR]   peer_supervisor failed: can't subtract offset-naive and offset-aware datetimes
[2026-04-28T01:34:04.920795+00:00] [INFO] === roadmap-driver cycle ===
[2026-04-28T01:34:05.253209+00:00] [INFO] budget check: budget block at 138.5% >= 70% threshold
[2026-04-28T01:34:05.253333+00:00] [INFO] SKIP — budget threshold exceeded
[2026-04-28T01:34:05.253567+00:00] [INFO]   ROADMAP-DRIVER status: skipped_budget
[2026-04-28T01:34:05.254716+00:00] [WARN]   persistent-memory-curator failed: name 'HERE' is not defined
[2026-04-28T01:34:05.261131+00:00] [INFO]   wrote session briefing (15 capability groups, 0 broken integrations)
[2026-04-28T01:34:05.261401+00:00] [INFO]   cycle 688 done in 2.5s, 0 actions
[2026-04-28T01:34:05.261781+00:00] [INFO]   sleeping 3600s until next cycle
[2026-04-28T02:34:05.440957+00:00] [INFO] === cycle 689 ===
[2026-04-28T02:34:07.518291+00:00] [ERROR]   peer_supervisor failed: can't subtract offset-naive and offset-aware datetimes
[2026-04-28T02:34:07.518718+00:00] [INFO] === roadmap-driver cycle ===
[2026-04-28T02:34:07.891390+00:00] [INFO] budget check: budget block at 138.5% >= 70% threshold
[2026-04-28T02:34:07.891515+00:00] [INFO] SKIP — budget threshold exceeded
[2026-04-28T02:34:07.891741+00:00] [INFO]   ROADMAP-DRIVER status: skipped_budget
[2026-04-28T02:34:07.892974+00:00] [WARN]   persistent-memory-curator failed: name 'HERE' is not defined
[2026-04-28T02:34:07.899376+00:00] [INFO]   wrote session briefing (15 capability groups, 0 broken integrations)
[2026-04-28T02:34:07.899628+00:00] [INFO]   cycle 689 done in 2.5s, 0 actions
[2026-04-28T02:34:07.900036+00:00] [INFO]   sleeping 3600s until next cycle
[2026-04-28T03:34:08.076161+00:00] [INFO] === cycle 690 ===
[2026-04-28T03:34:10.175786+00:00] [ERROR]   peer_supervisor failed: can't subtract offset-naive and offset-aware datetimes
[2026-04-28T03:34:10.176182+00:00] [INFO] === roadmap-driver cycle ===
[2026-04-28T03:34:10.530021+00:00] [INFO] budget check: budget block at 138.5% >= 70% threshold
[2026-04-28T03:34:10.530105+00:00] [INFO] SKIP — budget threshold exceeded
[2026-04-28T03:34:10.530174+00:00] [INFO]   ROADMAP-DRIVER status: skipped_budget
[2026-04-28T03:34:10.531714+00:00] [WARN]   persistent-memory-curator failed: name 'HERE' is not defined
[2026-04-28T03:34:10.538337+00:00] [INFO]   wrote session briefing (15 capability groups, 0 broken integrations)
[2026-04-28T03:34:10.538600+00:00] [INFO]   cycle 690 done in 2.5s, 0 actions
[2026-04-28T03:34:10.538996+00:00] [INFO]   sleeping 3600s until next cycle
[2026-04-28T04:34:10.638574+00:00] [INFO] === cycle 691 ===
[2026-04-28T04:34:10.642565+00:00] [INFO]   refreshing capability manifest
[2026-04-28T04:34:14.741026+00:00] [ERROR]   peer_supervisor failed: can't subtract offset-naive and offset-aware datetimes
[2026-04-28T04:34:14.741503+00:00] [INFO] === roadmap-driver cycle ===
[2026-04-28T04:34:15.055106+00:00] [INFO] budget check: budget block at 71.0% >= 70% threshold
[2026-04-28T04:34:15.055194+00:00] [INFO] SKIP — budget threshold exceeded
[2026-04-28T04:34:15.055251+00:00] [INFO]   ROADMAP-DRIVER status: skipped_budget
[2026-04-28T04:34:15.056360+00:00] [WARN]   persistent-memory-curator failed: name 'HERE' is not defined
[2026-04-28T04:34:15.062216+00:00] [INFO]   wrote session briefing (15 capability groups, 0 broken integrations)
[2026-04-28T04:34:15.062459+00:00] [INFO]   cycle 691 done in 4.4s, 0 actions
[2026-04-28T04:34:15.062878+00:00] [INFO]   sleeping 900s until next cycle
[2026-04-28T04:49:15.219758+00:00] [INFO] === cycle 692 ===
[2026-04-28T04:49:16.802831+00:00] [ERROR]   peer_supervisor failed: can't subtract offset-naive and offset-aware datetimes
[2026-04-28T04:49:16.803216+00:00] [INFO] === roadmap-driver cycle ===
[2026-04-28T04:49:17.104532+00:00] [INFO] budget check: budget block at 17.5%
[2026-04-28T04:49:17.130083+00:00] [INFO]   PUSHED roadmap_edge_track_record_in_briefing  sev=LOW  Verify morning briefing edge-weight track record line is wir
[2026-04-28T04:49:17.131720+00:00] [INFO] === done — pushed 1 tasks, queue now 1 ===
[2026-04-28T04:49:17.131903+00:00] [INFO]   ROADMAP-DRIVER: pushed 1 build tasks (queue depth now 1)
[2026-04-28T04:49:17.133043+00:00] [WARN]   persistent-memory-curator failed: name 'HERE' is not defined
[2026-04-28T04:49:17.139418+00:00] [INFO]   wrote session briefing (15 capability groups, 0 broken integrations)
[2026-04-28T04:49:17.139656+00:00] [INFO]   cycle 692 done in 1.9s, 1 actions
[2026-04-28T04:49:17.140058+00:00] [INFO]   sleeping 120s until next cycle
[2026-04-28T04:51:17.291725+00:00] [INFO] === cycle 693 ===
[2026-04-28T04:51:18.507227+00:00] [ERROR]   peer_supervisor failed: can't subtract offset-naive and offset-aware datetimes
[2026-04-28T04:51:18.507703+00:00] [INFO] === roadmap-driver cycle ===
[2026-04-28T04:51:18.813776+00:00] [INFO] budget check: budget block at 28.5%
[2026-04-28T04:51:18.828453+00:00] [INFO]   roadmap_edge_track_record_in_briefing: in cooldown (attempted within last 12h)
[2026-04-28T04:51:18.828859+00:00] [INFO] nothing to push — all roadmap items either complete or in cooldown
[2026-04-28T04:51:18.830226+00:00] [WARN]   persistent-memory-curator failed: name 'HERE' is not defined
[2026-04-28T04:51:18.836568+00:00] [INFO]   wrote session briefing (15 capability groups, 0 broken integrations)
[2026-04-28T04:51:18.837757+00:00] [INFO]   cycle 693 done in 1.5s, 0 actions
[2026-04-28T04:51:18.838123+00:00] [INFO]   sleeping 900s until next cycle
[2026-04-28T05:06:18.995376+00:00] [INFO] === cycle 694 ===
[2026-04-28T05:06:21.119176+00:00] [ERROR]   peer_supervisor failed: can't subtract offset-naive and offset-aware datetimes
[2026-04-28T05:06:21.119737+00:00] [INFO] === roadmap-driver cycle ===
[2026-04-28T05:06:21.421463+00:00] [INFO] budget check: budget block at 28.5%
[2026-04-28T05:06:21.449687+00:00] [INFO]   roadmap_edge_track_record_in_briefing: in cooldown (attempted within last 12h)
[2026-04-28T05:06:21.450057+00:00] [INFO] nothing to push — all roadmap items either complete or in cooldown
[2026-04-28T05:06:21.451495+00:00] [WARN]   persistent-memory-curator failed: name 'HERE' is not defined
[2026-04-28T05:06:21.458012+00:00] [INFO]   wrote session briefing (15 capability groups, 0 broken integrations)
[2026-04-28T05:06:21.458260+00:00] [INFO]   cycle 694 done in 2.5s, 0 actions
[2026-04-28T05:06:21.458667+00:00] [INFO]   sleeping 900s until next cycle
[2026-04-28T05:21:21.615091+00:00] [INFO] === cycle 695 ===
[2026-04-28T05:21:22.933810+00:00] [ERROR]   peer_supervisor failed: can't subtract offset-naive and offset-aware datetimes
[2026-04-28T05:21:22.934332+00:00] [INFO] === roadmap-driver cycle ===
[2026-04-28T05:21:23.229495+00:00] [INFO] budget check: budget block at 28.5%
[2026-04-28T05:21:23.244456+00:00] [INFO]   roadmap_edge_track_record_in_briefing: in cooldown (attempted within last 12h)
[2026-04-28T05:21:23.244837+00:00] [INFO] nothing to push — all roadmap items either complete or in cooldown
[2026-04-28T05:21:23.246280+00:00] [WARN]   persistent-memory-curator failed: name 'HERE' is not defined
[2026-04-28T05:21:23.253047+00:00] [INFO]   wrote session briefing (15 capability groups, 0 broken integrations)
[2026-04-28T05:21:23.253310+00:00] [INFO]   cycle 695 done in 1.6s, 0 actions
[2026-04-28T05:21:23.253687+00:00] [INFO]   sleeping 900s until next cycle
[2026-04-28T05:36:23.411078+00:00] [INFO] === cycle 696 ===
[2026-04-28T05:36:24.715290+00:00] [ERROR]   peer_supervisor failed: can't subtract offset-naive and offset-aware datetimes
[2026-04-28T05:36:24.715646+00:00] [INFO] === roadmap-driver cycle ===
[2026-04-28T05:36:25.005168+00:00] [INFO] budget check: budget block at 11.0%
[2026-04-28T05:36:25.031072+00:00] [INFO]   roadmap_edge_track_record_in_briefing: in cooldown (attempted within last 12h)
[2026-04-28T05:36:25.031426+00:00] [INFO] nothing to push — all roadmap items either complete or in cooldown
[2026-04-28T05:36:25.032734+00:00] [WARN]   persistent-memory-curator failed: name 'HERE' is not defined
[2026-04-28T05:36:25.038741+00:00] [INFO]   wrote session briefing (15 capability groups, 0 broken integrations)
[2026-04-28T05:36:25.038974+00:00] [INFO]   cycle 696 done in 1.6s, 0 actions
[2026-04-28T05:36:25.039357+00:00] [INFO]   sleeping 900s until next cycle
[2026-04-28T05:51:25.196905+00:00] [INFO] === cycle 697 ===
[2026-04-28T05:51:26.258285+00:00] [ERROR]   peer_supervisor failed: can't subtract offset-naive and offset-aware datetimes
[2026-04-28T05:51:26.258678+00:00] [INFO] === roadmap-driver cycle ===
[2026-04-28T05:51:26.531890+00:00] [INFO] budget check: budget block at 11.0%
[2026-04-28T05:51:26.547178+00:00] [INFO]   roadmap_edge_track_record_in_briefing: in cooldown (attempted within last 12h)
[2026-04-28T05:51:26.547535+00:00] [INFO] nothing to push — all roadmap items either complete or in cooldown
[2026-04-28T05:51:26.548813+00:00] [WARN]   persistent-memory-curator failed: name 'HERE' is not defined
[2026-04-28T05:51:26.554997+00:00] [INFO]   wrote session briefing (15 capability groups, 0 broken integrations)
[2026-04-28T05:51:26.555248+00:00] [INFO]   cycle 697 done in 1.4s, 0 actions
[2026-04-28T05:51:26.555670+00:00] [INFO]   sleeping 900s until next cycle
[2026-04-28T06:06:26.713449+00:00] [INFO] === cycle 698 ===
[2026-04-28T06:06:28.727186+00:00] [ERROR]   peer_supervisor failed: can't subtract offset-naive and offset-aware datetimes
[2026-04-28T06:06:28.727746+00:00] [INFO] === roadmap-driver cycle ===
[2026-04-28T06:06:29.002734+00:00] [INFO] budget check: budget block at 11.0%
[2026-04-28T06:06:29.018229+00:00] [INFO]   roadmap_edge_track_record_in_briefing: in cooldown (attempted within last 12h)
[2026-04-28T06:06:29.018604+00:00] [INFO] nothing to push — all roadmap items either complete or in cooldown
[2026-04-28T06:06:29.019852+00:00] [WARN]   persistent-memory-curator failed: name 'HERE' is not defined
[2026-04-28T06:06:29.026600+00:00] [INFO]   wrote session briefing (15 capability groups, 0 broken integrations)
[2026-04-28T06:06:29.026867+00:00] [INFO]   cycle 698 done in 2.3s, 0 actions
[2026-04-28T06:06:29.027245+00:00] [INFO]   sleeping 900s until next cycle
[2026-04-28T06:21:29.184418+00:00] [INFO] === cycle 699 ===
[2026-04-28T06:21:30.376163+00:00] [ERROR]   peer_supervisor failed: can't subtract offset-naive and offset-aware datetimes
[2026-04-28T06:21:30.376818+00:00] [INFO] === roadmap-driver cycle ===
[2026-04-28T06:21:30.655628+00:00] [INFO] budget check: budget block at 11.0%
[2026-04-28T06:21:30.671804+00:00] [INFO]   roadmap_edge_track_record_in_briefing: in cooldown (attempted within last 12h)
[2026-04-28T06:21:30.672173+00:00] [INFO] nothing to push — all roadmap items either complete or in cooldown
[2026-04-28T06:21:30.673645+00:00] [WARN]   persistent-memory-curator failed: name 'HERE' is not defined
[2026-04-28T06:21:30.680134+00:00] [INFO]   wrote session briefing (15 capability groups, 0 broken integrations)
[2026-04-28T06:21:30.680371+00:00] [INFO]   cycle 699 done in 1.5s, 0 actions
[2026-04-28T06:21:30.680768+00:00] [INFO]   sleeping 900s until next cycle
[2026-04-28T06:36:30.836803+00:00] [INFO] === cycle 700 ===
[2026-04-28T06:36:32.862925+00:00] [ERROR]   peer_supervisor failed: can't subtract offset-naive and offset-aware datetimes
[2026-04-28T06:36:32.863441+00:00] [INFO] === roadmap-driver cycle ===
[2026-04-28T06:36:33.137302+00:00] [INFO] budget check: budget block at 11.0%
[2026-04-28T06:36:33.152128+00:00] [INFO]   roadmap_edge_track_record_in_briefing: in cooldown (attempted within last 12h)
[2026-04-28T06:36:33.152488+00:00] [INFO] nothing to push — all roadmap items either complete or in cooldown
[2026-04-28T06:36:33.153899+00:00] [WARN]   persistent-memory-curator failed: name 'HERE' is not defined
[2026-04-28T06:36:33.160598+00:00] [INFO]   wrote session briefing (15 capability groups, 0 broken integrations)
[2026-04-28T06:36:33.160842+00:00] [INFO]   cycle 700 done in 2.3s, 0 actions
[2026-04-28T06:36:33.161240+00:00] [INFO]   sleeping 900s until next cycle
[2026-04-28T06:51:33.317983+00:00] [INFO] === cycle 701 ===
[2026-04-28T06:51:34.294705+00:00] [ERROR]   peer_supervisor failed: can't subtract offset-naive and offset-aware datetimes
[2026-04-28T06:51:34.295173+00:00] [INFO] === roadmap-driver cycle ===
[2026-04-28T06:51:34.584737+00:00] [INFO] budget check: budget block at 11.0%
[2026-04-28T06:51:34.600128+00:00] [INFO]   roadmap_edge_track_record_in_briefing: in cooldown (attempted within last 12h)
[2026-04-28T06:51:34.600490+00:00] [INFO] nothing to push — all roadmap items either complete or in cooldown
[2026-04-28T06:51:34.601789+00:00] [WARN]   persistent-memory-curator failed: name 'HERE' is not defined
[2026-04-28T06:51:34.607978+00:00] [INFO]   wrote session briefing (15 capability groups, 0 broken integrations)
[2026-04-28T06:51:34.608251+00:00] [INFO]   cycle 701 done in 1.3s, 0 actions
[2026-04-28T06:51:34.608649+00:00] [INFO]   sleeping 900s until next cycle
[2026-04-28T07:06:34.765551+00:00] [INFO] === cycle 702 ===
[2026-04-28T07:06:36.884677+00:00] [ERROR]   peer_supervisor failed: can't subtract offset-naive and offset-aware datetimes
[2026-04-28T07:06:36.885215+00:00] [INFO] === roadmap-driver cycle ===
[2026-04-28T07:06:37.155655+00:00] [INFO] budget check: budget block at 11.0%
[2026-04-28T07:06:37.171177+00:00] [INFO]   roadmap_edge_track_record_in_briefing: in cooldown (attempted within last 12h)
[2026-04-28T07:06:37.171528+00:00] [INFO] nothing to push — all roadmap items either complete or in cooldown
[2026-04-28T07:06:37.172772+00:00] [WARN]   persistent-memory-curator failed: name 'HERE' is not defined
[2026-04-28T07:06:37.179123+00:00] [INFO]   wrote session briefing (15 capability groups, 0 broken integrations)
[2026-04-28T07:06:37.179359+00:00] [INFO]   cycle 702 done in 2.4s, 0 actions
[2026-04-28T07:06:37.179771+00:00] [INFO]   sleeping 900s until next cycle
[2026-04-28T07:21:37.338300+00:00] [INFO] === cycle 703 ===
[2026-04-28T07:21:38.645968+00:00] [ERROR]   peer_supervisor failed: can't subtract offset-naive and offset-aware datetimes
[2026-04-28T07:21:38.646494+00:00] [INFO] === roadmap-driver cycle ===
[2026-04-28T07:21:38.923070+00:00] [INFO] budget check: budget block at 11.0%
[2026-04-28T07:21:38.938092+00:00] [INFO]   roadmap_edge_track_record_in_briefing: in cooldown (attempted within last 12h)
[2026-04-28T07:21:38.938464+00:00] [INFO] nothing to push — all roadmap items either complete or in cooldown
[2026-04-28T07:21:38.939745+00:00] [WARN]   persistent-memory-curator failed: name 'HERE' is not defined
[2026-04-28T07:21:38.946081+00:00] [INFO]   wrote session briefing (15 capability groups, 0 broken integrations)
[2026-04-28T07:21:38.946354+00:00] [INFO]   cycle 703 done in 1.6s, 0 actions
[2026-04-28T07:21:38.946710+00:00] [INFO]   sleeping 900s until next cycle
[2026-04-28T07:36:39.103886+00:00] [INFO] === cycle 704 ===
[2026-04-28T07:36:41.165088+00:00] [ERROR]   peer_supervisor failed: can't subtract offset-naive and offset-aware datetimes
[2026-04-28T07:36:41.165650+00:00] [INFO] === roadmap-driver cycle ===
[2026-04-28T07:36:41.437712+00:00] [INFO] budget check: budget block at 11.0%
[2026-04-28T07:36:41.453144+00:00] [INFO]   roadmap_edge_track_record_in_briefing: in cooldown (attempted within last 12h)
[2026-04-28T07:36:41.453497+00:00] [INFO] nothing to push — all roadmap items either complete or in cooldown
[2026-04-28T07:36:41.454850+00:00] [WARN]   persistent-memory-curator failed: name 'HERE' is not defined
[2026-04-28T07:36:41.461494+00:00] [INFO]   wrote session briefing (15 capability groups, 0 broken integrations)
[2026-04-28T07:36:41.461735+00:00] [INFO]   cycle 704 done in 2.4s, 0 actions
[2026-04-28T07:36:41.462135+00:00] [INFO]   sleeping 900s until next cycle
[2026-04-28T07:51:41.619944+00:00] [INFO] === cycle 705 ===
[2026-04-28T07:51:43.045916+00:00] [ERROR]   peer_supervisor failed: can't subtract offset-naive and offset-aware datetimes
[2026-04-28T07:51:43.046470+00:00] [INFO] === roadmap-driver cycle ===
[2026-04-28T07:51:43.323016+00:00] [INFO] budget check: budget block at 11.0%
[2026-04-28T07:51:43.337863+00:00] [INFO]   roadmap_edge_track_record_in_briefing: in cooldown (attempted within last 12h)
[2026-04-28T07:51:43.338246+00:00] [INFO] nothing to push — all roadmap items either complete or in cooldown
[2026-04-28T07:51:43.339711+00:00] [WARN]   persistent-memory-curator failed: name 'HERE' is not defined
[2026-04-28T07:51:43.347200+00:00] [INFO]   wrote session briefing (15 capability groups, 0 broken integrations)
[2026-04-28T07:51:43.347442+00:00] [INFO]   cycle 705 done in 1.7s, 0 actions
[2026-04-28T07:51:43.347821+00:00] [INFO]   sleeping 900s until next cycle
[2026-04-28T08:06:43.395528+00:00] [INFO] === cycle 706 ===
[2026-04-28T08:06:45.585076+00:00] [ERROR]   peer_supervisor failed: can't subtract offset-naive and offset-aware datetimes
[2026-04-28T08:06:45.585580+00:00] [INFO] === roadmap-driver cycle ===
[2026-04-28T08:06:45.882204+00:00] [INFO] budget check: budget block at 11.0%
[2026-04-28T08:06:45.903289+00:00] [INFO]   roadmap_edge_track_record_in_briefing: in cooldown (attempted within last 12h)
[2026-04-28T08:06:45.903702+00:00] [INFO] nothing to push — all roadmap items either complete or in cooldown
[2026-04-28T08:06:45.905089+00:00] [WARN]   persistent-memory-curator failed: name 'HERE' is not defined
[2026-04-28T08:06:45.911626+00:00] [INFO]   wrote session briefing (15 capability groups, 0 broken integrations)
[2026-04-28T08:06:45.911914+00:00] [INFO]   cycle 706 done in 2.5s, 0 actions
[2026-04-28T08:06:45.912428+00:00] [INFO]   sleeping 900s until next cycle
[2026-04-28T08:21:46.069464+00:00] [INFO] === cycle 707 ===
[2026-04-28T08:21:47.310854+00:00] [ERROR]   peer_supervisor failed: can't subtract offset-naive and offset-aware datetimes
[2026-04-28T08:21:47.311418+00:00] [INFO] === roadmap-driver cycle ===
[2026-04-28T08:21:47.589205+00:00] [INFO] budget check: budget block at 11.0%
[2026-04-28T08:21:47.604796+00:00] [INFO]   roadmap_edge_track_record_in_briefing: in cooldown (attempted within last 12h)
[2026-04-28T08:21:47.605143+00:00] [INFO] nothing to push — all roadmap items either complete or in cooldown
[2026-04-28T08:21:47.606393+00:00] [WARN]   persistent-memory-curator failed: name 'HERE' is not defined
[2026-04-28T08:21:47.612465+00:00] [INFO]   wrote session briefing (15 capability groups, 0 broken integrations)
[2026-04-28T08:21:47.612722+00:00] [INFO]   cycle 707 done in 1.5s, 0 actions
[2026-04-28T08:21:47.613102+00:00] [INFO]   sleeping 900s until next cycle
[2026-04-28T08:36:47.770185+00:00] [INFO] === cycle 708 ===
[2026-04-28T08:36:47.773928+00:00] [INFO]   refreshing capability manifest
[2026-04-28T08:36:51.390634+00:00] [ERROR]   peer_supervisor failed: can't subtract offset-naive and offset-aware datetimes
[2026-04-28T08:36:51.391027+00:00] [INFO] === roadmap-driver cycle ===
[2026-04-28T08:36:51.678508+00:00] [INFO] budget check: budget block at 11.0%
[2026-04-28T08:36:51.692452+00:00] [INFO]   roadmap_edge_track_record_in_briefing: in cooldown (attempted within last 12h)
[2026-04-28T08:36:51.692627+00:00] [INFO] nothing to push — all roadmap items either complete or in cooldown
[2026-04-28T08:36:51.693961+00:00] [WARN]   persistent-memory-curator failed: name 'HERE' is not defined
[2026-04-28T08:36:51.699338+00:00] [INFO]   wrote session briefing (15 capability groups, 0 broken integrations)
[2026-04-28T08:36:51.699594+00:00] [INFO]   cycle 708 done in 3.9s, 0 actions
[2026-04-28T08:36:51.699977+00:00] [INFO]   sleeping 900s until next cycle
[2026-04-28T08:51:51.856277+00:00] [INFO] === cycle 709 ===
[2026-04-28T08:51:52.892562+00:00] [ERROR]   peer_supervisor failed: can't subtract offset-naive and offset-aware datetimes
[2026-04-28T08:51:52.892999+00:00] [INFO] === roadmap-driver cycle ===
[2026-04-28T08:51:53.168271+00:00] [INFO] budget check: budget block at 11.0%
[2026-04-28T08:51:53.182523+00:00] [INFO]   roadmap_edge_track_record_in_briefing: in cooldown (attempted within last 12h)
[2026-04-28T08:51:53.182914+00:00] [INFO] nothing to push — all roadmap items either complete or in cooldown
[2026-04-28T08:51:53.185301+00:00] [WARN]   persistent-memory-curator failed: name 'HERE' is not defined
[2026-04-28T08:51:53.190102+00:00] [INFO]   wrote session briefing (15 capability groups, 0 broken integrations)
[2026-04-28T08:51:53.190369+00:00] [INFO]   cycle 709 done in 1.3s, 0 actions
[2026-04-28T08:51:53.190717+00:00] [INFO]   sleeping 900s until next cycle
[2026-04-28T09:06:53.347952+00:00] [INFO] === cycle 710 ===
[2026-04-28T09:06:55.431599+00:00] [ERROR]   peer_supervisor failed: can't subtract offset-naive and offset-aware datetimes
[2026-04-28T09:06:55.431978+00:00] [INFO] === roadmap-driver cycle ===
[2026-04-28T09:06:55.700898+00:00] [INFO] budget check: budget block at 11.0%
[2026-04-28T09:06:55.715355+00:00] [INFO]   roadmap_edge_track_record_in_briefing: in cooldown (attempted within last 12h)
[2026-04-28T09:06:55.715725+00:00] [INFO] nothing to push — all roadmap items either complete or in cooldown
[2026-04-28T09:06:55.717105+00:00] [WARN]   persistent-memory-curator failed: name 'HERE' is not defined
[2026-04-28T09:06:55.722156+00:00] [INFO]   wrote session briefing (15 capability groups, 0 broken integrations)
[2026-04-28T09:06:55.722424+00:00] [INFO]   cycle 710 done in 2.4s, 0 actions
[2026-04-28T09:06:55.722824+00:00] [INFO]   sleeping 900s until next cycle
[2026-04-28T09:21:55.879944+00:00] [INFO] === cycle 711 ===
[2026-04-28T09:26:26.335873+00:00] [INFO]   PEER-SUPERVISOR: 2 findings (STUCK_LOOP, STUCK_LOOP)
[2026-04-28T09:26:26.337899+00:00] [INFO] === roadmap-driver cycle ===
[2026-04-28T09:26:26.689101+00:00] [INFO] budget check: budget block at 49.0%
[2026-04-28T09:26:26.705440+00:00] [INFO]   roadmap_edge_track_record_in_briefing: in cooldown (attempted within last 12h)
[2026-04-28T09:26:26.705815+00:00] [INFO] nothing to push — all roadmap items either complete or in cooldown
[2026-04-28T09:26:26.707705+00:00] [WARN]   persistent-memory-curator failed: name 'HERE' is not defined
[2026-04-28T09:26:26.716837+00:00] [INFO]   wrote session briefing (15 capability groups, 0 broken integrations)
[2026-04-28T09:26:26.717296+00:00] [INFO]   cycle 711 done in 270.8s, 2 actions
[2026-04-28T09:26:26.717950+00:00] [INFO]   sleeping 120s until next cycle
[2026-04-28T09:28:26.869551+00:00] [INFO] === cycle 712 ===
[2026-04-28T09:30:56.206152+00:00] [INFO]   PEER-SUPERVISOR: 2 findings (STUCK_LOOP, STUCK_LOOP)
[2026-04-28T09:30:56.207650+00:00] [INFO] === roadmap-driver cycle ===
[2026-04-28T09:30:57.244072+00:00] [INFO] budget check: budget block at 87.0% >= 70% threshold
[2026-04-28T09:30:57.244167+00:00] [INFO] SKIP — budget threshold exceeded
[2026-04-28T09:30:57.244213+00:00] [INFO]   ROADMAP-DRIVER status: skipped_budget
[2026-04-28T09:30:57.247077+00:00] [WARN]   persistent-memory-curator failed: name 'HERE' is not defined
[2026-04-28T09:30:57.252900+00:00] [INFO]   wrote session briefing (15 capability groups, 0 broken integrations)
[2026-04-28T09:30:57.253030+00:00] [INFO]   cycle 712 done in 150.4s, 2 actions
[2026-04-28T09:30:57.253578+00:00] [INFO]   sleeping 120s until next cycle
[2026-04-28T09:32:57.405047+00:00] [INFO] === cycle 713 ===
[2026-04-28T09:32:58.538601+00:00] [INFO]   LEARNED from 1 completed tasks (tracking 10 action types)
[2026-04-28T09:36:05.582137+00:00] [INFO]   PEER-SUPERVISOR: 2 findings (STUCK_LOOP, STUCK_LOOP)
[2026-04-28T09:36:05.584279+00:00] [INFO] === roadmap-driver cycle ===
[2026-04-28T09:36:06.892627+00:00] [INFO] budget check: budget block at 103.5% >= 70% threshold
[2026-04-28T09:36:06.892699+00:00] [INFO] SKIP — budget threshold exceeded
[2026-04-28T09:36:06.892728+00:00] [INFO]   ROADMAP-DRIVER status: skipped_budget
[2026-04-28T09:36:06.894673+00:00] [WARN]   persistent-memory-curator failed: name 'HERE' is not defined
[2026-04-28T09:36:06.900756+00:00] [INFO]   wrote session briefing (15 capability groups, 0 broken integrations)
[2026-04-28T09:36:06.901103+00:00] [INFO]   cycle 713 done in 189.5s, 2 actions
[2026-04-28T09:36:06.901714+00:00] [INFO]   sleeping 120s until next cycle
[2026-04-28T09:38:07.053201+00:00] [INFO] === cycle 714 ===
[2026-04-28T09:42:09.805999+00:00] [INFO]   PEER-SUPERVISOR: 2 findings (STUCK_LOOP, STUCK_LOOP)
[2026-04-28T09:42:09.807750+00:00] [INFO] === roadmap-driver cycle ===
[2026-04-28T09:42:10.208671+00:00] [INFO] budget check: budget block at 118.0% >= 70% threshold
[2026-04-28T09:42:10.208772+00:00] [INFO] SKIP — budget threshold exceeded
[2026-04-28T09:42:10.208819+00:00] [INFO]   ROADMAP-DRIVER status: skipped_budget
[2026-04-28T09:42:10.210275+00:00] [WARN]   persistent-memory-curator failed: name 'HERE' is not defined
[2026-04-28T09:42:10.217083+00:00] [INFO]   wrote session briefing (15 capability groups, 0 broken integrations)
[2026-04-28T09:42:10.217457+00:00] [INFO]   cycle 714 done in 243.2s, 2 actions
[2026-04-28T09:42:10.218121+00:00] [INFO]   sleeping 3600s until next cycle
[2026-04-28T10:42:10.291104+00:00] [INFO] === cycle 715 ===
[2026-04-28T10:44:36.078726+00:00] [INFO]   PEER-SUPERVISOR: 3 findings (STUCK_LOOP, STALE, STUCK_LOOP)
[2026-04-28T10:44:36.080312+00:00] [INFO] === roadmap-driver cycle ===
[2026-04-28T10:44:36.390037+00:00] [INFO] budget check: budget block at 124.5% >= 70% threshold
[2026-04-28T10:44:36.390141+00:00] [INFO] SKIP — budget threshold exceeded
[2026-04-28T10:44:36.390385+00:00] [INFO]   ROADMAP-DRIVER status: skipped_budget
[2026-04-28T10:44:36.392894+00:00] [WARN]   persistent-memory-curator failed: name 'HERE' is not defined
[2026-04-28T10:44:36.399154+00:00] [INFO]   wrote session briefing (15 capability groups, 0 broken integrations)
[2026-04-28T10:44:36.399504+00:00] [INFO]   cycle 715 done in 146.1s, 3 actions
[2026-04-28T10:44:36.400068+00:00] [INFO]   sleeping 3600s until next cycle
[2026-04-28T11:44:36.578090+00:00] [INFO] === cycle 716 ===
[2026-04-28T11:44:38.579623+00:00] [INFO]   LEARNED from 1 completed tasks (tracking 10 action types)
[2026-04-28T11:48:38.670270+00:00] [INFO]   PEER-SUPERVISOR: 3 findings (STUCK_LOOP, STALE, STUCK_LOOP)
[2026-04-28T11:48:38.672404+00:00] [INFO] === roadmap-driver cycle ===
[2026-04-28T11:48:39.093399+00:00] [INFO] budget check: budget block at 150.5% >= 70% threshold
[2026-04-28T11:48:39.093498+00:00] [INFO] SKIP — budget threshold exceeded
[2026-04-28T11:48:39.093749+00:00] [INFO]   ROADMAP-DRIVER status: skipped_budget
[2026-04-28T11:48:39.095674+00:00] [WARN]   persistent-memory-curator failed: name 'HERE' is not defined
[2026-04-28T11:48:39.102600+00:00] [INFO]   wrote session briefing (15 capability groups, 0 broken integrations)
[2026-04-28T11:48:39.102946+00:00] [INFO]   cycle 716 done in 242.5s, 3 actions
[2026-04-28T11:48:39.103510+00:00] [INFO]   sleeping 3600s until next cycle
[2026-04-28T12:48:39.277479+00:00] [INFO] === cycle 717 ===
[2026-04-28T12:48:39.283071+00:00] [INFO]   refreshing capability manifest
[2026-04-28T12:48:42.209087+00:00] [INFO]   LEARNED from 1 completed tasks (tracking 10 action types)
[2026-04-28T12:52:43.882813+00:00] [INFO]   PEER-SUPERVISOR: 3 findings (STUCK_LOOP, STALE, STUCK_LOOP)
[2026-04-28T12:52:43.884701+00:00] [INFO] === roadmap-driver cycle ===
[2026-04-28T12:52:44.290355+00:00] [INFO] budget check: budget block at 176.0% >= 70% threshold
[2026-04-28T12:52:44.290455+00:00] [INFO] SKIP — budget threshold exceeded
[2026-04-28T12:52:44.290684+00:00] [INFO]   ROADMAP-DRIVER status: skipped_budget
[2026-04-28T12:52:44.294493+00:00] [WARN]   persistent-memory-curator failed: name 'HERE' is not defined
[2026-04-28T12:52:44.300760+00:00] [INFO]   wrote session briefing (15 capability groups, 0 broken integrations)
[2026-04-28T12:52:44.301120+00:00] [INFO]   cycle 717 done in 245.0s, 3 actions
[2026-04-28T12:52:44.301773+00:00] [INFO]   sleeping 3600s until next cycle
[2026-04-28T13:52:44.478404+00:00] [INFO] === cycle 718 ===
[2026-04-28T13:52:45.677103+00:00] [INFO]   LEARNED from 2 completed tasks (tracking 11 action types)
[2026-04-28T13:55:47.045501+00:00] [INFO]   PEER-SUPERVISOR: 3 findings (STUCK_LOOP, STALE, STUCK_LOOP)
[2026-04-28T13:55:47.047364+00:00] [INFO] === roadmap-driver cycle ===
[2026-04-28T13:55:47.999164+00:00] [INFO] budget check: budget block at 195.0% >= 70% threshold
[2026-04-28T13:55:47.999292+00:00] [INFO] SKIP — budget threshold exceeded
[2026-04-28T13:55:47.999521+00:00] [INFO]   ROADMAP-DRIVER status: skipped_budget
[2026-04-28T13:55:48.001156+00:00] [WARN]   persistent-memory-curator failed: name 'HERE' is not defined
[2026-04-28T13:55:48.008126+00:00] [INFO]   wrote session briefing (15 capability groups, 0 broken integrations)
[2026-04-28T13:55:48.008453+00:00] [INFO]   cycle 718 done in 183.5s, 3 actions
[2026-04-28T13:55:48.009294+00:00] [INFO]   sleeping 3600s until next cycle
[2026-04-28T14:55:48.183509+00:00] [INFO] === cycle 719 ===
[2026-04-28T14:55:50.142631+00:00] [INFO]   LEARNED from 2 completed tasks (tracking 12 action types)
[2026-04-28T14:58:12.690619+00:00] [INFO]   PEER-SUPERVISOR: 3 findings (STUCK_LOOP, STALE, STUCK_LOOP)
[2026-04-28T14:58:12.692096+00:00] [INFO] === roadmap-driver cycle ===
[2026-04-28T14:58:13.011447+00:00] [INFO] budget check: budget block at 104.5% >= 70% threshold
[2026-04-28T14:58:13.011546+00:00] [INFO] SKIP — budget threshold exceeded
[2026-04-28T14:58:13.011765+00:00] [INFO]   ROADMAP-DRIVER status: skipped_budget
[2026-04-28T14:58:13.014086+00:00] [WARN]   persistent-memory-curator failed: name 'HERE' is not defined
[2026-04-28T14:58:13.020861+00:00] [INFO]   wrote session briefing (15 capability groups, 0 broken integrations)
[2026-04-28T14:58:13.021215+00:00] [INFO]   cycle 719 done in 144.8s, 3 actions
[2026-04-28T14:58:13.021894+00:00] [INFO]   sleeping 3600s until next cycle
[2026-04-28T15:58:13.199866+00:00] [INFO] === cycle 720 ===
[2026-04-28T15:58:15.459371+00:00] [INFO]   LEARNED from 3 completed tasks (tracking 14 action types)
[2026-04-28T16:01:32.582784+00:00] [INFO]   PEER-SUPERVISOR: 3 findings (STUCK_LOOP, STALE, STUCK_LOOP)
[2026-04-28T16:01:32.584311+00:00] [INFO] === roadmap-driver cycle ===
[2026-04-28T16:01:33.440293+00:00] [INFO] budget check: budget block at 108.0% >= 70% threshold
[2026-04-28T16:01:33.440396+00:00] [INFO] SKIP — budget threshold exceeded
[2026-04-28T16:01:33.440612+00:00] [INFO]   ROADMAP-DRIVER status: skipped_budget
[2026-04-28T16:01:33.442437+00:00] [WARN]   persistent-memory-curator failed: name 'HERE' is not defined
[2026-04-28T16:01:33.449120+00:00] [INFO]   wrote session briefing (15 capability groups, 0 broken integrations)
[2026-04-28T16:01:33.450130+00:00] [INFO]   cycle 720 done in 200.3s, 3 actions
[2026-04-28T16:01:33.450817+00:00] [INFO]   sleeping 3600s until next cycle
[2026-04-28T17:01:33.629191+00:00] [INFO] === cycle 721 ===
[2026-04-28T17:01:33.634865+00:00] [INFO]   refreshing capability manifest
[2026-04-28T17:01:37.461945+00:00] [INFO]   LEARNED from 3 completed tasks (tracking 16 action types)
[2026-04-28T17:04:52.551945+00:00] [INFO]   PEER-SUPERVISOR: 3 findings (STUCK_LOOP, STALE, STUCK_LOOP)
[2026-04-28T17:04:52.553614+00:00] [INFO] === roadmap-driver cycle ===
[2026-04-28T17:04:52.970713+00:00] [INFO] budget check: budget block at 109.0% >= 70% threshold
[2026-04-28T17:04:52.970825+00:00] [INFO] SKIP — budget threshold exceeded
[2026-04-28T17:04:52.971050+00:00] [INFO]   ROADMAP-DRIVER status: skipped_budget
[2026-04-28T17:04:52.973734+00:00] [WARN]   persistent-memory-curator failed: name 'HERE' is not defined
[2026-04-28T17:04:52.980836+00:00] [INFO]   wrote session briefing (15 capability groups, 0 broken integrations)
[2026-04-28T17:04:52.981090+00:00] [INFO]   cycle 721 done in 199.4s, 3 actions
[2026-04-28T17:04:52.981669+00:00] [INFO]   sleeping 3600s until next cycle
[2026-04-28T18:04:53.158251+00:00] [INFO] === cycle 722 ===
[2026-04-28T18:04:54.270796+00:00] [INFO]   LEARNED from 3 completed tasks (tracking 18 action types)
[2026-04-28T18:04:54.272089+00:00] [ERROR]   peer_supervisor failed: can't subtract offset-naive and offset-aware datetimes
[2026-04-28T18:04:54.272581+00:00] [INFO] === roadmap-driver cycle ===
[2026-04-28T18:04:54.568186+00:00] [INFO] budget check: budget block at 89.5% >= 70% threshold
[2026-04-28T18:04:54.568295+00:00] [INFO] SKIP — budget threshold exceeded
[2026-04-28T18:04:54.568511+00:00] [INFO]   ROADMAP-DRIVER status: skipped_budget
[2026-04-28T18:04:54.569639+00:00] [WARN]   persistent-memory-curator failed: name 'HERE' is not defined
[2026-04-28T18:04:54.575648+00:00] [INFO]   wrote session briefing (15 capability groups, 0 broken integrations)
[2026-04-28T18:04:54.575900+00:00] [INFO]   cycle 722 done in 1.4s, 0 actions
[2026-04-28T18:04:54.576326+00:00] [INFO]   sleeping 900s until next cycle
[2026-04-28T18:19:54.732346+00:00] [INFO] === cycle 723 ===
[2026-04-28T18:19:55.808363+00:00] [ERROR]   peer_supervisor failed: can't subtract offset-naive and offset-aware datetimes
[2026-04-28T18:19:55.808844+00:00] [INFO] === roadmap-driver cycle ===
[2026-04-28T18:19:56.098919+00:00] [INFO] budget check: budget block at 89.5% >= 70% threshold
[2026-04-28T18:19:56.099050+00:00] [INFO] SKIP — budget threshold exceeded
[2026-04-28T18:19:56.099271+00:00] [INFO]   ROADMAP-DRIVER status: skipped_budget
[2026-04-28T18:19:56.100413+00:00] [WARN]   persistent-memory-curator failed: name 'HERE' is not defined
[2026-04-28T18:19:56.106431+00:00] [INFO]   wrote session briefing (15 capability groups, 0 broken integrations)
[2026-04-28T18:19:56.106696+00:00] [INFO]   cycle 723 done in 1.4s, 0 actions
[2026-04-28T18:19:56.107139+00:00] [INFO]   sleeping 900s until next cycle
[2026-04-28T18:34:56.264146+00:00] [INFO] === cycle 724 ===
[2026-04-28T18:34:57.469378+00:00] [ERROR]   peer_supervisor failed: can't subtract offset-naive and offset-aware datetimes
[2026-04-28T18:34:57.469981+00:00] [INFO] === roadmap-driver cycle ===
[2026-04-28T18:34:57.760034+00:00] [INFO] budget check: budget block at 113.0% >= 70% threshold
[2026-04-28T18:34:57.760162+00:00] [INFO] SKIP — budget threshold exceeded
[2026-04-28T18:34:57.760396+00:00] [INFO]   ROADMAP-DRIVER status: skipped_budget
[2026-04-28T18:34:57.761603+00:00] [WARN]   persistent-memory-curator failed: name 'HERE' is not defined
[2026-04-28T18:34:57.767987+00:00] [INFO]   wrote session briefing (15 capability groups, 0 broken integrations)
[2026-04-28T18:34:57.768246+00:00] [INFO]   cycle 724 done in 1.5s, 0 actions
[2026-04-28T18:34:57.768641+00:00] [INFO]   sleeping 3600s until next cycle
[2026-04-28T19:34:57.946326+00:00] [INFO] === cycle 725 ===
[2026-04-28T19:34:59.083972+00:00] [INFO]   DETECT spark idle (0.0%)
[2026-04-28T19:34:59.091495+00:00] [INFO]   QUEUED fix_spark_idle → cowork [orch:fix_spark_idle:5db8f1]
[2026-04-28T19:34:59.091877+00:00] [INFO]   DIRECTED: queued=1, consulted=0, skipped=0
[2026-04-28T19:34:59.093021+00:00] [ERROR]   peer_supervisor failed: can't subtract offset-naive and offset-aware datetimes
[2026-04-28T19:34:59.093410+00:00] [INFO] === roadmap-driver cycle ===
[2026-04-28T19:34:59.383911+00:00] [INFO] budget check: budget block at 97.0% >= 70% threshold
[2026-04-28T19:34:59.384039+00:00] [INFO] SKIP — budget threshold exceeded
[2026-04-28T19:34:59.384270+00:00] [INFO]   ROADMAP-DRIVER status: skipped_budget
[2026-04-28T19:34:59.385270+00:00] [WARN]   persistent-memory-curator failed: name 'HERE' is not defined
[2026-04-28T19:34:59.391516+00:00] [INFO]   wrote session briefing (15 capability groups, 0 broken integrations)
[2026-04-28T19:34:59.391756+00:00] [INFO]   cycle 725 done in 1.4s, 1 actions
[2026-04-28T19:34:59.392152+00:00] [INFO]   sleeping 3600s until next cycle
[2026-04-28T20:34:59.569262+00:00] [INFO] === cycle 726 ===
[2026-04-28T20:35:00.699933+00:00] [INFO]   LEARNED from 1 completed tasks (tracking 18 action types)
[2026-04-28T20:35:00.701220+00:00] [ERROR]   peer_supervisor failed: can't subtract offset-naive and offset-aware datetimes
[2026-04-28T20:35:00.701719+00:00] [INFO] === roadmap-driver cycle ===
[2026-04-28T20:35:00.997407+00:00] [INFO] budget check: budget block at 101.0% >= 70% threshold
[2026-04-28T20:35:00.997523+00:00] [INFO] SKIP — budget threshold exceeded
[2026-04-28T20:35:00.997746+00:00] [INFO]   ROADMAP-DRIVER status: skipped_budget
[2026-04-28T20:35:00.999010+00:00] [WARN]   persistent-memory-curator failed: name 'HERE' is not defined
[2026-04-28T20:35:01.006460+00:00] [INFO]   wrote session briefing (15 capability groups, 0 broken integrations)
[2026-04-28T20:35:01.006699+00:00] [INFO]   cycle 726 done in 1.4s, 0 actions
[2026-04-28T20:35:01.007092+00:00] [INFO]   sleeping 3600s until next cycle
[2026-04-28T21:35:01.184011+00:00] [INFO] === cycle 727 ===
[2026-04-28T21:35:01.189685+00:00] [INFO]   refreshing capability manifest
[2026-04-28T21:35:05.347614+00:00] [ERROR]   peer_supervisor failed: can't subtract offset-naive and offset-aware datetimes
[2026-04-28T21:35:05.347976+00:00] [INFO] === roadmap-driver cycle ===
[2026-04-28T21:35:05.648910+00:00] [INFO] budget check: budget block at 94.0% >= 70% threshold
[2026-04-28T21:35:05.648994+00:00] [INFO] SKIP — budget threshold exceeded
[2026-04-28T21:35:05.649026+00:00] [INFO]   ROADMAP-DRIVER status: skipped_budget
[2026-04-28T21:35:05.650115+00:00] [WARN]   persistent-memory-curator failed: name 'HERE' is not defined
[2026-04-28T21:35:05.656248+00:00] [INFO]   wrote session briefing (15 capability groups, 0 broken integrations)
[2026-04-28T21:35:05.656482+00:00] [INFO]   cycle 727 done in 4.5s, 0 actions
[2026-04-28T21:35:05.656900+00:00] [INFO]   sleeping 3600s until next cycle
[2026-04-28T22:35:05.831363+00:00] [INFO] === cycle 728 ===
[2026-04-28T22:35:07.922545+00:00] [ERROR]   peer_supervisor failed: can't subtract offset-naive and offset-aware datetimes
[2026-04-28T22:35:07.922988+00:00] [INFO] === roadmap-driver cycle ===
[2026-04-28T22:35:08.213904+00:00] [INFO] budget check: budget block at 70.0% >= 70% threshold
[2026-04-28T22:35:08.214015+00:00] [INFO] SKIP — budget threshold exceeded
[2026-04-28T22:35:08.214245+00:00] [INFO]   ROADMAP-DRIVER status: skipped_budget
[2026-04-28T22:35:08.215364+00:00] [WARN]   persistent-memory-curator failed: name 'HERE' is not defined
[2026-04-28T22:35:08.221471+00:00] [INFO]   wrote session briefing (15 capability groups, 0 broken integrations)
[2026-04-28T22:35:08.221719+00:00] [INFO]   cycle 728 done in 2.4s, 0 actions
[2026-04-28T22:35:08.222138+00:00] [INFO]   sleeping 900s until next cycle
[2026-04-28T22:50:08.380290+00:00] [INFO] === cycle 729 ===
[2026-04-28T22:53:29.891812+00:00] [INFO]   PEER-SUPERVISOR: 2 findings (STUCK_LOOP, STUCK_LOOP)
[2026-04-28T22:53:29.893495+00:00] [INFO] === roadmap-driver cycle ===
[2026-04-28T22:53:30.588708+00:00] [INFO] budget check: budget block at 98.5% >= 70% threshold
[2026-04-28T22:53:30.588802+00:00] [INFO] SKIP — budget threshold exceeded
[2026-04-28T22:53:30.588834+00:00] [INFO]   ROADMAP-DRIVER status: skipped_budget
[2026-04-28T22:53:30.590736+00:00] [WARN]   persistent-memory-curator failed: name 'HERE' is not defined
[2026-04-28T22:53:30.597324+00:00] [INFO]   wrote session briefing (15 capability groups, 0 broken integrations)
[2026-04-28T22:53:30.597677+00:00] [INFO]   cycle 729 done in 202.2s, 2 actions
[2026-04-28T22:53:30.598227+00:00] [INFO]   sleeping 120s until next cycle
[2026-04-28T22:55:30.749139+00:00] [INFO] === cycle 730 ===
[2026-04-28T22:55:31.988862+00:00] [INFO]   LEARNED from 1 completed tasks (tracking 18 action types)
[2026-04-28T23:03:01.518276+00:00] [INFO]   PEER-SUPERVISOR: 2 findings (STUCK_LOOP, STUCK_LOOP)
[2026-04-28T23:03:01.519833+00:00] [INFO] === roadmap-driver cycle ===
[2026-04-28T23:03:02.675222+00:00] [INFO] budget check: budget block at 127.5% >= 70% threshold
[2026-04-28T23:03:02.675301+00:00] [INFO] SKIP — budget threshold exceeded
[2026-04-28T23:03:02.675366+00:00] [INFO]   ROADMAP-DRIVER status: skipped_budget
[2026-04-28T23:03:02.676820+00:00] [WARN]   persistent-memory-curator failed: name 'HERE' is not defined
[2026-04-28T23:03:02.683405+00:00] [INFO]   wrote session briefing (15 capability groups, 0 broken integrations)
[2026-04-28T23:03:02.683676+00:00] [INFO]   cycle 730 done in 451.9s, 2 actions
[2026-04-28T23:03:02.684224+00:00] [INFO]   sleeping 3600s until next cycle
[2026-04-29T00:03:02.860779+00:00] [INFO] === cycle 731 ===
[2026-04-29T00:03:04.379962+00:00] [INFO]   LEARNED from 1 completed tasks (tracking 19 action types)
[2026-04-29T00:03:04.381580+00:00] [ERROR]   peer_supervisor failed: can't subtract offset-naive and offset-aware datetimes
[2026-04-29T00:03:04.382008+00:00] [INFO] === roadmap-driver cycle ===
[2026-04-29T00:03:04.674355+00:00] [INFO] budget check: budget block at 103.0% >= 70% threshold
[2026-04-29T00:03:04.674475+00:00] [INFO] SKIP — budget threshold exceeded
[2026-04-29T00:03:04.674711+00:00] [INFO]   ROADMAP-DRIVER status: skipped_budget
[2026-04-29T00:03:04.675917+00:00] [WARN]   persistent-memory-curator failed: name 'HERE' is not defined
[2026-04-29T00:03:04.682250+00:00] [INFO]   wrote session briefing (15 capability groups, 0 broken integrations)
[2026-04-29T00:03:04.682519+00:00] [INFO]   cycle 731 done in 1.8s, 0 actions
[2026-04-29T00:03:04.682919+00:00] [INFO]   sleeping 3600s until next cycle
[2026-04-29T01:03:04.860189+00:00] [INFO] === cycle 732 ===
[2026-04-29T01:03:06.167892+00:00] [ERROR]   peer_supervisor failed: can't subtract offset-naive and offset-aware datetimes
[2026-04-29T01:03:06.168258+00:00] [INFO] === roadmap-driver cycle ===
[2026-04-29T01:03:06.452341+00:00] [INFO] budget check: budget block at 97.0% >= 70% threshold
[2026-04-29T01:03:06.452466+00:00] [INFO] SKIP — budget threshold exceeded
[2026-04-29T01:03:06.452689+00:00] [INFO]   ROADMAP-DRIVER status: skipped_budget
[2026-04-29T01:03:06.454191+00:00] [WARN]   persistent-memory-curator failed: name 'HERE' is not defined
[2026-04-29T01:03:06.461319+00:00] [INFO]   wrote session briefing (15 capability groups, 0 broken integrations)
[2026-04-29T01:03:06.461564+00:00] [INFO]   cycle 732 done in 1.6s, 0 actions
[2026-04-29T01:03:06.461971+00:00] [INFO]   sleeping 3600s until next cycle
[2026-04-29T02:03:06.638658+00:00] [INFO] === cycle 733 ===
[2026-04-29T02:03:06.644021+00:00] [INFO]   refreshing capability manifest
[2026-04-29T02:03:09.918990+00:00] [INFO]   DETECT spark idle (0.0%)
[2026-04-29T02:03:09.926905+00:00] [INFO]   QUEUED fix_spark_idle → cowork [orch:fix_spark_idle:ed0c72]
[2026-04-29T02:03:09.928119+00:00] [INFO]   DIRECTED: queued=1, consulted=0, skipped=0
[2026-04-29T02:03:09.929278+00:00] [ERROR]   peer_supervisor failed: can't subtract offset-naive and offset-aware datetimes
[2026-04-29T02:03:09.929638+00:00] [INFO] === roadmap-driver cycle ===
[2026-04-29T02:03:10.216532+00:00] [INFO] budget check: budget block at 77.5% >= 70% threshold
[2026-04-29T02:03:10.216622+00:00] [INFO] SKIP — budget threshold exceeded
[2026-04-29T02:03:10.216659+00:00] [INFO]   ROADMAP-DRIVER status: skipped_budget
[2026-04-29T02:03:10.217564+00:00] [WARN]   persistent-memory-curator failed: name 'HERE' is not defined
[2026-04-29T02:03:10.223590+00:00] [INFO]   wrote session briefing (15 capability groups, 0 broken integrations)
[2026-04-29T02:03:10.223856+00:00] [INFO]   cycle 733 done in 3.6s, 1 actions
[2026-04-29T02:03:10.224445+00:00] [INFO]   sleeping 120s until next cycle
[2026-04-29T02:05:10.299009+00:00] [INFO] === cycle 734 ===
[2026-04-29T02:05:11.702230+00:00] [INFO]   LEARNED from 1 completed tasks (tracking 19 action types)
[2026-04-29T02:05:11.703587+00:00] [ERROR]   peer_supervisor failed: can't subtract offset-naive and offset-aware datetimes
[2026-04-29T02:05:11.704110+00:00] [INFO] === roadmap-driver cycle ===
[2026-04-29T02:05:11.994850+00:00] [INFO] budget check: budget block at 89.5% >= 70% threshold
[2026-04-29T02:05:11.994971+00:00] [INFO] SKIP — budget threshold exceeded
[2026-04-29T02:05:11.995198+00:00] [INFO]   ROADMAP-DRIVER status: skipped_budget
[2026-04-29T02:05:11.996307+00:00] [WARN]   persistent-memory-curator failed: name 'HERE' is not defined
[2026-04-29T02:05:12.002180+00:00] [INFO]   wrote session briefing (15 capability groups, 0 broken integrations)
[2026-04-29T02:05:12.002459+00:00] [INFO]   cycle 734 done in 1.7s, 0 actions
[2026-04-29T02:05:12.002871+00:00] [INFO]   sleeping 900s until next cycle
[2026-04-29T02:20:12.160046+00:00] [INFO] === cycle 735 ===
[2026-04-29T02:20:14.332122+00:00] [INFO]   DETECT spark idle (0.0%)
[2026-04-29T02:20:14.340065+00:00] [INFO]   QUEUED fix_spark_idle → cowork [orch:fix_spark_idle:f0bee5]
[2026-04-29T02:20:14.341173+00:00] [INFO]   DIRECTED: queued=1, consulted=0, skipped=0
[2026-04-29T02:26:29.702518+00:00] [INFO]   PEER-SUPERVISOR: 2 findings (STUCK_LOOP, STUCK_LOOP)
[2026-04-29T02:26:29.706546+00:00] [INFO] === roadmap-driver cycle ===
[2026-04-29T02:26:31.228425+00:00] [INFO] budget check: budget block at 119.5% >= 70% threshold
[2026-04-29T02:26:31.228501+00:00] [INFO] SKIP — budget threshold exceeded
[2026-04-29T02:26:31.228553+00:00] [INFO]   ROADMAP-DRIVER status: skipped_budget
[2026-04-29T02:26:31.230836+00:00] [WARN]   persistent-memory-curator failed: name 'HERE' is not defined
[2026-04-29T02:26:31.237310+00:00] [INFO]   wrote session briefing (15 capability groups, 0 broken integrations)
[2026-04-29T02:26:31.237731+00:00] [INFO]   cycle 735 done in 379.1s, 3 actions
[2026-04-29T02:26:31.238411+00:00] [INFO]   sleeping 3600s until next cycle
[2026-04-29T03:26:31.414263+00:00] [INFO] === cycle 736 ===
[2026-04-29T03:26:33.616519+00:00] [INFO]   LEARNED from 2 completed tasks (tracking 20 action types)
[2026-04-29T03:26:33.618387+00:00] [ERROR]   peer_supervisor failed: can't subtract offset-naive and offset-aware datetimes
[2026-04-29T03:26:33.619115+00:00] [INFO] === roadmap-driver cycle ===
[2026-04-29T03:26:33.934134+00:00] [INFO] budget check: budget block at 105.5% >= 70% threshold
[2026-04-29T03:26:33.934246+00:00] [INFO] SKIP — budget threshold exceeded
[2026-04-29T03:26:33.934489+00:00] [INFO]   ROADMAP-DRIVER status: skipped_budget
[2026-04-29T03:26:33.935695+00:00] [WARN]   persistent-memory-curator failed: name 'HERE' is not defined
[2026-04-29T03:26:33.942327+00:00] [INFO]   wrote session briefing (15 capability groups, 0 broken integrations)
[2026-04-29T03:26:33.942584+00:00] [INFO]   cycle 736 done in 2.5s, 0 actions
[2026-04-29T03:26:33.942982+00:00] [INFO]   sleeping 3600s until next cycle
[2026-04-29T04:26:34.119608+00:00] [INFO] === cycle 737 ===
[2026-04-29T04:26:36.174098+00:00] [ERROR]   peer_supervisor failed: can't subtract offset-naive and offset-aware datetimes
[2026-04-29T04:26:36.174594+00:00] [INFO] === roadmap-driver cycle ===
[2026-04-29T04:26:36.465077+00:00] [INFO] budget check: budget block at 45.0%
[2026-04-29T04:26:36.481177+00:00] [INFO]   PUSHED roadmap_edge_track_record_in_briefing  sev=LOW  Verify morning briefing edge-weight track record line is wir
[2026-04-29T04:26:36.483268+00:00] [INFO] === done — pushed 1 tasks, queue now 1 ===
[2026-04-29T04:26:36.483469+00:00] [INFO]   ROADMAP-DRIVER: pushed 1 build tasks (queue depth now 1)
[2026-04-29T04:26:36.484814+00:00] [WARN]   persistent-memory-curator failed: name 'HERE' is not defined
[2026-04-29T04:26:36.492147+00:00] [INFO]   wrote session briefing (15 capability groups, 0 broken integrations)
[2026-04-29T04:26:36.492379+00:00] [INFO]   cycle 737 done in 2.4s, 1 actions
[2026-04-29T04:26:36.492790+00:00] [INFO]   sleeping 120s until next cycle
[2026-04-29T04:28:36.644359+00:00] [INFO] === cycle 738 ===
[2026-04-29T04:28:37.814398+00:00] [ERROR]   peer_supervisor failed: can't subtract offset-naive and offset-aware datetimes
[2026-04-29T04:28:37.814804+00:00] [INFO] === roadmap-driver cycle ===
[2026-04-29T04:28:38.108142+00:00] [INFO] budget check: budget block at 54.0%
[2026-04-29T04:28:38.122847+00:00] [INFO]   roadmap_edge_track_record_in_briefing: already in pending queue
[2026-04-29T04:28:38.123213+00:00] [INFO] nothing to push — all roadmap items either complete or in cooldown
[2026-04-29T04:28:38.124508+00:00] [WARN]   persistent-memory-curator failed: name 'HERE' is not defined
[2026-04-29T04:28:38.130361+00:00] [INFO]   wrote session briefing (15 capability groups, 0 broken integrations)
[2026-04-29T04:28:38.130617+00:00] [INFO]   cycle 738 done in 1.5s, 0 actions
[2026-04-29T04:28:38.131030+00:00] [INFO]   sleeping 900s until next cycle
[2026-04-29T04:43:38.288317+00:00] [INFO] === cycle 739 ===
[2026-04-29T04:43:39.639587+00:00] [ERROR]   peer_supervisor failed: can't subtract offset-naive and offset-aware datetimes
[2026-04-29T04:43:39.640129+00:00] [INFO] === roadmap-driver cycle ===
[2026-04-29T04:43:39.925482+00:00] [INFO] budget check: budget block at 56.5%
[2026-04-29T04:43:39.941301+00:00] [INFO]   roadmap_edge_track_record_in_briefing: in cooldown (attempted within last 12h)
[2026-04-29T04:43:39.941688+00:00] [INFO] nothing to push — all roadmap items either complete or in cooldown
[2026-04-29T04:43:39.943008+00:00] [WARN]   persistent-memory-curator failed: name 'HERE' is not defined
[2026-04-29T04:43:39.949239+00:00] [INFO]   wrote session briefing (15 capability groups, 0 broken integrations)
[2026-04-29T04:43:39.949501+00:00] [INFO]   cycle 739 done in 1.7s, 0 actions
[2026-04-29T04:43:39.949928+00:00] [INFO]   sleeping 900s until next cycle
[2026-04-29T04:58:40.106936+00:00] [INFO] === cycle 740 ===
[2026-04-29T04:58:41.326429+00:00] [ERROR]   peer_supervisor failed: can't subtract offset-naive and offset-aware datetimes
[2026-04-29T04:58:41.327011+00:00] [INFO] === roadmap-driver cycle ===
[2026-04-29T04:58:41.617624+00:00] [INFO] budget check: budget block at 56.5%
[2026-04-29T04:58:41.633635+00:00] [INFO]   roadmap_edge_track_record_in_briefing: in cooldown (attempted within last 12h)
[2026-04-29T04:58:41.634009+00:00] [INFO] nothing to push — all roadmap items either complete or in cooldown
[2026-04-29T04:58:41.635469+00:00] [WARN]   persistent-memory-curator failed: name 'HERE' is not defined
[2026-04-29T04:58:41.641945+00:00] [INFO]   wrote session briefing (15 capability groups, 0 broken integrations)
[2026-04-29T04:58:41.642188+00:00] [INFO]   cycle 740 done in 1.5s, 0 actions
[2026-04-29T04:58:41.642572+00:00] [INFO]   sleeping 900s until next cycle
[2026-04-29T05:13:41.799443+00:00] [INFO] === cycle 741 ===
[2026-04-29T05:13:42.976842+00:00] [INFO]   DETECT spark idle (0.0%)
[2026-04-29T05:13:42.985520+00:00] [INFO]   QUEUED fix_spark_idle → cowork [orch:fix_spark_idle:e619d5]
[2026-04-29T05:13:42.986533+00:00] [INFO]   DIRECTED: queued=1, consulted=0, skipped=0
[2026-04-29T05:13:42.988748+00:00] [ERROR]   peer_supervisor failed: can't subtract offset-naive and offset-aware datetimes
[2026-04-29T05:13:42.989252+00:00] [INFO] === roadmap-driver cycle ===
[2026-04-29T05:13:43.274402+00:00] [INFO] budget check: budget block at 56.5%
[2026-04-29T05:13:43.291355+00:00] [INFO]   roadmap_edge_track_record_in_briefing: in cooldown (attempted within last 12h)
[2026-04-29T05:13:43.291745+00:00] [INFO] nothing to push — all roadmap items either complete or in cooldown
[2026-04-29T05:13:43.293072+00:00] [WARN]   persistent-memory-curator failed: name 'HERE' is not defined
[2026-04-29T05:13:43.300000+00:00] [INFO]   wrote session briefing (15 capability groups, 0 broken integrations)
[2026-04-29T05:13:43.300252+00:00] [INFO]   cycle 741 done in 1.5s, 1 actions
[2026-04-29T05:13:43.300688+00:00] [INFO]   sleeping 120s until next cycle
[2026-04-29T05:15:43.452291+00:00] [INFO] === cycle 742 ===
[2026-04-29T05:15:45.005369+00:00] [ERROR]   peer_supervisor failed: can't subtract offset-naive and offset-aware datetimes
[2026-04-29T05:15:45.005892+00:00] [INFO] === roadmap-driver cycle ===
[2026-04-29T05:15:45.299290+00:00] [INFO] budget check: budget block at 70.5% >= 70% threshold
[2026-04-29T05:15:45.299417+00:00] [INFO] SKIP — budget threshold exceeded
[2026-04-29T05:15:45.299623+00:00] [INFO]   ROADMAP-DRIVER status: skipped_budget
[2026-04-29T05:15:45.301024+00:00] [WARN]   persistent-memory-curator failed: name 'HERE' is not defined
[2026-04-29T05:15:45.308200+00:00] [INFO]   wrote session briefing (15 capability groups, 0 broken integrations)
[2026-04-29T05:15:45.308436+00:00] [INFO]   cycle 742 done in 1.9s, 0 actions
[2026-04-29T05:15:45.308845+00:00] [INFO]   sleeping 900s until next cycle
[2026-04-29T05:30:45.465976+00:00] [INFO] === cycle 743 ===
[2026-04-29T05:30:47.389736+00:00] [INFO]   LEARNED from 1 completed tasks (tracking 20 action types)
[2026-04-29T05:30:47.391949+00:00] [ERROR]   peer_supervisor failed: can't subtract offset-naive and offset-aware datetimes
[2026-04-29T05:30:47.392494+00:00] [INFO] === roadmap-driver cycle ===
[2026-04-29T05:30:47.678505+00:00] [INFO] budget check: budget block at 71.5% >= 70% threshold
[2026-04-29T05:30:47.678629+00:00] [INFO] SKIP — budget threshold exceeded
[2026-04-29T05:30:47.678859+00:00] [INFO]   ROADMAP-DRIVER status: skipped_budget
[2026-04-29T05:30:47.679979+00:00] [WARN]   persistent-memory-curator failed: name 'HERE' is not defined
[2026-04-29T05:30:47.686009+00:00] [INFO]   wrote session briefing (15 capability groups, 0 broken integrations)
[2026-04-29T05:30:47.686281+00:00] [INFO]   cycle 743 done in 2.2s, 0 actions
[2026-04-29T05:30:47.686689+00:00] [INFO]   sleeping 900s until next cycle
[2026-04-29T05:45:47.842779+00:00] [INFO] === cycle 744 ===
[2026-04-29T05:45:49.571378+00:00] [ERROR]   peer_supervisor failed: can't subtract offset-naive and offset-aware datetimes
[2026-04-29T05:45:49.571898+00:00] [INFO] === roadmap-driver cycle ===
[2026-04-29T05:45:49.868302+00:00] [INFO] budget check: budget block at 71.5% >= 70% threshold
[2026-04-29T05:45:49.868401+00:00] [INFO] SKIP — budget threshold exceeded
[2026-04-29T05:45:49.868465+00:00] [INFO]   ROADMAP-DRIVER status: skipped_budget
[2026-04-29T05:45:49.869533+00:00] [WARN]   persistent-memory-curator failed: name 'HERE' is not defined
[2026-04-29T05:45:49.875684+00:00] [INFO]   wrote session briefing (15 capability groups, 0 broken integrations)
[2026-04-29T05:45:49.875924+00:00] [INFO]   cycle 744 done in 2.0s, 0 actions
[2026-04-29T05:45:49.876298+00:00] [INFO]   sleeping 900s until next cycle
[2026-04-29T06:00:50.033100+00:00] [INFO] === cycle 745 ===
[2026-04-29T06:00:52.096149+00:00] [ERROR]   peer_supervisor failed: can't subtract offset-naive and offset-aware datetimes
[2026-04-29T06:00:52.096685+00:00] [INFO] === roadmap-driver cycle ===
[2026-04-29T06:00:52.381484+00:00] [INFO] budget check: budget block at 71.5% >= 70% threshold
[2026-04-29T06:00:52.381619+00:00] [INFO] SKIP — budget threshold exceeded
[2026-04-29T06:00:52.381836+00:00] [INFO]   ROADMAP-DRIVER status: skipped_budget
[2026-04-29T06:00:52.382951+00:00] [WARN]   persistent-memory-curator failed: name 'HERE' is not defined
[2026-04-29T06:00:52.389254+00:00] [INFO]   wrote session briefing (15 capability groups, 0 broken integrations)
[2026-04-29T06:00:52.389495+00:00] [INFO]   cycle 745 done in 2.4s, 0 actions
[2026-04-29T06:00:52.389923+00:00] [INFO]   sleeping 900s until next cycle
[2026-04-29T06:15:52.543942+00:00] [INFO] === cycle 746 ===
[2026-04-29T06:15:52.550144+00:00] [INFO]   refreshing capability manifest
[2026-04-29T06:15:56.255062+00:00] [INFO]   DETECT spark idle (0.0%)
[2026-04-29T06:15:56.263332+00:00] [INFO]   QUEUED fix_spark_idle → cowork [orch:fix_spark_idle:35efb0]
[2026-04-29T06:15:56.263676+00:00] [INFO]   DIRECTED: queued=1, consulted=0, skipped=0
[2026-04-29T06:15:56.264648+00:00] [ERROR]   peer_supervisor failed: can't subtract offset-naive and offset-aware datetimes
[2026-04-29T06:15:56.265021+00:00] [INFO] === roadmap-driver cycle ===
[2026-04-29T06:15:56.550850+00:00] [INFO] budget check: budget block at 71.5% >= 70% threshold
[2026-04-29T06:15:56.550976+00:00] [INFO] SKIP — budget threshold exceeded
[2026-04-29T06:15:56.551196+00:00] [INFO]   ROADMAP-DRIVER status: skipped_budget
[2026-04-29T06:15:56.552193+00:00] [WARN]   persistent-memory-curator failed: name 'HERE' is not defined
[2026-04-29T06:15:56.558485+00:00] [INFO]   wrote session briefing (15 capability groups, 0 broken integrations)
[2026-04-29T06:15:56.558763+00:00] [INFO]   cycle 746 done in 4.0s, 1 actions
[2026-04-29T06:15:56.559176+00:00] [INFO]   sleeping 120s until next cycle
[2026-04-29T06:17:56.710424+00:00] [INFO] === cycle 747 ===
[2026-04-29T06:17:57.744559+00:00] [INFO]   DETECT spark idle (0.0%)
[2026-04-29T06:17:57.750691+00:00] [ERROR]   peer_supervisor failed: can't subtract offset-naive and offset-aware datetimes
[2026-04-29T06:17:57.751084+00:00] [INFO] === roadmap-driver cycle ===
[2026-04-29T06:17:58.042552+00:00] [INFO] budget check: budget block at 84.5% >= 70% threshold
[2026-04-29T06:17:58.042668+00:00] [INFO] SKIP — budget threshold exceeded
[2026-04-29T06:17:58.042906+00:00] [INFO]   ROADMAP-DRIVER status: skipped_budget
[2026-04-29T06:17:58.044296+00:00] [WARN]   persistent-memory-curator failed: name 'HERE' is not defined
[2026-04-29T06:17:58.051254+00:00] [INFO]   wrote session briefing (15 capability groups, 0 broken integrations)
[2026-04-29T06:17:58.051517+00:00] [INFO]   cycle 747 done in 1.3s, 0 actions
[2026-04-29T06:17:58.051914+00:00] [INFO]   sleeping 900s until next cycle
[2026-04-29T06:32:58.211519+00:00] [INFO] === cycle 748 ===
[2026-04-29T06:32:59.971903+00:00] [INFO]   DETECT spark idle (0.0%)
[2026-04-29T06:32:59.975388+00:00] [INFO]   LEARNED from 1 completed tasks (tracking 20 action types)
[2026-04-29T06:32:59.979746+00:00] [INFO]   QUEUED fix_spark_idle → cowork [orch:fix_spark_idle:f2a304]
[2026-04-29T06:32:59.980095+00:00] [INFO]   DIRECTED: queued=1, consulted=0, skipped=0
[2026-04-29T06:32:59.981212+00:00] [ERROR]   peer_supervisor failed: can't subtract offset-naive and offset-aware datetimes
[2026-04-29T06:32:59.981578+00:00] [INFO] === roadmap-driver cycle ===
[2026-04-29T06:33:00.336250+00:00] [INFO] budget check: budget block at 85.0% >= 70% threshold
[2026-04-29T06:33:00.336317+00:00] [INFO] SKIP — budget threshold exceeded
[2026-04-29T06:33:00.336351+00:00] [INFO]   ROADMAP-DRIVER status: skipped_budget
[2026-04-29T06:33:00.337299+00:00] [WARN]   persistent-memory-curator failed: name 'HERE' is not defined
[2026-04-29T06:33:00.343222+00:00] [INFO]   wrote session briefing (15 capability groups, 0 broken integrations)
[2026-04-29T06:33:00.343476+00:00] [INFO]   cycle 748 done in 2.1s, 1 actions
[2026-04-29T06:33:00.343902+00:00] [INFO]   sleeping 120s until next cycle
[2026-04-29T06:35:00.495525+00:00] [INFO] === cycle 749 ===
[2026-04-29T06:35:01.775800+00:00] [ERROR]   peer_supervisor failed: can't subtract offset-naive and offset-aware datetimes
[2026-04-29T06:35:01.776336+00:00] [INFO] === roadmap-driver cycle ===
[2026-04-29T06:35:02.074241+00:00] [INFO] budget check: budget block at 94.0% >= 70% threshold
[2026-04-29T06:35:02.074319+00:00] [INFO] SKIP — budget threshold exceeded
[2026-04-29T06:35:02.074374+00:00] [INFO]   ROADMAP-DRIVER status: skipped_budget
[2026-04-29T06:35:02.075520+00:00] [WARN]   persistent-memory-curator failed: name 'HERE' is not defined
[2026-04-29T06:35:02.081615+00:00] [INFO]   wrote session briefing (15 capability groups, 0 broken integrations)
[2026-04-29T06:35:02.081881+00:00] [INFO]   cycle 749 done in 1.6s, 0 actions
[2026-04-29T06:35:02.082276+00:00] [INFO]   sleeping 3600s until next cycle
[2026-04-29T07:35:02.259344+00:00] [INFO] === cycle 750 ===
[2026-04-29T07:35:03.581716+00:00] [INFO]   DETECT spark idle (0.0%)
[2026-04-29T07:35:03.585822+00:00] [INFO]   LEARNED from 1 completed tasks (tracking 20 action types)
[2026-04-29T07:35:03.591531+00:00] [INFO]   QUEUED fix_spark_idle → cowork [orch:fix_spark_idle:a93a41]
[2026-04-29T07:35:03.591907+00:00] [INFO]   DIRECTED: queued=1, consulted=0, skipped=0
[2026-04-29T07:35:03.593016+00:00] [ERROR]   peer_supervisor failed: can't subtract offset-naive and offset-aware datetimes
[2026-04-29T07:35:03.593514+00:00] [INFO] === roadmap-driver cycle ===
[2026-04-29T07:35:03.891301+00:00] [INFO] budget check: budget block at 56.5%
[2026-04-29T07:35:03.906809+00:00] [INFO]   roadmap_edge_track_record_in_briefing: in cooldown (attempted within last 12h)
[2026-04-29T07:35:03.907203+00:00] [INFO] nothing to push — all roadmap items either complete or in cooldown
[2026-04-29T07:35:03.908435+00:00] [WARN]   persistent-memory-curator failed: name 'HERE' is not defined
[2026-04-29T07:35:03.916035+00:00] [INFO]   wrote session briefing (15 capability groups, 0 broken integrations)
[2026-04-29T07:35:03.916278+00:00] [INFO]   cycle 750 done in 1.7s, 1 actions
[2026-04-29T07:35:03.916677+00:00] [INFO]   sleeping 120s until next cycle
[2026-04-29T07:37:04.068199+00:00] [INFO] === cycle 751 ===
[2026-04-29T07:37:05.310068+00:00] [ERROR]   peer_supervisor failed: can't subtract offset-naive and offset-aware datetimes
[2026-04-29T07:37:05.310605+00:00] [INFO] === roadmap-driver cycle ===
[2026-04-29T07:37:05.607515+00:00] [INFO] budget check: budget block at 62.5%
[2026-04-29T07:37:05.623221+00:00] [INFO]   roadmap_edge_track_record_in_briefing: in cooldown (attempted within last 12h)
[2026-04-29T07:37:05.623590+00:00] [INFO] nothing to push — all roadmap items either complete or in cooldown
[2026-04-29T07:37:05.625003+00:00] [WARN]   persistent-memory-curator failed: name 'HERE' is not defined
[2026-04-29T07:37:05.631661+00:00] [INFO]   wrote session briefing (15 capability groups, 0 broken integrations)
[2026-04-29T07:37:05.631906+00:00] [INFO]   cycle 751 done in 1.6s, 0 actions
[2026-04-29T07:37:05.632329+00:00] [INFO]   sleeping 900s until next cycle
[2026-04-29T07:52:05.789482+00:00] [INFO] === cycle 752 ===
[2026-04-29T07:52:07.322423+00:00] [INFO]   LEARNED from 1 completed tasks (tracking 20 action types)
[2026-04-29T07:56:46.599192+00:00] [INFO]   PEER-SUPERVISOR: 2 findings (STUCK_LOOP, STUCK_LOOP)
[2026-04-29T07:56:46.600955+00:00] [INFO] === roadmap-driver cycle ===
[2026-04-29T07:56:47.835522+00:00] [INFO] budget check: budget block at 90.0% >= 70% threshold
[2026-04-29T07:56:47.835598+00:00] [INFO] SKIP — budget threshold exceeded
[2026-04-29T07:56:47.835648+00:00] [INFO]   ROADMAP-DRIVER status: skipped_budget
[2026-04-29T07:56:47.837617+00:00] [WARN]   persistent-memory-curator failed: name 'HERE' is not defined
[2026-04-29T07:56:47.845026+00:00] [INFO]   wrote session briefing (15 capability groups, 0 broken integrations)
[2026-04-29T07:56:47.845285+00:00] [INFO]   cycle 752 done in 282.1s, 2 actions
[2026-04-29T07:56:47.845853+00:00] [INFO]   sleeping 120s until next cycle
[2026-04-29T07:58:47.997166+00:00] [INFO] === cycle 753 ===
[2026-04-29T07:58:49.014631+00:00] [INFO]   LEARNED from 1 completed tasks (tracking 21 action types)
[2026-04-29T07:58:49.015648+00:00] [ERROR]   peer_supervisor failed: can't subtract offset-naive and offset-aware datetimes
[2026-04-29T07:58:49.016275+00:00] [INFO] === roadmap-driver cycle ===
[2026-04-29T07:58:49.321987+00:00] [INFO] budget check: budget block at 93.0% >= 70% threshold
[2026-04-29T07:58:49.322096+00:00] [INFO] SKIP — budget threshold exceeded
[2026-04-29T07:58:49.322322+00:00] [INFO]   ROADMAP-DRIVER status: skipped_budget
[2026-04-29T07:58:49.323477+00:00] [WARN]   persistent-memory-curator failed: name 'HERE' is not defined
[2026-04-29T07:58:49.329652+00:00] [INFO]   wrote session briefing (15 capability groups, 0 broken integrations)
[2026-04-29T07:58:49.329895+00:00] [INFO]   cycle 753 done in 1.3s, 0 actions
[2026-04-29T07:58:49.330314+00:00] [INFO]   sleeping 3600s until next cycle
[2026-04-29T08:58:49.506393+00:00] [INFO] === cycle 754 ===
[2026-04-29T08:58:50.533035+00:00] [INFO]   DETECT 1 crashed launchagents
[2026-04-29T08:58:50.541098+00:00] [INFO]   QUEUED fix_crashed_launchagents → cowork [orch:fix_crashed_launchagents:c696bf]
[2026-04-29T08:58:50.541501+00:00] [INFO]   DIRECTED: queued=1, consulted=0, skipped=0
[2026-04-29T08:58:50.542707+00:00] [ERROR]   peer_supervisor failed: can't subtract offset-naive and offset-aware datetimes
[2026-04-29T08:58:50.543115+00:00] [INFO] === roadmap-driver cycle ===
[2026-04-29T08:58:50.840851+00:00] [INFO] budget check: budget block at 93.0% >= 70% threshold
[2026-04-29T08:58:50.840975+00:00] [INFO] SKIP — budget threshold exceeded
[2026-04-29T08:58:50.841205+00:00] [INFO]   ROADMAP-DRIVER status: skipped_budget
[2026-04-29T08:58:50.842104+00:00] [WARN]   persistent-memory-curator failed: name 'HERE' is not defined
[2026-04-29T08:58:50.848357+00:00] [INFO]   wrote session briefing (15 capability groups, 0 broken integrations)
[2026-04-29T08:58:50.848614+00:00] [INFO]   cycle 754 done in 1.3s, 1 actions
[2026-04-29T08:58:50.848989+00:00] [INFO]   sleeping 3600s until next cycle
[2026-04-29T09:58:51.025169+00:00] [INFO] === cycle 755 ===
[2026-04-29T09:58:52.918546+00:00] [INFO]   DETECT 1 crashed launchagents
[2026-04-29T09:58:52.918605+00:00] [INFO]   DETECT spark idle (0.0%)
[2026-04-29T09:58:52.922380+00:00] [INFO]   LEARNED from 1 completed tasks (tracking 21 action types)
[2026-04-29T09:58:52.927719+00:00] [INFO]   QUEUED fix_crashed_launchagents → cowork [orch:fix_crashed_launchagents:bfdcec]
[2026-04-29T09:58:52.932433+00:00] [INFO]   QUEUED fix_spark_idle → cowork [orch:fix_spark_idle:518f1e]
[2026-04-29T09:58:52.932748+00:00] [INFO]   DIRECTED: queued=2, consulted=0, skipped=0
[2026-04-29T10:03:43.309069+00:00] [INFO]   PEER-SUPERVISOR: 3 findings (STUCK_LOOP, STALE, STUCK_LOOP)
[2026-04-29T10:03:43.310562+00:00] [INFO] === roadmap-driver cycle ===
[2026-04-29T10:03:43.719469+00:00] [INFO] budget check: budget block at 111.0% >= 70% threshold
[2026-04-29T10:03:43.719554+00:00] [INFO] SKIP — budget threshold exceeded
[2026-04-29T10:03:43.719620+00:00] [INFO]   ROADMAP-DRIVER status: skipped_budget
[2026-04-29T10:03:43.721165+00:00] [WARN]   persistent-memory-curator failed: name 'HERE' is not defined
[2026-04-29T10:03:43.727558+00:00] [INFO]   wrote session briefing (15 capability groups, 0 broken integrations)
[2026-04-29T10:03:43.727825+00:00] [INFO]   cycle 755 done in 292.7s, 5 actions
[2026-04-29T10:03:43.728370+00:00] [INFO]   sleeping 120s until next cycle
[2026-04-29T10:05:43.879786+00:00] [INFO] === cycle 756 ===
[2026-04-29T10:05:45.076474+00:00] [INFO]   DETECT 1 crashed launchagents
[2026-04-29T10:05:45.080733+00:00] [INFO]   LEARNED from 4 completed tasks (tracking 22 action types)
[2026-04-29T10:05:45.085837+00:00] [INFO]   QUEUED fix_crashed_launchagents → cowork [orch:fix_crashed_launchagents:3d885f]
[2026-04-29T10:05:45.087130+00:00] [INFO]   DIRECTED: queued=1, consulted=0, skipped=0
[2026-04-29T10:05:45.088515+00:00] [ERROR]   peer_supervisor failed: can't subtract offset-naive and offset-aware datetimes
[2026-04-29T10:05:45.089060+00:00] [INFO] === roadmap-driver cycle ===
[2026-04-29T10:05:45.387338+00:00] [INFO] budget check: budget block at 114.0% >= 70% threshold
[2026-04-29T10:05:45.387453+00:00] [INFO] SKIP — budget threshold exceeded
[2026-04-29T10:05:45.387661+00:00] [INFO]   ROADMAP-DRIVER status: skipped_budget
[2026-04-29T10:05:45.388675+00:00] [WARN]   persistent-memory-curator failed: name 'HERE' is not defined
[2026-04-29T10:05:45.395331+00:00] [INFO]   wrote session briefing (15 capability groups, 0 broken integrations)
[2026-04-29T10:05:45.395543+00:00] [INFO]   cycle 756 done in 1.5s, 1 actions
[2026-04-29T10:05:45.395967+00:00] [INFO]   sleeping 3600s until next cycle
[2026-04-29T11:05:45.571604+00:00] [INFO] === cycle 757 ===
[2026-04-29T11:05:45.577441+00:00] [INFO]   refreshing capability manifest
[2026-04-29T11:05:48.497523+00:00] [INFO]   DETECT 1 crashed launchagents
[2026-04-29T11:05:48.501504+00:00] [INFO]   LEARNED from 1 completed tasks (tracking 22 action types)
[2026-04-29T11:05:48.501643+00:00] [INFO]   SKIP fix_crashed_launchagents: chronic_failure: last 3 attempts all failed, escalate
[2026-04-29T11:05:48.503218+00:00] [ERROR]   peer_supervisor failed: can't subtract offset-naive and offset-aware datetimes
[2026-04-29T11:05:48.503610+00:00] [INFO] === roadmap-driver cycle ===
[2026-04-29T11:05:48.802014+00:00] [INFO] budget check: budget block at 105.0% >= 70% threshold
[2026-04-29T11:05:48.802127+00:00] [INFO] SKIP — budget threshold exceeded
[2026-04-29T11:05:48.802350+00:00] [INFO]   ROADMAP-DRIVER status: skipped_budget
[2026-04-29T11:05:48.803759+00:00] [WARN]   persistent-memory-curator failed: name 'HERE' is not defined
[2026-04-29T11:05:48.810611+00:00] [INFO]   wrote session briefing (15 capability groups, 0 broken integrations)
[2026-04-29T11:05:48.810859+00:00] [INFO]   cycle 757 done in 3.2s, 0 actions
[2026-04-29T11:05:48.811272+00:00] [INFO]   sleeping 3600s until next cycle
[2026-04-29T12:05:48.908033+00:00] [INFO] === cycle 758 ===
[2026-04-29T12:05:50.091282+00:00] [INFO]   DETECT 1 crashed launchagents
[2026-04-29T12:05:50.094801+00:00] [INFO]   SKIP fix_crashed_launchagents: chronic_failure: last 3 attempts all failed, escalate
[2026-04-29T12:08:23.840395+00:00] [INFO]   PEER-SUPERVISOR: 3 findings (STUCK_LOOP, STALE, STUCK_LOOP)
[2026-04-29T12:08:23.841957+00:00] [INFO] === roadmap-driver cycle ===
[2026-04-29T12:08:24.224207+00:00] [INFO] budget check: budget block at 91.0% >= 70% threshold
[2026-04-29T12:08:24.224314+00:00] [INFO] SKIP — budget threshold exceeded
[2026-04-29T12:08:24.224523+00:00] [INFO]   ROADMAP-DRIVER status: skipped_budget
[2026-04-29T12:08:24.226898+00:00] [WARN]   persistent-memory-curator failed: name 'HERE' is not defined
[2026-04-29T12:08:24.232711+00:00] [INFO]   wrote session briefing (15 capability groups, 0 broken integrations)
[2026-04-29T12:08:24.232972+00:00] [INFO]   cycle 758 done in 155.3s, 3 actions
[2026-04-29T12:08:24.233572+00:00] [INFO]   sleeping 120s until next cycle
[2026-04-29T12:10:24.385138+00:00] [INFO] === cycle 759 ===
[2026-04-29T12:10:25.574549+00:00] [INFO]   DETECT 1 crashed launchagents
[2026-04-29T12:10:25.578196+00:00] [INFO]   LEARNED from 1 completed tasks (tracking 22 action types)
[2026-04-29T12:10:25.578341+00:00] [INFO]   SKIP fix_crashed_launchagents: chronic_failure: last 3 attempts all failed, escalate
[2026-04-29T12:10:25.579533+00:00] [ERROR]   peer_supervisor failed: can't subtract offset-naive and offset-aware datetimes
[2026-04-29T12:10:25.579929+00:00] [INFO] === roadmap-driver cycle ===
[2026-04-29T12:10:25.876937+00:00] [INFO] budget check: budget block at 91.0% >= 70% threshold
[2026-04-29T12:10:25.877054+00:00] [INFO] SKIP — budget threshold exceeded
[2026-04-29T12:10:25.877260+00:00] [INFO]   ROADMAP-DRIVER status: skipped_budget
[2026-04-29T12:10:25.878405+00:00] [WARN]   persistent-memory-curator failed: name 'HERE' is not defined
[2026-04-29T12:10:25.884370+00:00] [INFO]   wrote session briefing (15 capability groups, 0 broken integrations)
[2026-04-29T12:10:25.884607+00:00] [INFO]   cycle 759 done in 1.5s, 0 actions
[2026-04-29T12:10:25.885017+00:00] [INFO]   sleeping 3600s until next cycle
[2026-04-29T13:10:26.061157+00:00] [INFO] === cycle 760 ===
[2026-04-29T13:10:27.178843+00:00] [INFO]   DETECT 1 crashed launchagents
[2026-04-29T13:10:27.182412+00:00] [INFO]   SKIP fix_crashed_launchagents: chronic_failure: last 3 attempts all failed, escalate
[2026-04-29T13:10:27.183714+00:00] [ERROR]   peer_supervisor failed: can't subtract offset-naive and offset-aware datetimes
[2026-04-29T13:10:27.184251+00:00] [INFO] === roadmap-driver cycle ===
[2026-04-29T13:10:27.480743+00:00] [INFO] budget check: budget block at 54.5%
[2026-04-29T13:10:27.497608+00:00] [INFO]   roadmap_edge_track_record_in_briefing: in cooldown (attempted within last 12h)
[2026-04-29T13:10:27.498014+00:00] [INFO] nothing to push — all roadmap items either complete or in cooldown
[2026-04-29T13:10:27.499416+00:00] [WARN]   persistent-memory-curator failed: name 'HERE' is not defined
[2026-04-29T13:10:27.506000+00:00] [INFO]   wrote session briefing (15 capability groups, 0 broken integrations)
[2026-04-29T13:10:27.506238+00:00] [INFO]   cycle 760 done in 1.4s, 0 actions
[2026-04-29T13:10:27.506652+00:00] [INFO]   sleeping 900s until next cycle
[2026-04-29T13:25:27.663787+00:00] [INFO] === cycle 761 ===
[2026-04-29T13:25:28.930896+00:00] [INFO]   DETECT 1 crashed launchagents
[2026-04-29T13:25:28.934311+00:00] [INFO]   SKIP fix_crashed_launchagents: chronic_failure: last 3 attempts all failed, escalate
[2026-04-29T13:25:28.935621+00:00] [ERROR]   peer_supervisor failed: can't subtract offset-naive and offset-aware datetimes
[2026-04-29T13:25:28.935989+00:00] [INFO] === roadmap-driver cycle ===
[2026-04-29T13:25:29.230778+00:00] [INFO] budget check: budget block at 54.5%
[2026-04-29T13:25:29.246329+00:00] [INFO]   roadmap_edge_track_record_in_briefing: in cooldown (attempted within last 12h)
[2026-04-29T13:25:29.246713+00:00] [INFO] nothing to push — all roadmap items either complete or in cooldown
[2026-04-29T13:25:29.248220+00:00] [WARN]   persistent-memory-curator failed: name 'HERE' is not defined
[2026-04-29T13:25:29.255071+00:00] [INFO]   wrote session briefing (15 capability groups, 0 broken integrations)
[2026-04-29T13:25:29.255336+00:00] [INFO]   cycle 761 done in 1.6s, 0 actions
[2026-04-29T13:25:29.255744+00:00] [INFO]   sleeping 900s until next cycle
[2026-04-29T13:40:29.412333+00:00] [INFO] === cycle 762 ===
[2026-04-29T13:40:30.348705+00:00] [INFO]   DETECT 1 crashed launchagents
[2026-04-29T13:40:30.352913+00:00] [INFO]   SKIP fix_crashed_launchagents: chronic_failure: last 3 attempts all failed, escalate
[2026-04-29T13:45:06.255524+00:00] [INFO]   PEER-SUPERVISOR: 2 findings (STUCK_LOOP, STUCK_LOOP)
[2026-04-29T13:45:06.257162+00:00] [INFO] === roadmap-driver cycle ===
[2026-04-29T13:45:07.548788+00:00] [INFO] budget check: budget block at 71.5% >= 70% threshold
[2026-04-29T13:45:07.548870+00:00] [INFO] SKIP — budget threshold exceeded
[2026-04-29T13:45:07.548931+00:00] [INFO]   ROADMAP-DRIVER status: skipped_budget
[2026-04-29T13:45:07.551939+00:00] [WARN]   persistent-memory-curator failed: name 'HERE' is not defined
[2026-04-29T13:45:07.559906+00:00] [INFO]   wrote session briefing (15 capability groups, 0 broken integrations)
[2026-04-29T13:45:07.560153+00:00] [INFO]   cycle 762 done in 278.1s, 2 actions
[2026-04-29T13:45:07.560722+00:00] [INFO]   sleeping 120s until next cycle
[2026-04-29T13:47:07.712283+00:00] [INFO] === cycle 763 ===
[2026-04-29T13:47:08.969051+00:00] [INFO]   DETECT 1 crashed launchagents
[2026-04-29T13:47:08.973087+00:00] [INFO]   SKIP fix_crashed_launchagents: chronic_failure: last 3 attempts all failed, escalate
[2026-04-29T13:47:08.974433+00:00] [ERROR]   peer_supervisor failed: can't subtract offset-naive and offset-aware datetimes
[2026-04-29T13:47:08.974862+00:00] [INFO] === roadmap-driver cycle ===
[2026-04-29T13:47:09.271556+00:00] [INFO] budget check: budget block at 82.0% >= 70% threshold
[2026-04-29T13:47:09.271665+00:00] [INFO] SKIP — budget threshold exceeded
[2026-04-29T13:47:09.271886+00:00] [INFO]   ROADMAP-DRIVER status: skipped_budget
[2026-04-29T13:47:09.273068+00:00] [WARN]   persistent-memory-curator failed: name 'HERE' is not defined
[2026-04-29T13:47:09.279420+00:00] [INFO]   wrote session briefing (15 capability groups, 0 broken integrations)
[2026-04-29T13:47:09.279666+00:00] [INFO]   cycle 763 done in 1.6s, 0 actions
[2026-04-29T13:47:09.280111+00:00] [INFO]   sleeping 900s until next cycle
[2026-04-29T14:02:09.437438+00:00] [INFO] === cycle 764 ===
[2026-04-29T14:02:10.928057+00:00] [INFO]   DETECT 1 crashed launchagents
[2026-04-29T14:02:10.931337+00:00] [INFO]   LEARNED from 1 completed tasks (tracking 23 action types)
[2026-04-29T14:02:10.931463+00:00] [INFO]   SKIP fix_crashed_launchagents: chronic_failure: last 3 attempts all failed, escalate
[2026-04-29T14:02:10.932537+00:00] [ERROR]   peer_supervisor failed: can't subtract offset-naive and offset-aware datetimes
[2026-04-29T14:02:10.933002+00:00] [INFO] === roadmap-driver cycle ===
[2026-04-29T14:02:11.238185+00:00] [INFO] budget check: budget block at 85.5% >= 70% threshold
[2026-04-29T14:02:11.238263+00:00] [INFO] SKIP — budget threshold exceeded
[2026-04-29T14:02:11.238319+00:00] [INFO]   ROADMAP-DRIVER status: skipped_budget
[2026-04-29T14:02:11.239422+00:00] [WARN]   persistent-memory-curator failed: name 'HERE' is not defined
[2026-04-29T14:02:11.246087+00:00] [INFO]   wrote session briefing (15 capability groups, 0 broken integrations)
[2026-04-29T14:02:11.246331+00:00] [INFO]   cycle 764 done in 1.8s, 0 actions
[2026-04-29T14:02:11.246740+00:00] [INFO]   sleeping 900s until next cycle
[2026-04-29T14:17:11.260106+00:00] [INFO] === cycle 765 ===
[2026-04-29T14:17:13.286825+00:00] [INFO]   DETECT 1 crashed launchagents
[2026-04-29T14:17:13.290006+00:00] [INFO]   SKIP fix_crashed_launchagents: chronic_failure: last 3 attempts all failed, escalate
[2026-04-29T14:17:13.291275+00:00] [ERROR]   peer_supervisor failed: can't subtract offset-naive and offset-aware datetimes
[2026-04-29T14:17:13.291767+00:00] [INFO] === roadmap-driver cycle ===
[2026-04-29T14:17:13.588943+00:00] [INFO] budget check: budget block at 85.5% >= 70% threshold
[2026-04-29T14:17:13.589067+00:00] [INFO] SKIP — budget threshold exceeded
[2026-04-29T14:17:13.589280+00:00] [INFO]   ROADMAP-DRIVER status: skipped_budget
[2026-04-29T14:17:13.590478+00:00] [WARN]   persistent-memory-curator failed: name 'HERE' is not defined
[2026-04-29T14:17:13.597029+00:00] [INFO]   wrote session briefing (15 capability groups, 0 broken integrations)
[2026-04-29T14:17:13.597144+00:00] [INFO]   cycle 765 done in 2.3s, 0 actions
[2026-04-29T14:17:13.597557+00:00] [INFO]   sleeping 900s until next cycle
[2026-04-29T14:32:13.755294+00:00] [INFO] === cycle 766 ===
[2026-04-29T14:32:15.306229+00:00] [INFO]   DETECT 1 crashed launchagents
[2026-04-29T14:32:15.309472+00:00] [INFO]   SKIP fix_crashed_launchagents: chronic_failure: last 3 attempts all failed, escalate
[2026-04-29T14:32:15.310588+00:00] [ERROR]   peer_supervisor failed: can't subtract offset-naive and offset-aware datetimes
[2026-04-29T14:32:15.311066+00:00] [INFO] === roadmap-driver cycle ===
[2026-04-29T14:32:15.609114+00:00] [INFO] budget check: budget block at 85.5% >= 70% threshold
[2026-04-29T14:32:15.609239+00:00] [INFO] SKIP — budget threshold exceeded
[2026-04-29T14:32:15.609472+00:00] [INFO]   ROADMAP-DRIVER status: skipped_budget
[2026-04-29T14:32:15.610740+00:00] [WARN]   persistent-memory-curator failed: name 'HERE' is not defined
[2026-04-29T14:32:15.617615+00:00] [INFO]   wrote session briefing (15 capability groups, 0 broken integrations)
[2026-04-29T14:32:15.617733+00:00] [INFO]   cycle 766 done in 1.9s, 0 actions
[2026-04-29T14:32:15.618157+00:00] [INFO]   sleeping 900s until next cycle
[2026-04-29T14:47:15.775472+00:00] [INFO] === cycle 767 ===
[2026-04-29T14:47:16.858330+00:00] [INFO]   DETECT 1 crashed launchagents
[2026-04-29T14:47:16.861378+00:00] [INFO]   SKIP fix_crashed_launchagents: chronic_failure: last 3 attempts all failed, escalate
[2026-04-29T14:47:16.862533+00:00] [ERROR]   peer_supervisor failed: can't subtract offset-naive and offset-aware datetimes
[2026-04-29T14:47:16.862902+00:00] [INFO] === roadmap-driver cycle ===
[2026-04-29T14:47:17.161413+00:00] [INFO] budget check: budget block at 85.5% >= 70% threshold
[2026-04-29T14:47:17.161542+00:00] [INFO] SKIP — budget threshold exceeded
[2026-04-29T14:47:17.161785+00:00] [INFO]   ROADMAP-DRIVER status: skipped_budget
[2026-04-29T14:47:17.163314+00:00] [WARN]   persistent-memory-curator failed: name 'HERE' is not defined
[2026-04-29T14:47:17.170820+00:00] [INFO]   wrote session briefing (15 capability groups, 0 broken integrations)
[2026-04-29T14:47:17.170957+00:00] [INFO]   cycle 767 done in 1.4s, 0 actions
[2026-04-29T14:47:17.171373+00:00] [INFO]   sleeping 900s until next cycle
[2026-04-29T15:02:17.326316+00:00] [INFO] === cycle 768 ===
[2026-04-29T15:02:18.511623+00:00] [INFO]   DETECT 1 crashed launchagents
[2026-04-29T15:02:18.514705+00:00] [INFO]   SKIP fix_crashed_launchagents: chronic_failure: last 3 attempts all failed, escalate
[2026-04-29T15:02:18.515840+00:00] [ERROR]   peer_supervisor failed: can't subtract offset-naive and offset-aware datetimes
[2026-04-29T15:02:18.516340+00:00] [INFO] === roadmap-driver cycle ===
[2026-04-29T15:02:18.805984+00:00] [INFO] budget check: budget block at 69.5%
[2026-04-29T15:02:18.822577+00:00] [INFO]   roadmap_edge_track_record_in_briefing: in cooldown (attempted within last 12h)
[2026-04-29T15:02:18.822912+00:00] [INFO] nothing to push — all roadmap items either complete or in cooldown
[2026-04-29T15:02:18.824250+00:00] [WARN]   persistent-memory-curator failed: name 'HERE' is not defined
[2026-04-29T15:02:18.830650+00:00] [INFO]   wrote session briefing (15 capability groups, 0 broken integrations)
[2026-04-29T15:02:18.830770+00:00] [INFO]   cycle 768 done in 1.5s, 0 actions
[2026-04-29T15:02:18.831192+00:00] [INFO]   sleeping 900s until next cycle
[2026-04-29T15:17:18.987846+00:00] [INFO] === cycle 769 ===
[2026-04-29T15:17:18.992352+00:00] [INFO]   refreshing capability manifest
[2026-04-29T15:17:21.955883+00:00] [INFO]   DETECT 1 crashed launchagents
[2026-04-29T15:17:21.959643+00:00] [INFO]   SKIP fix_crashed_launchagents: chronic_failure: last 3 attempts all failed, escalate
[2026-04-29T15:17:21.960691+00:00] [ERROR]   peer_supervisor failed: can't subtract offset-naive and offset-aware datetimes
[2026-04-29T15:17:21.961057+00:00] [INFO] === roadmap-driver cycle ===
[2026-04-29T15:17:22.257719+00:00] [INFO] budget check: budget block at 53.0%
[2026-04-29T15:17:22.272314+00:00] [INFO]   roadmap_edge_track_record_in_briefing: in cooldown (attempted within last 12h)
[2026-04-29T15:17:22.272485+00:00] [INFO] nothing to push — all roadmap items either complete or in cooldown
[2026-04-29T15:17:22.273863+00:00] [WARN]   persistent-memory-curator failed: name 'HERE' is not defined
[2026-04-29T15:17:22.280597+00:00] [INFO]   wrote session briefing (15 capability groups, 0 broken integrations)
[2026-04-29T15:17:22.280858+00:00] [INFO]   cycle 769 done in 3.3s, 0 actions
[2026-04-29T15:17:22.281258+00:00] [INFO]   sleeping 900s until next cycle
[2026-04-29T15:32:22.439440+00:00] [INFO] === cycle 770 ===
[2026-04-29T15:32:24.318695+00:00] [INFO]   DETECT 1 crashed launchagents
[2026-04-29T15:32:24.322496+00:00] [INFO]   SKIP fix_crashed_launchagents: chronic_failure: last 3 attempts all failed, escalate
[2026-04-29T15:32:24.323751+00:00] [ERROR]   peer_supervisor failed: can't subtract offset-naive and offset-aware datetimes
[2026-04-29T15:32:24.324228+00:00] [INFO] === roadmap-driver cycle ===
[2026-04-29T15:32:24.655497+00:00] [INFO] budget check: budget block at 53.0%
[2026-04-29T15:32:24.672043+00:00] [INFO]   roadmap_edge_track_record_in_briefing: in cooldown (attempted within last 12h)
[2026-04-29T15:32:24.672438+00:00] [INFO] nothing to push — all roadmap items either complete or in cooldown
[2026-04-29T15:32:24.673848+00:00] [WARN]   persistent-memory-curator failed: name 'HERE' is not defined
[2026-04-29T15:32:24.680778+00:00] [INFO]   wrote session briefing (15 capability groups, 0 broken integrations)
[2026-04-29T15:32:24.681020+00:00] [INFO]   cycle 770 done in 2.2s, 0 actions
[2026-04-29T15:32:24.681425+00:00] [INFO]   sleeping 900s until next cycle
[2026-04-29T15:47:24.838453+00:00] [INFO] === cycle 771 ===
[2026-04-29T15:47:26.205036+00:00] [INFO]   DETECT 1 crashed launchagents
[2026-04-29T15:47:26.211447+00:00] [INFO]   SKIP fix_crashed_launchagents: chronic_failure: last 3 attempts all failed, escalate
[2026-04-29T15:47:26.212595+00:00] [ERROR]   peer_supervisor failed: can't subtract offset-naive and offset-aware datetimes
[2026-04-29T15:47:26.213120+00:00] [INFO] === roadmap-driver cycle ===
[2026-04-29T15:47:26.511429+00:00] [INFO] budget check: budget block at 53.0%
[2026-04-29T15:47:26.535724+00:00] [INFO]   roadmap_edge_track_record_in_briefing: in cooldown (attempted within last 12h)
[2026-04-29T15:47:26.536169+00:00] [INFO] nothing to push — all roadmap items either complete or in cooldown
[2026-04-29T15:47:26.537871+00:00] [WARN]   persistent-memory-curator failed: name 'HERE' is not defined
[2026-04-29T15:47:26.547711+00:00] [INFO]   wrote session briefing (15 capability groups, 0 broken integrations)
[2026-04-29T15:47:26.548012+00:00] [INFO]   cycle 771 done in 1.7s, 0 actions
[2026-04-29T15:47:26.548469+00:00] [INFO]   sleeping 900s until next cycle
[2026-04-29T16:02:26.706456+00:00] [INFO] === cycle 772 ===
[2026-04-29T16:02:28.101727+00:00] [INFO]   DETECT 1 crashed launchagents
[2026-04-29T16:02:28.105946+00:00] [INFO]   SKIP fix_crashed_launchagents: chronic_failure: last 3 attempts all failed, escalate
[2026-04-29T16:02:28.107144+00:00] [ERROR]   peer_supervisor failed: can't subtract offset-naive and offset-aware datetimes
[2026-04-29T16:02:28.107663+00:00] [INFO] === roadmap-driver cycle ===
[2026-04-29T16:02:28.398947+00:00] [INFO] budget check: budget block at 50.0%
[2026-04-29T16:02:28.414444+00:00] [INFO]   roadmap_edge_track_record_in_briefing: in cooldown (attempted within last 12h)
[2026-04-29T16:02:28.414815+00:00] [INFO] nothing to push — all roadmap items either complete or in cooldown
[2026-04-29T16:02:28.416245+00:00] [WARN]   persistent-memory-curator failed: name 'HERE' is not defined
[2026-04-29T16:02:28.423677+00:00] [INFO]   wrote session briefing (15 capability groups, 0 broken integrations)
[2026-04-29T16:02:28.423960+00:00] [INFO]   cycle 772 done in 1.7s, 0 actions
[2026-04-29T16:02:28.424386+00:00] [INFO]   sleeping 900s until next cycle
[2026-04-29T16:17:28.577537+00:00] [INFO] === cycle 773 ===
[2026-04-29T16:17:29.440736+00:00] [INFO]   DETECT 1 crashed launchagents
[2026-04-29T16:17:29.444509+00:00] [INFO]   SKIP fix_crashed_launchagents: chronic_failure: last 3 attempts all failed, escalate
[2026-04-29T16:17:29.445780+00:00] [ERROR]   peer_supervisor failed: can't subtract offset-naive and offset-aware datetimes
[2026-04-29T16:17:29.446260+00:00] [INFO] === roadmap-driver cycle ===
[2026-04-29T16:17:29.733230+00:00] [INFO] budget check: budget block at 50.0%
[2026-04-29T16:17:29.748678+00:00] [INFO]   roadmap_edge_track_record_in_briefing: in cooldown (attempted within last 12h)
[2026-04-29T16:17:29.749031+00:00] [INFO] nothing to push — all roadmap items either complete or in cooldown
[2026-04-29T16:17:29.750325+00:00] [WARN]   persistent-memory-curator failed: name 'HERE' is not defined
[2026-04-29T16:17:29.756515+00:00] [INFO]   wrote session briefing (15 capability groups, 0 broken integrations)
[2026-04-29T16:17:29.756773+00:00] [INFO]   cycle 773 done in 1.2s, 0 actions
[2026-04-29T16:17:29.757154+00:00] [INFO]   sleeping 900s until next cycle
[2026-04-29T16:32:29.913360+00:00] [INFO] === cycle 774 ===
[2026-04-29T16:32:31.164180+00:00] [INFO]   DETECT 1 crashed launchagents
[2026-04-29T16:32:31.167813+00:00] [INFO]   SKIP fix_crashed_launchagents: chronic_failure: last 3 attempts all failed, escalate
[2026-04-29T16:36:53.807109+00:00] [INFO]   PEER-SUPERVISOR: 2 findings (STUCK_LOOP, STUCK_LOOP)
[2026-04-29T16:36:53.808784+00:00] [INFO] === roadmap-driver cycle ===
[2026-04-29T16:36:54.187976+00:00] [INFO] budget check: budget block at 84.0% >= 70% threshold
[2026-04-29T16:36:54.188084+00:00] [INFO] SKIP — budget threshold exceeded
[2026-04-29T16:36:54.188334+00:00] [INFO]   ROADMAP-DRIVER status: skipped_budget
[2026-04-29T16:36:54.190683+00:00] [WARN]   persistent-memory-curator failed: name 'HERE' is not defined
[2026-04-29T16:36:54.197540+00:00] [INFO]   wrote session briefing (15 capability groups, 0 broken integrations)
[2026-04-29T16:36:54.197809+00:00] [INFO]   cycle 774 done in 264.3s, 2 actions
[2026-04-29T16:36:54.198346+00:00] [INFO]   sleeping 120s until next cycle
[2026-04-29T16:38:54.352156+00:00] [INFO] === cycle 775 ===
[2026-04-29T16:38:55.787107+00:00] [INFO]   DETECT 1 crashed launchagents
[2026-04-29T16:38:55.791149+00:00] [INFO]   LEARNED from 1 completed tasks (tracking 24 action types)
[2026-04-29T16:38:55.791293+00:00] [INFO]   SKIP fix_crashed_launchagents: chronic_failure: last 3 attempts all failed, escalate
[2026-04-29T16:39:19.771841+00:00] [INFO] signal 15, exiting cleanly
[2026-04-29T16:39:19.894856+00:00] [INFO] === ORCHESTRATOR STARTED pid=29715 ===
[2026-04-29T16:39:19.895220+00:00] [INFO] === cycle 775 ===
[2026-04-29T16:39:20.921814+00:00] [INFO]   DETECT 1 crashed launchagents
[2026-04-29T16:39:20.924815+00:00] [INFO]   SKIP fix_crashed_launchagents: chronic_failure: last 3 attempts all failed, escalate
[2026-04-29T16:39:20.926345+00:00] [INFO] === roadmap-driver cycle ===
[2026-04-29T16:39:21.217711+00:00] [INFO] budget check: budget block at 101.0% >= 70% threshold
[2026-04-29T16:39:21.217827+00:00] [INFO] SKIP — budget threshold exceeded
[2026-04-29T16:39:21.218079+00:00] [INFO]   ROADMAP-DRIVER status: skipped_budget
[2026-04-29T16:39:21.218969+00:00] [WARN]   persistent-memory-curator failed: name 'HERE' is not defined
[2026-04-29T16:39:21.225125+00:00] [INFO]   wrote session briefing (15 capability groups, 0 broken integrations)
[2026-04-29T16:39:21.225398+00:00] [INFO]   cycle 775 done in 1.3s, 0 actions
[2026-04-29T16:39:21.225761+00:00] [INFO]   sleeping 3600s until next cycle
[2026-04-29T17:39:21.402868+00:00] [INFO] === cycle 776 ===
[2026-04-29T17:39:22.579790+00:00] [INFO]   DETECT 1 crashed launchagents
[2026-04-29T17:39:22.583641+00:00] [INFO]   LEARNED from 1 completed tasks (tracking 25 action types)
[2026-04-29T17:39:22.583782+00:00] [INFO]   SKIP fix_crashed_launchagents: chronic_failure: last 3 attempts all failed, escalate
[2026-04-29T17:39:22.590174+00:00] [INFO]   PEER-SUPERVISOR: 1 findings (STALE)
[2026-04-29T17:39:22.590536+00:00] [INFO] === roadmap-driver cycle ===
[2026-04-29T17:39:22.879881+00:00] [INFO] budget check: budget block at 87.0% >= 70% threshold
[2026-04-29T17:39:22.880000+00:00] [INFO] SKIP — budget threshold exceeded
[2026-04-29T17:39:22.880216+00:00] [INFO]   ROADMAP-DRIVER status: skipped_budget
[2026-04-29T17:39:22.881134+00:00] [WARN]   persistent-memory-curator failed: name 'HERE' is not defined
[2026-04-29T17:39:22.887940+00:00] [INFO]   wrote session briefing (15 capability groups, 0 broken integrations)
[2026-04-29T17:39:22.888193+00:00] [INFO]   cycle 776 done in 1.5s, 1 actions
[2026-04-29T17:39:22.888600+00:00] [INFO]   sleeping 120s until next cycle
[2026-04-29T17:41:22.915554+00:00] [INFO] === cycle 777 ===
[2026-04-29T17:41:23.990158+00:00] [INFO]   DETECT 1 crashed launchagents
[2026-04-29T17:41:23.993453+00:00] [INFO]   LEARNED from 1 completed tasks (tracking 25 action types)
[2026-04-29T17:41:23.993579+00:00] [INFO]   SKIP fix_crashed_launchagents: chronic_failure: last 3 attempts all failed, escalate
[2026-04-29T17:41:23.995692+00:00] [INFO] === roadmap-driver cycle ===
[2026-04-29T17:41:24.290062+00:00] [INFO] budget check: budget block at 90.0% >= 70% threshold
[2026-04-29T17:41:24.290143+00:00] [INFO] SKIP — budget threshold exceeded
[2026-04-29T17:41:24.290191+00:00] [INFO]   ROADMAP-DRIVER status: skipped_budget
[2026-04-29T17:41:24.291088+00:00] [WARN]   persistent-memory-curator failed: name 'HERE' is not defined
[2026-04-29T17:41:24.297126+00:00] [INFO]   wrote session briefing (15 capability groups, 0 broken integrations)
[2026-04-29T17:41:24.297227+00:00] [INFO]   cycle 777 done in 1.4s, 0 actions
[2026-04-29T17:41:24.297620+00:00] [INFO]   sleeping 3600s until next cycle
[2026-04-29T18:41:24.472381+00:00] [INFO] === cycle 778 ===
[2026-04-29T18:41:26.291249+00:00] [INFO]   DETECT 1 crashed launchagents
[2026-04-29T18:41:26.294819+00:00] [INFO]   SKIP fix_crashed_launchagents: chronic_failure: last 3 attempts all failed, escalate
[2026-04-29T18:41:26.298404+00:00] [INFO]   PEER-SUPERVISOR: 1 findings (STALE)
[2026-04-29T18:41:26.298769+00:00] [INFO] === roadmap-driver cycle ===
[2026-04-29T18:41:26.591441+00:00] [INFO] budget check: budget block at 88.5% >= 70% threshold
[2026-04-29T18:41:26.591563+00:00] [INFO] SKIP — budget threshold exceeded
[2026-04-29T18:41:26.591787+00:00] [INFO]   ROADMAP-DRIVER status: skipped_budget
[2026-04-29T18:41:26.592683+00:00] [WARN]   persistent-memory-curator failed: name 'HERE' is not defined
[2026-04-29T18:41:26.598834+00:00] [INFO]   wrote session briefing (15 capability groups, 0 broken integrations)
[2026-04-29T18:41:26.598941+00:00] [INFO]   cycle 778 done in 2.1s, 1 actions
[2026-04-29T18:41:26.599364+00:00] [INFO]   sleeping 120s until next cycle
[2026-04-29T18:43:26.750852+00:00] [INFO] === cycle 779 ===
[2026-04-29T18:43:28.204049+00:00] [INFO]   DETECT 1 crashed launchagents
[2026-04-29T18:43:28.208848+00:00] [INFO]   SKIP fix_crashed_launchagents: chronic_failure: last 3 attempts all failed, escalate
[2026-04-29T18:43:28.211434+00:00] [INFO] === roadmap-driver cycle ===
[2026-04-29T18:43:28.516154+00:00] [INFO] budget check: budget block at 83.0% >= 70% threshold
[2026-04-29T18:43:28.516264+00:00] [INFO] SKIP — budget threshold exceeded
[2026-04-29T18:43:28.516505+00:00] [INFO]   ROADMAP-DRIVER status: skipped_budget
[2026-04-29T18:43:28.517414+00:00] [WARN]   persistent-memory-curator failed: name 'HERE' is not defined
[2026-04-29T18:43:28.523950+00:00] [INFO]   wrote session briefing (15 capability groups, 0 broken integrations)
[2026-04-29T18:43:28.524216+00:00] [INFO]   cycle 779 done in 1.8s, 0 actions
[2026-04-29T18:43:28.524598+00:00] [INFO]   sleeping 900s until next cycle
[2026-04-29T18:58:28.681386+00:00] [INFO] === cycle 780 ===
[2026-04-29T18:58:29.920350+00:00] [INFO]   DETECT 1 crashed launchagents
[2026-04-29T18:58:29.924363+00:00] [INFO]   SKIP fix_crashed_launchagents: chronic_failure: last 3 attempts all failed, escalate
[2026-04-29T18:58:29.926539+00:00] [INFO] === roadmap-driver cycle ===
[2026-04-29T18:58:30.226537+00:00] [INFO] budget check: budget block at 59.0%
[2026-04-29T18:58:30.254017+00:00] [INFO]   PUSHED roadmap_edge_track_record_in_briefing  sev=LOW  Verify morning briefing edge-weight track record line is wir
[2026-04-29T18:58:30.256237+00:00] [INFO] === done — pushed 1 tasks, queue now 1 ===
[2026-04-29T18:58:30.256437+00:00] [INFO]   ROADMAP-DRIVER: pushed 1 build tasks (queue depth now 1)
[2026-04-29T18:58:30.257411+00:00] [WARN]   persistent-memory-curator failed: name 'HERE' is not defined
[2026-04-29T18:58:30.264263+00:00] [INFO]   wrote session briefing (15 capability groups, 0 broken integrations)
[2026-04-29T18:58:30.264511+00:00] [INFO]   cycle 780 done in 1.6s, 1 actions
[2026-04-29T18:58:30.264917+00:00] [INFO]   sleeping 120s until next cycle
[2026-04-29T19:00:30.416423+00:00] [INFO] === cycle 781 ===
[2026-04-29T19:00:31.486360+00:00] [INFO]   DETECT 1 crashed launchagents
[2026-04-29T19:00:31.489524+00:00] [INFO]   SKIP fix_crashed_launchagents: chronic_failure: last 3 attempts all failed, escalate
[2026-04-29T19:00:31.491476+00:00] [INFO] === roadmap-driver cycle ===
[2026-04-29T19:00:31.785372+00:00] [INFO] budget check: budget block at 68.5%
[2026-04-29T19:00:31.801083+00:00] [INFO]   roadmap_edge_track_record_in_briefing: in cooldown (attempted within last 12h)
[2026-04-29T19:00:31.801429+00:00] [INFO] nothing to push — all roadmap items either complete or in cooldown
[2026-04-29T19:00:31.802862+00:00] [WARN]   persistent-memory-curator failed: name 'HERE' is not defined
[2026-04-29T19:00:31.810253+00:00] [INFO]   wrote session briefing (15 capability groups, 0 broken integrations)
[2026-04-29T19:00:31.810490+00:00] [INFO]   cycle 781 done in 1.4s, 0 actions
[2026-04-29T19:00:31.810885+00:00] [INFO]   sleeping 900s until next cycle
[2026-04-29T19:15:31.968816+00:00] [INFO] === cycle 782 ===
[2026-04-29T19:15:34.069572+00:00] [INFO]   DETECT 1 crashed launchagents
[2026-04-29T19:15:34.073112+00:00] [INFO]   SKIP fix_crashed_launchagents: chronic_failure: last 3 attempts all failed, escalate
[2026-04-29T19:15:34.075174+00:00] [INFO] === roadmap-driver cycle ===
[2026-04-29T19:15:34.372579+00:00] [INFO] budget check: budget block at 68.5%
[2026-04-29T19:15:34.388161+00:00] [INFO]   roadmap_edge_track_record_in_briefing: in cooldown (attempted within last 12h)
[2026-04-29T19:15:34.388498+00:00] [INFO] nothing to push — all roadmap items either complete or in cooldown
[2026-04-29T19:15:34.389711+00:00] [WARN]   persistent-memory-curator failed: name 'HERE' is not defined
[2026-04-29T19:15:34.396135+00:00] [INFO]   wrote session briefing (15 capability groups, 0 broken integrations)
[2026-04-29T19:15:34.396368+00:00] [INFO]   cycle 782 done in 2.4s, 0 actions
[2026-04-29T19:15:34.396751+00:00] [INFO]   sleeping 900s until next cycle
[2026-04-29T19:30:34.554219+00:00] [INFO] === cycle 783 ===
[2026-04-29T19:30:34.559989+00:00] [INFO]   refreshing capability manifest
[2026-04-29T19:30:37.433432+00:00] [INFO]   DETECT 1 crashed launchagents
[2026-04-29T19:30:37.436686+00:00] [INFO]   SKIP fix_crashed_launchagents: chronic_failure: last 3 attempts all failed, escalate
[2026-04-29T19:30:37.438866+00:00] [INFO] === roadmap-driver cycle ===
[2026-04-29T19:30:37.734577+00:00] [INFO] budget check: budget block at 68.5%
[2026-04-29T19:30:37.749946+00:00] [INFO]   roadmap_edge_track_record_in_briefing: in cooldown (attempted within last 12h)
[2026-04-29T19:30:37.750115+00:00] [INFO] nothing to push — all roadmap items either complete or in cooldown
[2026-04-29T19:30:37.751344+00:00] [WARN]   persistent-memory-curator failed: name 'HERE' is not defined
[2026-04-29T19:30:37.758040+00:00] [INFO]   wrote session briefing (15 capability groups, 0 broken integrations)
[2026-04-29T19:30:37.758275+00:00] [INFO]   cycle 783 done in 3.2s, 0 actions
[2026-04-29T19:30:37.758659+00:00] [INFO]   sleeping 900s until next cycle
[2026-04-29T19:45:37.915861+00:00] [INFO] === cycle 784 ===
[2026-04-29T19:45:39.909179+00:00] [INFO]   DETECT 1 crashed launchagents
[2026-04-29T19:45:39.912872+00:00] [INFO]   SKIP fix_crashed_launchagents: chronic_failure: last 3 attempts all failed, escalate
[2026-04-29T19:45:39.914950+00:00] [INFO] === roadmap-driver cycle ===
[2026-04-29T19:45:40.208106+00:00] [INFO] budget check: budget block at 68.5%
[2026-04-29T19:45:40.223406+00:00] [INFO]   roadmap_edge_track_record_in_briefing: in cooldown (attempted within last 12h)
[2026-04-29T19:45:40.223756+00:00] [INFO] nothing to push — all roadmap items either complete or in cooldown
[2026-04-29T19:45:40.224866+00:00] [WARN]   persistent-memory-curator failed: name 'HERE' is not defined
[2026-04-29T19:45:40.231739+00:00] [INFO]   wrote session briefing (15 capability groups, 0 broken integrations)
[2026-04-29T19:45:40.232007+00:00] [INFO]   cycle 784 done in 2.3s, 0 actions
[2026-04-29T19:45:40.232401+00:00] [INFO]   sleeping 900s until next cycle
[2026-04-29T20:00:40.389871+00:00] [INFO] === cycle 785 ===
[2026-04-29T20:00:42.483969+00:00] [INFO]   DETECT 1 crashed launchagents
[2026-04-29T20:00:42.487793+00:00] [INFO]   SKIP fix_crashed_launchagents: chronic_failure: last 3 attempts all failed, escalate
[2026-04-29T20:00:42.489384+00:00] [ERROR]   peer_supervisor failed: can't subtract offset-naive and offset-aware datetimes
[2026-04-29T20:00:42.489763+00:00] [INFO] === roadmap-driver cycle ===
[2026-04-29T20:00:42.780965+00:00] [INFO] budget check: budget block at 68.5%
[2026-04-29T20:00:42.797508+00:00] [INFO]   roadmap_edge_track_record_in_briefing: in cooldown (attempted within last 12h)
[2026-04-29T20:00:42.797857+00:00] [INFO] nothing to push — all roadmap items either complete or in cooldown
[2026-04-29T20:00:42.799436+00:00] [WARN]   persistent-memory-curator failed: name 'HERE' is not defined
[2026-04-29T20:00:42.806715+00:00] [INFO]   wrote session briefing (15 capability groups, 0 broken integrations)
[2026-04-29T20:00:42.806984+00:00] [INFO]   cycle 785 done in 2.4s, 0 actions
[2026-04-29T20:00:42.807417+00:00] [INFO]   sleeping 900s until next cycle
[2026-04-29T20:15:42.964621+00:00] [INFO] === cycle 786 ===
[2026-04-29T20:15:45.012666+00:00] [INFO]   DETECT 1 crashed launchagents
[2026-04-29T20:15:45.015932+00:00] [INFO]   SKIP fix_crashed_launchagents: chronic_failure: last 3 attempts all failed, escalate
[2026-04-29T20:15:45.018961+00:00] [INFO] === roadmap-driver cycle ===
[2026-04-29T20:15:45.316896+00:00] [INFO] budget check: budget block at 68.5%
[2026-04-29T20:15:45.331849+00:00] [INFO]   roadmap_edge_track_record_in_briefing: in cooldown (attempted within last 12h)
[2026-04-29T20:15:45.332226+00:00] [INFO] nothing to push — all roadmap items either complete or in cooldown
[2026-04-29T20:15:45.334871+00:00] [WARN]   persistent-memory-curator failed: name 'HERE' is not defined
[2026-04-29T20:15:45.341190+00:00] [INFO]   wrote session briefing (15 capability groups, 0 broken integrations)
[2026-04-29T20:15:45.341429+00:00] [INFO]   cycle 786 done in 2.4s, 0 actions
[2026-04-29T20:15:45.341803+00:00] [INFO]   sleeping 900s until next cycle
[2026-04-29T20:30:45.498314+00:00] [INFO] === cycle 787 ===
[2026-04-29T20:30:47.395197+00:00] [INFO]   DETECT 1 crashed launchagents
[2026-04-29T20:30:47.399039+00:00] [INFO]   SKIP fix_crashed_launchagents: chronic_failure: last 3 attempts all failed, escalate
[2026-04-29T20:30:47.400145+00:00] [ERROR]   peer_supervisor failed: can't subtract offset-naive and offset-aware datetimes
[2026-04-29T20:30:47.400519+00:00] [INFO] === roadmap-driver cycle ===
[2026-04-29T20:30:47.690478+00:00] [INFO] budget check: budget block at 68.5%
[2026-04-29T20:30:47.706833+00:00] [INFO]   roadmap_edge_track_record_in_briefing: in cooldown (attempted within last 12h)
[2026-04-29T20:30:47.707199+00:00] [INFO] nothing to push — all roadmap items either complete or in cooldown
[2026-04-29T20:30:47.708902+00:00] [WARN]   persistent-memory-curator failed: name 'HERE' is not defined
[2026-04-29T20:30:47.715669+00:00] [INFO]   wrote session briefing (15 capability groups, 0 broken integrations)
[2026-04-29T20:30:47.715925+00:00] [INFO]   cycle 787 done in 2.2s, 0 actions
[2026-04-29T20:30:47.716329+00:00] [INFO]   sleeping 900s until next cycle
[2026-04-29T20:45:47.873289+00:00] [INFO] === cycle 788 ===
[2026-04-29T20:45:49.926667+00:00] [INFO]   DETECT 1 crashed launchagents
[2026-04-29T20:45:49.929987+00:00] [INFO]   SKIP fix_crashed_launchagents: chronic_failure: last 3 attempts all failed, escalate
[2026-04-29T20:45:49.932058+00:00] [INFO] === roadmap-driver cycle ===
[2026-04-29T20:45:50.219463+00:00] [INFO] budget check: budget block at 68.5%
[2026-04-29T20:45:50.234812+00:00] [INFO]   roadmap_edge_track_record_in_briefing: in cooldown (attempted within last 12h)
[2026-04-29T20:45:50.235179+00:00] [INFO] nothing to push — all roadmap items either complete or in cooldown
[2026-04-29T20:45:50.236299+00:00] [WARN]   persistent-memory-curator failed: name 'HERE' is not defined
[2026-04-29T20:45:50.243141+00:00] [INFO]   wrote session briefing (15 capability groups, 0 broken integrations)
[2026-04-29T20:45:50.243393+00:00] [INFO]   cycle 788 done in 2.4s, 0 actions
[2026-04-29T20:45:50.243810+00:00] [INFO]   sleeping 900s until next cycle
[2026-04-29T21:00:50.401399+00:00] [INFO] === cycle 789 ===
[2026-04-29T21:00:52.489117+00:00] [INFO]   DETECT 1 crashed launchagents
[2026-04-29T21:00:52.492578+00:00] [INFO]   SKIP fix_crashed_launchagents: chronic_failure: last 3 attempts all failed, escalate
[2026-04-29T21:00:52.493439+00:00] [ERROR]   peer_supervisor failed: can't subtract offset-naive and offset-aware datetimes
[2026-04-29T21:00:52.493932+00:00] [INFO] === roadmap-driver cycle ===
[2026-04-29T21:00:52.802302+00:00] [INFO] budget check: budget block at 68.5%
[2026-04-29T21:00:52.818647+00:00] [INFO]   roadmap_edge_track_record_in_briefing: in cooldown (attempted within last 12h)
[2026-04-29T21:00:52.819008+00:00] [INFO] nothing to push — all roadmap items either complete or in cooldown
[2026-04-29T21:00:52.820572+00:00] [WARN]   persistent-memory-curator failed: name 'HERE' is not defined
[2026-04-29T21:00:52.827578+00:00] [INFO]   wrote session briefing (15 capability groups, 0 broken integrations)
[2026-04-29T21:00:52.827832+00:00] [INFO]   cycle 789 done in 2.4s, 0 actions
[2026-04-29T21:00:52.828207+00:00] [INFO]   sleeping 900s until next cycle
[2026-04-29T21:15:52.984991+00:00] [INFO] === cycle 790 ===
[2026-04-29T21:15:55.248196+00:00] [INFO] === roadmap-driver cycle ===
[2026-04-29T21:15:55.542545+00:00] [INFO] budget check: budget block at 91.5% >= 70% threshold
[2026-04-29T21:15:55.542666+00:00] [INFO] SKIP — budget threshold exceeded
[2026-04-29T21:15:55.542881+00:00] [INFO]   ROADMAP-DRIVER status: skipped_budget
[2026-04-29T21:15:55.543890+00:00] [WARN]   persistent-memory-curator failed: name 'HERE' is not defined
[2026-04-29T21:15:55.551230+00:00] [INFO]   wrote session briefing (15 capability groups, 0 broken integrations)
[2026-04-29T21:15:55.551496+00:00] [INFO]   cycle 790 done in 2.6s, 0 actions
[2026-04-29T21:15:55.551904+00:00] [INFO]   sleeping 3600s until next cycle
[2026-04-29T22:15:55.727510+00:00] [INFO] === cycle 791 ===
[2026-04-29T22:15:57.124248+00:00] [INFO]   PEER-SUPERVISOR: 1 findings (STALE)
[2026-04-29T22:15:57.124776+00:00] [INFO] === roadmap-driver cycle ===
[2026-04-29T22:15:57.418715+00:00] [INFO] budget check: budget block at 38.5%
[2026-04-29T22:15:57.434544+00:00] [INFO]   roadmap_edge_track_record_in_briefing: in cooldown (attempted within last 12h)
[2026-04-29T22:15:57.434916+00:00] [INFO] nothing to push — all roadmap items either complete or in cooldown
[2026-04-29T22:15:57.436114+00:00] [WARN]   persistent-memory-curator failed: name 'HERE' is not defined
[2026-04-29T22:15:57.442943+00:00] [INFO]   wrote session briefing (15 capability groups, 0 broken integrations)
[2026-04-29T22:15:57.443207+00:00] [INFO]   cycle 791 done in 1.7s, 1 actions
[2026-04-29T22:15:57.443621+00:00] [INFO]   sleeping 120s until next cycle
[2026-04-29T22:17:57.595128+00:00] [INFO] === cycle 792 ===
[2026-04-29T22:17:58.761294+00:00] [INFO] === roadmap-driver cycle ===
[2026-04-29T22:17:59.103188+00:00] [INFO] budget check: budget block at 38.5%
[2026-04-29T22:17:59.119101+00:00] [INFO]   roadmap_edge_track_record_in_briefing: in cooldown (attempted within last 12h)
[2026-04-29T22:17:59.119453+00:00] [INFO] nothing to push — all roadmap items either complete or in cooldown
[2026-04-29T22:17:59.120607+00:00] [WARN]   persistent-memory-curator failed: name 'HERE' is not defined
[2026-04-29T22:17:59.126323+00:00] [INFO]   wrote session briefing (15 capability groups, 0 broken integrations)
[2026-04-29T22:17:59.126461+00:00] [INFO]   cycle 792 done in 1.5s, 0 actions
[2026-04-29T22:17:59.126862+00:00] [INFO]   sleeping 900s until next cycle
[2026-04-29T22:32:59.283848+00:00] [INFO] === cycle 793 ===
[2026-04-29T22:33:00.689615+00:00] [INFO] === roadmap-driver cycle ===
[2026-04-29T22:33:00.992879+00:00] [INFO] budget check: budget block at 55.5%
[2026-04-29T22:33:01.009476+00:00] [INFO]   roadmap_edge_track_record_in_briefing: in cooldown (attempted within last 12h)
[2026-04-29T22:33:01.009892+00:00] [INFO] nothing to push — all roadmap items either complete or in cooldown
[2026-04-29T22:33:01.011090+00:00] [WARN]   persistent-memory-curator failed: name 'HERE' is not defined
[2026-04-29T22:33:01.017831+00:00] [INFO]   wrote session briefing (15 capability groups, 0 broken integrations)
[2026-04-29T22:33:01.018093+00:00] [INFO]   cycle 793 done in 1.7s, 0 actions
[2026-04-29T22:33:01.018477+00:00] [INFO]   sleeping 900s until next cycle
[2026-04-29T22:48:01.170163+00:00] [INFO] === cycle 794 ===
[2026-04-29T22:48:02.316115+00:00] [INFO] === roadmap-driver cycle ===
[2026-04-29T22:48:02.616824+00:00] [INFO] budget check: budget block at 52.5%
[2026-04-29T22:48:02.632496+00:00] [INFO]   roadmap_edge_track_record_in_briefing: in cooldown (attempted within last 12h)
[2026-04-29T22:48:02.632996+00:00] [INFO] nothing to push — all roadmap items either complete or in cooldown
[2026-04-29T22:48:02.634639+00:00] [WARN]   persistent-memory-curator failed: name 'HERE' is not defined
[2026-04-29T22:48:02.642716+00:00] [INFO]   wrote session briefing (15 capability groups, 0 broken integrations)
[2026-04-29T22:48:02.643000+00:00] [INFO]   cycle 794 done in 1.5s, 0 actions
[2026-04-29T22:48:02.643397+00:00] [INFO]   sleeping 900s until next cycle
[2026-04-29T23:03:02.804702+00:00] [INFO] === cycle 795 ===
[2026-04-29T23:03:03.972301+00:00] [INFO] === roadmap-driver cycle ===
[2026-04-29T23:03:04.271019+00:00] [INFO] budget check: budget block at 49.5%
[2026-04-29T23:03:04.286731+00:00] [INFO]   roadmap_edge_track_record_in_briefing: in cooldown (attempted within last 12h)
[2026-04-29T23:03:04.287249+00:00] [INFO] nothing to push — all roadmap items either complete or in cooldown
[2026-04-29T23:03:04.289598+00:00] [WARN]   persistent-memory-curator failed: name 'HERE' is not defined
[2026-04-29T23:03:04.295876+00:00] [INFO]   wrote session briefing (15 capability groups, 0 broken integrations)
[2026-04-29T23:03:04.296166+00:00] [INFO]   cycle 795 done in 1.5s, 0 actions
[2026-04-29T23:03:04.296556+00:00] [INFO]   sleeping 900s until next cycle
[2026-04-29T23:18:04.453564+00:00] [INFO] === cycle 796 ===
[2026-04-29T23:18:06.038215+00:00] [INFO] === roadmap-driver cycle ===
[2026-04-29T23:18:06.425844+00:00] [INFO] budget check: budget block at 49.5%
[2026-04-29T23:18:06.443937+00:00] [INFO]   roadmap_edge_track_record_in_briefing: in cooldown (attempted within last 12h)
[2026-04-29T23:18:06.444425+00:00] [INFO] nothing to push — all roadmap items either complete or in cooldown
[2026-04-29T23:18:06.445605+00:00] [WARN]   persistent-memory-curator failed: name 'HERE' is not defined
[2026-04-29T23:18:06.452168+00:00] [INFO]   wrote session briefing (15 capability groups, 0 broken integrations)
[2026-04-29T23:18:06.452421+00:00] [INFO]   cycle 796 done in 2.0s, 0 actions
[2026-04-29T23:18:06.452825+00:00] [INFO]   sleeping 900s until next cycle
[2026-04-29T23:33:06.611015+00:00] [INFO] === cycle 797 ===
[2026-04-29T23:33:06.616439+00:00] [INFO]   refreshing capability manifest
[2026-04-29T23:33:09.610057+00:00] [INFO] === roadmap-driver cycle ===
[2026-04-29T23:33:09.902981+00:00] [INFO] budget check: budget block at 49.5%
[2026-04-29T23:33:09.918674+00:00] [INFO]   roadmap_edge_track_record_in_briefing: in cooldown (attempted within last 12h)
[2026-04-29T23:33:09.918849+00:00] [INFO] nothing to push — all roadmap items either complete or in cooldown
[2026-04-29T23:33:09.920009+00:00] [WARN]   persistent-memory-curator failed: name 'HERE' is not defined
[2026-04-29T23:33:09.927040+00:00] [INFO]   wrote session briefing (15 capability groups, 0 broken integrations)
[2026-04-29T23:33:09.927330+00:00] [INFO]   cycle 797 done in 3.3s, 0 actions
[2026-04-29T23:33:09.927720+00:00] [INFO]   sleeping 900s until next cycle
[2026-04-29T23:48:10.085002+00:00] [INFO] === cycle 798 ===
[2026-04-29T23:48:11.792468+00:00] [INFO] === roadmap-driver cycle ===
[2026-04-29T23:48:12.100783+00:00] [INFO] budget check: budget block at 49.5%
[2026-04-29T23:48:12.116025+00:00] [INFO]   roadmap_edge_track_record_in_briefing: in cooldown (attempted within last 12h)
[2026-04-29T23:48:12.116524+00:00] [INFO] nothing to push — all roadmap items either complete or in cooldown
[2026-04-29T23:48:12.117924+00:00] [WARN]   persistent-memory-curator failed: name 'HERE' is not defined
[2026-04-29T23:48:12.124928+00:00] [INFO]   wrote session briefing (15 capability groups, 0 broken integrations)
[2026-04-29T23:48:12.125182+00:00] [INFO]   cycle 798 done in 2.0s, 0 actions
[2026-04-29T23:48:12.125581+00:00] [INFO]   sleeping 900s until next cycle
[2026-04-30T00:03:12.227645+00:00] [INFO] === cycle 799 ===
[2026-04-30T00:03:13.488185+00:00] [INFO] === roadmap-driver cycle ===
[2026-04-30T00:03:13.781586+00:00] [INFO] budget check: budget block at 40.0%
[2026-04-30T00:03:13.798451+00:00] [INFO]   roadmap_edge_track_record_in_briefing: in cooldown (attempted within last 12h)
[2026-04-30T00:03:13.798961+00:00] [INFO] nothing to push — all roadmap items either complete or in cooldown
[2026-04-30T00:03:13.801349+00:00] [WARN]   persistent-memory-curator failed: name 'HERE' is not defined
[2026-04-30T00:03:13.807783+00:00] [INFO]   wrote session briefing (15 capability groups, 0 broken integrations)
[2026-04-30T00:03:13.808058+00:00] [INFO]   cycle 799 done in 1.6s, 0 actions
[2026-04-30T00:03:13.808466+00:00] [INFO]   sleeping 900s until next cycle
[2026-04-30T00:18:13.965959+00:00] [INFO] === cycle 800 ===
[2026-04-30T00:18:16.328699+00:00] [ERROR]   peer_supervisor failed: can't subtract offset-naive and offset-aware datetimes
[2026-04-30T00:18:16.329084+00:00] [INFO] === roadmap-driver cycle ===
[2026-04-30T00:18:16.620949+00:00] [INFO] budget check: budget block at 40.0%
[2026-04-30T00:18:16.636493+00:00] [INFO]   roadmap_edge_track_record_in_briefing: in cooldown (attempted within last 12h)
[2026-04-30T00:18:16.636993+00:00] [INFO] nothing to push — all roadmap items either complete or in cooldown
[2026-04-30T00:18:16.638327+00:00] [WARN]   persistent-memory-curator failed: name 'HERE' is not defined
[2026-04-30T00:18:16.644807+00:00] [INFO]   wrote session briefing (15 capability groups, 0 broken integrations)
[2026-04-30T00:18:16.645062+00:00] [INFO]   cycle 800 done in 2.7s, 0 actions
[2026-04-30T00:18:16.645464+00:00] [INFO]   sleeping 900s until next cycle
[2026-04-30T00:33:16.802486+00:00] [INFO] === cycle 801 ===
[2026-04-30T00:33:19.115931+00:00] [INFO] === roadmap-driver cycle ===
[2026-04-30T00:33:19.405907+00:00] [INFO] budget check: budget block at 40.0%
[2026-04-30T00:33:19.421239+00:00] [INFO]   roadmap_edge_track_record_in_briefing: in cooldown (attempted within last 12h)
[2026-04-30T00:33:19.421605+00:00] [INFO] nothing to push — all roadmap items either complete or in cooldown
[2026-04-30T00:33:19.422737+00:00] [WARN]   persistent-memory-curator failed: name 'HERE' is not defined
[2026-04-30T00:33:19.429782+00:00] [INFO]   wrote session briefing (15 capability groups, 0 broken integrations)
[2026-04-30T00:33:19.430042+00:00] [INFO]   cycle 801 done in 2.6s, 0 actions
[2026-04-30T00:33:19.430439+00:00] [INFO]   sleeping 900s until next cycle
[2026-04-30T00:48:19.587373+00:00] [INFO] === cycle 802 ===
[2026-04-30T00:48:21.863010+00:00] [ERROR]   peer_supervisor failed: can't subtract offset-naive and offset-aware datetimes
[2026-04-30T00:48:21.863399+00:00] [INFO] === roadmap-driver cycle ===
[2026-04-30T00:48:22.153259+00:00] [INFO] budget check: budget block at 40.0%
[2026-04-30T00:48:22.168536+00:00] [INFO]   roadmap_edge_track_record_in_briefing: in cooldown (attempted within last 12h)
[2026-04-30T00:48:22.169038+00:00] [INFO] nothing to push — all roadmap items either complete or in cooldown
[2026-04-30T00:48:22.170601+00:00] [WARN]   persistent-memory-curator failed: name 'HERE' is not defined
[2026-04-30T00:48:22.177861+00:00] [INFO]   wrote session briefing (15 capability groups, 0 broken integrations)
[2026-04-30T00:48:22.178127+00:00] [INFO]   cycle 802 done in 2.6s, 0 actions
[2026-04-30T00:48:22.178526+00:00] [INFO]   sleeping 900s until next cycle
[2026-04-30T01:03:22.335700+00:00] [INFO] === cycle 803 ===
[2026-04-30T01:03:24.506360+00:00] [ERROR]   peer_supervisor failed: can't subtract offset-naive and offset-aware datetimes
[2026-04-30T01:03:24.506768+00:00] [INFO] === roadmap-driver cycle ===
[2026-04-30T01:03:24.797479+00:00] [INFO] budget check: budget block at 40.0%
[2026-04-30T01:03:24.813589+00:00] [INFO]   roadmap_edge_track_record_in_briefing: in cooldown (attempted within last 12h)
[2026-04-30T01:03:24.814096+00:00] [INFO] nothing to push — all roadmap items either complete or in cooldown
[2026-04-30T01:03:24.816779+00:00] [WARN]   persistent-memory-curator failed: name 'HERE' is not defined
[2026-04-30T01:03:24.823236+00:00] [INFO]   wrote session briefing (15 capability groups, 0 broken integrations)
[2026-04-30T01:03:24.823525+00:00] [INFO]   cycle 803 done in 2.5s, 0 actions
[2026-04-30T01:03:24.823942+00:00] [INFO]   sleeping 900s until next cycle
[2026-04-30T01:18:24.980911+00:00] [INFO] === cycle 804 ===
[2026-04-30T01:18:26.998348+00:00] [ERROR]   peer_supervisor failed: can't subtract offset-naive and offset-aware datetimes
[2026-04-30T01:18:26.998756+00:00] [INFO] === roadmap-driver cycle ===
[2026-04-30T01:18:27.291142+00:00] [INFO] budget check: budget block at 40.0%
[2026-04-30T01:18:27.306267+00:00] [INFO]   roadmap_edge_track_record_in_briefing: in cooldown (attempted within last 12h)
[2026-04-30T01:18:27.306747+00:00] [INFO] nothing to push — all roadmap items either complete or in cooldown
[2026-04-30T01:18:27.308088+00:00] [WARN]   persistent-memory-curator failed: name 'HERE' is not defined
[2026-04-30T01:18:27.314492+00:00] [INFO]   wrote session briefing (15 capability groups, 0 broken integrations)
[2026-04-30T01:18:27.314741+00:00] [INFO]   cycle 804 done in 2.3s, 0 actions
[2026-04-30T01:18:27.315153+00:00] [INFO]   sleeping 900s until next cycle
[2026-04-30T01:33:27.472399+00:00] [INFO] === cycle 805 ===
[2026-04-30T01:33:28.935160+00:00] [ERROR]   peer_supervisor failed: can't subtract offset-naive and offset-aware datetimes
[2026-04-30T01:33:28.935547+00:00] [INFO] === roadmap-driver cycle ===
[2026-04-30T01:33:29.229522+00:00] [INFO] budget check: budget block at 40.0%
[2026-04-30T01:33:29.246343+00:00] [INFO]   roadmap_edge_track_record_in_briefing: in cooldown (attempted within last 12h)
[2026-04-30T01:33:29.246837+00:00] [INFO] nothing to push — all roadmap items either complete or in cooldown
[2026-04-30T01:33:29.248146+00:00] [WARN]   persistent-memory-curator failed: name 'HERE' is not defined
[2026-04-30T01:33:29.254852+00:00] [INFO]   wrote session briefing (15 capability groups, 0 broken integrations)
[2026-04-30T01:33:29.255109+00:00] [INFO]   cycle 805 done in 1.8s, 0 actions
[2026-04-30T01:33:29.255505+00:00] [INFO]   sleeping 900s until next cycle
[2026-04-30T01:48:29.412207+00:00] [INFO] === cycle 806 ===
[2026-04-30T01:48:31.315508+00:00] [ERROR]   peer_supervisor failed: can't subtract offset-naive and offset-aware datetimes
[2026-04-30T01:48:31.315934+00:00] [INFO] === roadmap-driver cycle ===
[2026-04-30T01:48:31.610043+00:00] [INFO] budget check: budget block at 40.0%
[2026-04-30T01:48:31.625870+00:00] [INFO]   roadmap_edge_track_record_in_briefing: in cooldown (attempted within last 12h)
[2026-04-30T01:48:31.626407+00:00] [INFO] nothing to push — all roadmap items either complete or in cooldown
[2026-04-30T01:48:31.627989+00:00] [WARN]   persistent-memory-curator failed: name 'HERE' is not defined
[2026-04-30T01:48:31.635419+00:00] [INFO]   wrote session briefing (15 capability groups, 0 broken integrations)
[2026-04-30T01:48:31.635692+00:00] [INFO]   cycle 806 done in 2.2s, 0 actions
[2026-04-30T01:48:31.636107+00:00] [INFO]   sleeping 900s until next cycle
[2026-04-30T02:03:31.793146+00:00] [INFO] === cycle 807 ===
[2026-04-30T02:03:34.039637+00:00] [ERROR]   peer_supervisor failed: can't subtract offset-naive and offset-aware datetimes
[2026-04-30T02:03:34.040034+00:00] [INFO] === roadmap-driver cycle ===
[2026-04-30T02:03:34.391516+00:00] [INFO] budget check: budget block at 21.5%
[2026-04-30T02:03:34.419636+00:00] [INFO]   roadmap_edge_track_record_in_briefing: in cooldown (attempted within last 12h)
[2026-04-30T02:03:34.420116+00:00] [INFO] nothing to push — all roadmap items either complete or in cooldown
[2026-04-30T02:03:34.422560+00:00] [WARN]   persistent-memory-curator failed: name 'HERE' is not defined
[2026-04-30T02:03:34.428779+00:00] [INFO]   wrote session briefing (15 capability groups, 0 broken integrations)
[2026-04-30T02:03:34.429056+00:00] [INFO]   cycle 807 done in 2.6s, 0 actions
[2026-04-30T02:03:34.429426+00:00] [INFO]   sleeping 900s until next cycle
[2026-04-30T02:18:34.586666+00:00] [INFO] === cycle 808 ===
[2026-04-30T02:18:36.681455+00:00] [ERROR]   peer_supervisor failed: can't subtract offset-naive and offset-aware datetimes
[2026-04-30T02:18:36.681845+00:00] [INFO] === roadmap-driver cycle ===
[2026-04-30T02:18:36.973854+00:00] [INFO] budget check: budget block at 17.0%
[2026-04-30T02:18:36.990021+00:00] [INFO]   roadmap_edge_track_record_in_briefing: in cooldown (attempted within last 12h)
[2026-04-30T02:18:36.990509+00:00] [INFO] nothing to push — all roadmap items either complete or in cooldown
[2026-04-30T02:18:36.991945+00:00] [WARN]   persistent-memory-curator failed: name 'HERE' is not defined
[2026-04-30T02:18:36.998486+00:00] [INFO]   wrote session briefing (15 capability groups, 0 broken integrations)
[2026-04-30T02:18:36.998758+00:00] [INFO]   cycle 808 done in 2.4s, 0 actions
[2026-04-30T02:18:36.999171+00:00] [INFO]   sleeping 900s until next cycle
[2026-04-30T02:33:37.156185+00:00] [INFO] === cycle 809 ===
[2026-04-30T02:33:39.101180+00:00] [ERROR]   peer_supervisor failed: can't subtract offset-naive and offset-aware datetimes
[2026-04-30T02:33:39.101569+00:00] [INFO] === roadmap-driver cycle ===
[2026-04-30T02:33:39.393369+00:00] [INFO] budget check: budget block at 17.0%
[2026-04-30T02:33:39.419251+00:00] [INFO]   roadmap_edge_track_record_in_briefing: in cooldown (attempted within last 12h)
[2026-04-30T02:33:39.419754+00:00] [INFO] nothing to push — all roadmap items either complete or in cooldown
[2026-04-30T02:33:39.421036+00:00] [WARN]   persistent-memory-curator failed: name 'HERE' is not defined
[2026-04-30T02:33:39.427885+00:00] [INFO]   wrote session briefing (15 capability groups, 0 broken integrations)
[2026-04-30T02:33:39.428172+00:00] [INFO]   cycle 809 done in 2.3s, 0 actions
[2026-04-30T02:33:39.428570+00:00] [INFO]   sleeping 900s until next cycle
[2026-04-30T02:48:39.582253+00:00] [INFO] === cycle 810 ===
[2026-04-30T02:48:41.748225+00:00] [ERROR]   peer_supervisor failed: can't subtract offset-naive and offset-aware datetimes
[2026-04-30T02:48:41.748652+00:00] [INFO] === roadmap-driver cycle ===
[2026-04-30T02:48:42.039821+00:00] [INFO] budget check: budget block at 17.0%
[2026-04-30T02:48:42.055167+00:00] [INFO]   roadmap_edge_track_record_in_briefing: in cooldown (attempted within last 12h)
[2026-04-30T02:48:42.055658+00:00] [INFO] nothing to push — all roadmap items either complete or in cooldown
[2026-04-30T02:48:42.057185+00:00] [WARN]   persistent-memory-curator failed: name 'HERE' is not defined
[2026-04-30T02:48:42.064339+00:00] [INFO]   wrote session briefing (15 capability groups, 0 broken integrations)
[2026-04-30T02:48:42.064611+00:00] [INFO]   cycle 810 done in 2.5s, 0 actions
[2026-04-30T02:48:42.065039+00:00] [INFO]   sleeping 900s until next cycle
[2026-04-30T03:03:42.220983+00:00] [INFO] === cycle 811 ===
[2026-04-30T03:03:44.201483+00:00] [ERROR]   peer_supervisor failed: can't subtract offset-naive and offset-aware datetimes
[2026-04-30T03:03:44.201862+00:00] [INFO] === roadmap-driver cycle ===
[2026-04-30T03:03:44.496794+00:00] [INFO] budget check: budget block at 17.0%
[2026-04-30T03:03:44.520612+00:00] [INFO]   roadmap_edge_track_record_in_briefing: in cooldown (attempted within last 12h)
[2026-04-30T03:03:44.521090+00:00] [INFO] nothing to push — all roadmap items either complete or in cooldown
[2026-04-30T03:03:44.522454+00:00] [WARN]   persistent-memory-curator failed: name 'HERE' is not defined
[2026-04-30T03:03:44.528883+00:00] [INFO]   wrote session briefing (15 capability groups, 0 broken integrations)
[2026-04-30T03:03:44.529128+00:00] [INFO]   cycle 811 done in 2.3s, 0 actions
[2026-04-30T03:03:44.529503+00:00] [INFO]   sleeping 900s until next cycle
[2026-04-30T03:18:44.696595+00:00] [INFO] === cycle 812 ===
[2026-04-30T03:18:46.646638+00:00] [ERROR]   peer_supervisor failed: can't subtract offset-naive and offset-aware datetimes
[2026-04-30T03:18:46.647385+00:00] [INFO] === roadmap-driver cycle ===
[2026-04-30T03:18:46.936695+00:00] [INFO] budget check: budget block at 15.0%
[2026-04-30T03:18:46.954396+00:00] [INFO]   roadmap_edge_track_record_in_briefing: in cooldown (attempted within last 12h)
[2026-04-30T03:18:46.954889+00:00] [INFO] nothing to push — all roadmap items either complete or in cooldown
[2026-04-30T03:18:46.956305+00:00] [WARN]   persistent-memory-curator failed: name 'HERE' is not defined
[2026-04-30T03:18:46.961043+00:00] [INFO]   wrote session briefing (15 capability groups, 0 broken integrations)
[2026-04-30T03:18:46.961170+00:00] [INFO]   cycle 812 done in 2.3s, 0 actions
[2026-04-30T03:18:46.961596+00:00] [INFO]   sleeping 900s until next cycle
[2026-04-30T03:33:46.968795+00:00] [INFO] === cycle 813 ===
[2026-04-30T03:33:46.970965+00:00] [INFO]   refreshing capability manifest
[2026-04-30T03:33:49.836046+00:00] [ERROR]   peer_supervisor failed: can't subtract offset-naive and offset-aware datetimes
[2026-04-30T03:33:49.836415+00:00] [INFO] === roadmap-driver cycle ===
[2026-04-30T03:33:50.127292+00:00] [INFO] budget check: budget block at 0.0%
[2026-04-30T03:33:50.142098+00:00] [INFO]   roadmap_edge_track_record_in_briefing: in cooldown (attempted within last 12h)
[2026-04-30T03:33:50.142279+00:00] [INFO] nothing to push — all roadmap items either complete or in cooldown
[2026-04-30T03:33:50.143620+00:00] [WARN]   persistent-memory-curator failed: name 'HERE' is not defined
[2026-04-30T03:33:50.150055+00:00] [INFO]   wrote session briefing (15 capability groups, 0 broken integrations)
[2026-04-30T03:33:50.150332+00:00] [INFO]   cycle 813 done in 3.2s, 0 actions
[2026-04-30T03:33:50.150720+00:00] [INFO]   sleeping 900s until next cycle
[2026-04-30T03:48:50.308548+00:00] [INFO] === cycle 814 ===
[2026-04-30T03:48:51.729379+00:00] [ERROR]   peer_supervisor failed: can't subtract offset-naive and offset-aware datetimes
[2026-04-30T03:48:51.729773+00:00] [INFO] === roadmap-driver cycle ===
[2026-04-30T03:48:52.019043+00:00] [INFO] budget check: budget block at 0.0%
[2026-04-30T03:48:52.035324+00:00] [INFO]   roadmap_edge_track_record_in_briefing: in cooldown (attempted within last 12h)
[2026-04-30T03:48:52.035872+00:00] [INFO] nothing to push — all roadmap items either complete or in cooldown
[2026-04-30T03:48:52.037434+00:00] [WARN]   persistent-memory-curator failed: name 'HERE' is not defined
[2026-04-30T03:48:52.044650+00:00] [INFO]   wrote session briefing (15 capability groups, 0 broken integrations)
[2026-04-30T03:48:52.044923+00:00] [INFO]   cycle 814 done in 1.7s, 0 actions
[2026-04-30T03:48:52.045358+00:00] [INFO]   sleeping 900s until next cycle
[2026-04-30T04:03:52.202532+00:00] [INFO] === cycle 815 ===
[2026-04-30T04:03:53.376401+00:00] [ERROR]   peer_supervisor failed: can't subtract offset-naive and offset-aware datetimes
[2026-04-30T04:03:53.376739+00:00] [INFO] === roadmap-driver cycle ===
[2026-04-30T04:03:53.685782+00:00] [INFO] budget check: budget block at 0.0%
[2026-04-30T04:03:53.700878+00:00] [INFO]   roadmap_edge_track_record_in_briefing: in cooldown (attempted within last 12h)
[2026-04-30T04:03:53.701268+00:00] [INFO] nothing to push — all roadmap items either complete or in cooldown
[2026-04-30T04:03:53.702814+00:00] [WARN]   persistent-memory-curator failed: name 'HERE' is not defined
[2026-04-30T04:03:53.710843+00:00] [INFO]   wrote session briefing (15 capability groups, 0 broken integrations)
[2026-04-30T04:03:53.711116+00:00] [INFO]   cycle 815 done in 1.5s, 0 actions
[2026-04-30T04:03:53.711518+00:00] [INFO]   sleeping 900s until next cycle
[2026-04-30T04:18:53.868849+00:00] [INFO] === cycle 816 ===
[2026-04-30T04:18:55.563826+00:00] [ERROR]   peer_supervisor failed: can't subtract offset-naive and offset-aware datetimes
[2026-04-30T04:18:55.564211+00:00] [INFO] === roadmap-driver cycle ===
[2026-04-30T04:18:55.857048+00:00] [INFO] budget check: budget block at 0.0%
[2026-04-30T04:18:55.872947+00:00] [INFO]   roadmap_edge_track_record_in_briefing: in cooldown (attempted within last 12h)
[2026-04-30T04:18:55.873458+00:00] [INFO] nothing to push — all roadmap items either complete or in cooldown
[2026-04-30T04:18:55.874906+00:00] [WARN]   persistent-memory-curator failed: name 'HERE' is not defined
[2026-04-30T04:18:55.881308+00:00] [INFO]   wrote session briefing (15 capability groups, 0 broken integrations)
[2026-04-30T04:18:55.881569+00:00] [INFO]   cycle 816 done in 2.0s, 0 actions
[2026-04-30T04:18:55.881964+00:00] [INFO]   sleeping 900s until next cycle
[2026-04-30T04:33:56.038319+00:00] [INFO] === cycle 817 ===
[2026-04-30T04:33:57.386353+00:00] [ERROR]   peer_supervisor failed: can't subtract offset-naive and offset-aware datetimes
[2026-04-30T04:33:57.386814+00:00] [INFO] === roadmap-driver cycle ===
[2026-04-30T04:33:57.681020+00:00] [INFO] budget check: budget block at 0.0%
[2026-04-30T04:33:57.696216+00:00] [INFO]   roadmap_edge_track_record_in_briefing: in cooldown (attempted within last 12h)
[2026-04-30T04:33:57.696743+00:00] [INFO] nothing to push — all roadmap items either complete or in cooldown
[2026-04-30T04:33:57.698128+00:00] [WARN]   persistent-memory-curator failed: name 'HERE' is not defined
[2026-04-30T04:33:57.703807+00:00] [INFO]   wrote session briefing (15 capability groups, 0 broken integrations)
[2026-04-30T04:33:57.704060+00:00] [INFO]   cycle 817 done in 1.7s, 0 actions
[2026-04-30T04:33:57.704440+00:00] [INFO]   sleeping 900s until next cycle
[2026-04-30T04:48:57.861470+00:00] [INFO] === cycle 818 ===
[2026-04-30T04:48:59.143124+00:00] [ERROR]   peer_supervisor failed: can't subtract offset-naive and offset-aware datetimes
[2026-04-30T04:48:59.143516+00:00] [INFO] === roadmap-driver cycle ===
[2026-04-30T04:48:59.438195+00:00] [INFO] budget check: budget block at 0.0%
[2026-04-30T04:48:59.453263+00:00] [INFO]   roadmap_edge_track_record_in_briefing: in cooldown (attempted within last 12h)
[2026-04-30T04:48:59.453768+00:00] [INFO] nothing to push — all roadmap items either complete or in cooldown
[2026-04-30T04:48:59.455056+00:00] [WARN]   persistent-memory-curator failed: name 'HERE' is not defined
[2026-04-30T04:48:59.461739+00:00] [INFO]   wrote session briefing (15 capability groups, 0 broken integrations)
[2026-04-30T04:48:59.461981+00:00] [INFO]   cycle 818 done in 1.6s, 0 actions
[2026-04-30T04:48:59.462367+00:00] [INFO]   sleeping 900s until next cycle
[2026-04-30T05:03:59.619491+00:00] [INFO] === cycle 819 ===
[2026-04-30T05:04:01.087170+00:00] [ERROR]   peer_supervisor failed: can't subtract offset-naive and offset-aware datetimes
[2026-04-30T05:04:01.087575+00:00] [INFO] === roadmap-driver cycle ===
[2026-04-30T05:04:01.379005+00:00] [INFO] budget check: budget block at 0.0%
[2026-04-30T05:04:01.394152+00:00] [INFO]   roadmap_edge_track_record_in_briefing: in cooldown (attempted within last 12h)
[2026-04-30T05:04:01.394660+00:00] [INFO] nothing to push — all roadmap items either complete or in cooldown
[2026-04-30T05:04:01.396157+00:00] [WARN]   persistent-memory-curator failed: name 'HERE' is not defined
[2026-04-30T05:04:01.404213+00:00] [INFO]   wrote session briefing (15 capability groups, 0 broken integrations)
[2026-04-30T05:04:01.404472+00:00] [INFO]   cycle 819 done in 1.8s, 0 actions
[2026-04-30T05:04:01.404875+00:00] [INFO]   sleeping 900s until next cycle
[2026-04-30T05:19:01.561990+00:00] [INFO] === cycle 820 ===
[2026-04-30T05:19:03.154586+00:00] [ERROR]   peer_supervisor failed: can't subtract offset-naive and offset-aware datetimes
[2026-04-30T05:19:03.155009+00:00] [INFO] === roadmap-driver cycle ===
[2026-04-30T05:19:03.446911+00:00] [INFO] budget check: budget block at 0.0%
[2026-04-30T05:19:03.462171+00:00] [INFO]   roadmap_edge_track_record_in_briefing: in cooldown (attempted within last 12h)
[2026-04-30T05:19:03.462662+00:00] [INFO] nothing to push — all roadmap items either complete or in cooldown
[2026-04-30T05:19:03.464005+00:00] [WARN]   persistent-memory-curator failed: name 'HERE' is not defined
[2026-04-30T05:19:03.470427+00:00] [INFO]   wrote session briefing (15 capability groups, 0 broken integrations)
[2026-04-30T05:19:03.470690+00:00] [INFO]   cycle 820 done in 1.9s, 0 actions
[2026-04-30T05:19:03.471086+00:00] [INFO]   sleeping 900s until next cycle
[2026-04-30T05:34:03.627959+00:00] [INFO] === cycle 821 ===
[2026-04-30T05:34:04.916604+00:00] [ERROR]   peer_supervisor failed: can't subtract offset-naive and offset-aware datetimes
[2026-04-30T05:34:04.917002+00:00] [INFO] === roadmap-driver cycle ===
[2026-04-30T05:34:05.208128+00:00] [INFO] budget check: budget block at 0.0%
[2026-04-30T05:34:05.223353+00:00] [INFO]   roadmap_edge_track_record_in_briefing: in cooldown (attempted within last 12h)
[2026-04-30T05:34:05.223854+00:00] [INFO] nothing to push — all roadmap items either complete or in cooldown
[2026-04-30T05:34:05.225213+00:00] [WARN]   persistent-memory-curator failed: name 'HERE' is not defined
[2026-04-30T05:34:05.231644+00:00] [INFO]   wrote session briefing (15 capability groups, 0 broken integrations)
[2026-04-30T05:34:05.231909+00:00] [INFO]   cycle 821 done in 1.6s, 0 actions
[2026-04-30T05:34:05.232322+00:00] [INFO]   sleeping 900s until next cycle
[2026-04-30T05:49:05.389370+00:00] [INFO] === cycle 822 ===
[2026-04-30T05:49:06.736071+00:00] [ERROR]   peer_supervisor failed: can't subtract offset-naive and offset-aware datetimes
[2026-04-30T05:49:06.736466+00:00] [INFO] === roadmap-driver cycle ===
[2026-04-30T05:49:07.030750+00:00] [INFO] budget check: budget block at 0.0%
[2026-04-30T05:49:07.046821+00:00] [INFO]   roadmap_edge_track_record_in_briefing: in cooldown (attempted within last 12h)
[2026-04-30T05:49:07.047333+00:00] [INFO] nothing to push — all roadmap items either complete or in cooldown
[2026-04-30T05:49:07.048718+00:00] [WARN]   persistent-memory-curator failed: name 'HERE' is not defined
[2026-04-30T05:49:07.055871+00:00] [INFO]   wrote session briefing (15 capability groups, 0 broken integrations)
[2026-04-30T05:49:07.056091+00:00] [INFO]   cycle 822 done in 1.7s, 0 actions
[2026-04-30T05:49:07.056481+00:00] [INFO]   sleeping 900s until next cycle
[2026-04-30T06:04:07.213653+00:00] [INFO] === cycle 823 ===
[2026-04-30T06:04:08.570363+00:00] [ERROR]   peer_supervisor failed: can't subtract offset-naive and offset-aware datetimes
[2026-04-30T06:04:08.570746+00:00] [INFO] === roadmap-driver cycle ===
[2026-04-30T06:04:08.855334+00:00] [INFO] budget check: budget block at 0.0%
[2026-04-30T06:04:08.871112+00:00] [INFO]   roadmap_edge_track_record_in_briefing: in cooldown (attempted within last 12h)
[2026-04-30T06:04:08.871622+00:00] [INFO] nothing to push — all roadmap items either complete or in cooldown
[2026-04-30T06:04:08.873051+00:00] [WARN]   persistent-memory-curator failed: name 'HERE' is not defined
[2026-04-30T06:04:08.879995+00:00] [INFO]   wrote session briefing (15 capability groups, 0 broken integrations)
[2026-04-30T06:04:08.880257+00:00] [INFO]   cycle 823 done in 1.7s, 0 actions
[2026-04-30T06:04:08.880677+00:00] [INFO]   sleeping 900s until next cycle
[2026-04-30T06:19:09.037724+00:00] [INFO] === cycle 824 ===
[2026-04-30T06:19:10.533238+00:00] [ERROR]   peer_supervisor failed: can't subtract offset-naive and offset-aware datetimes
[2026-04-30T06:19:10.533636+00:00] [INFO] === roadmap-driver cycle ===
[2026-04-30T06:19:10.821936+00:00] [INFO] budget check: budget block at 0.0%
[2026-04-30T06:19:10.837403+00:00] [INFO]   roadmap_edge_track_record_in_briefing: in cooldown (attempted within last 12h)
[2026-04-30T06:19:10.837881+00:00] [INFO] nothing to push — all roadmap items either complete or in cooldown
[2026-04-30T06:19:10.839297+00:00] [WARN]   persistent-memory-curator failed: name 'HERE' is not defined
[2026-04-30T06:19:10.846180+00:00] [INFO]   wrote session briefing (15 capability groups, 0 broken integrations)
[2026-04-30T06:19:10.846427+00:00] [INFO]   cycle 824 done in 1.8s, 0 actions
[2026-04-30T06:19:10.846839+00:00] [INFO]   sleeping 900s until next cycle
[2026-04-30T06:34:10.997459+00:00] [INFO] === cycle 825 ===
[2026-04-30T06:34:12.758115+00:00] [ERROR]   peer_supervisor failed: can't subtract offset-naive and offset-aware datetimes
[2026-04-30T06:34:12.758673+00:00] [INFO] === roadmap-driver cycle ===
[2026-04-30T06:34:13.058580+00:00] [INFO] budget check: budget block at 0.0%
[2026-04-30T06:34:13.074812+00:00] [INFO]   roadmap_edge_track_record_in_briefing: in cooldown (attempted within last 12h)
[2026-04-30T06:34:13.075313+00:00] [INFO] nothing to push — all roadmap items either complete or in cooldown
[2026-04-30T06:34:13.077082+00:00] [WARN]   persistent-memory-curator failed: name 'HERE' is not defined
[2026-04-30T06:34:13.085494+00:00] [INFO]   wrote session briefing (15 capability groups, 0 broken integrations)
[2026-04-30T06:34:13.085746+00:00] [INFO]   cycle 825 done in 2.1s, 0 actions
[2026-04-30T06:34:13.086136+00:00] [INFO]   sleeping 900s until next cycle
[2026-04-30T06:49:13.242566+00:00] [INFO] === cycle 826 ===
[2026-04-30T06:49:15.083111+00:00] [ERROR]   peer_supervisor failed: can't subtract offset-naive and offset-aware datetimes
[2026-04-30T06:49:15.083514+00:00] [INFO] === roadmap-driver cycle ===
[2026-04-30T06:49:15.371980+00:00] [INFO] budget check: budget block at 0.0%
[2026-04-30T06:49:15.387539+00:00] [INFO]   roadmap_edge_track_record_in_briefing: in cooldown (attempted within last 12h)
[2026-04-30T06:49:15.388021+00:00] [INFO] nothing to push — all roadmap items either complete or in cooldown
[2026-04-30T06:49:15.389322+00:00] [WARN]   persistent-memory-curator failed: name 'HERE' is not defined
[2026-04-30T06:49:15.395798+00:00] [INFO]   wrote session briefing (15 capability groups, 0 broken integrations)
[2026-04-30T06:49:15.396093+00:00] [INFO]   cycle 826 done in 2.2s, 0 actions
[2026-04-30T06:49:15.396497+00:00] [INFO]   sleeping 900s until next cycle
[2026-04-30T07:04:15.556664+00:00] [INFO] === cycle 827 ===
[2026-04-30T07:04:17.591525+00:00] [ERROR]   peer_supervisor failed: can't subtract offset-naive and offset-aware datetimes
[2026-04-30T07:04:17.591950+00:00] [INFO] === roadmap-driver cycle ===
[2026-04-30T07:04:17.886656+00:00] [INFO] budget check: budget block at 0.0%
[2026-04-30T07:04:17.903092+00:00] [INFO]   PUSHED roadmap_edge_track_record_in_briefing  sev=LOW  Verify morning briefing edge-weight track record line is wir
[2026-04-30T07:04:17.906353+00:00] [INFO] === done — pushed 1 tasks, queue now 1 ===
[2026-04-30T07:04:17.906616+00:00] [INFO]   ROADMAP-DRIVER: pushed 1 build tasks (queue depth now 1)
[2026-04-30T07:04:17.907732+00:00] [WARN]   persistent-memory-curator failed: name 'HERE' is not defined
[2026-04-30T07:04:17.914381+00:00] [INFO]   wrote session briefing (15 capability groups, 0 broken integrations)
[2026-04-30T07:04:17.914619+00:00] [INFO]   cycle 827 done in 2.4s, 1 actions
[2026-04-30T07:04:17.915031+00:00] [INFO]   sleeping 120s until next cycle
[2026-04-30T07:06:18.066568+00:00] [INFO] === cycle 828 ===
[2026-04-30T07:06:19.438643+00:00] [ERROR]   peer_supervisor failed: can't subtract offset-naive and offset-aware datetimes
[2026-04-30T07:06:19.439044+00:00] [INFO] === roadmap-driver cycle ===
[2026-04-30T07:06:19.732381+00:00] [INFO] budget check: budget block at 8.0%
[2026-04-30T07:06:19.747345+00:00] [INFO]   roadmap_edge_track_record_in_briefing: in cooldown (attempted within last 12h)
[2026-04-30T07:06:19.747706+00:00] [INFO] nothing to push — all roadmap items either complete or in cooldown
[2026-04-30T07:06:19.749069+00:00] [WARN]   persistent-memory-curator failed: name 'HERE' is not defined
[2026-04-30T07:06:19.755509+00:00] [INFO]   wrote session briefing (15 capability groups, 0 broken integrations)
[2026-04-30T07:06:19.755784+00:00] [INFO]   cycle 828 done in 1.7s, 0 actions
[2026-04-30T07:06:19.756163+00:00] [INFO]   sleeping 900s until next cycle
[2026-04-30T07:21:19.913623+00:00] [INFO] === cycle 829 ===
[2026-04-30T07:21:20.987684+00:00] [ERROR]   peer_supervisor failed: can't subtract offset-naive and offset-aware datetimes
[2026-04-30T07:21:20.988203+00:00] [INFO] === roadmap-driver cycle ===
[2026-04-30T07:21:21.276139+00:00] [INFO] budget check: budget block at 8.0%
[2026-04-30T07:21:21.291918+00:00] [INFO]   roadmap_edge_track_record_in_briefing: in cooldown (attempted within last 12h)
[2026-04-30T07:21:21.292400+00:00] [INFO] nothing to push — all roadmap items either complete or in cooldown
[2026-04-30T07:21:21.293684+00:00] [WARN]   persistent-memory-curator failed: name 'HERE' is not defined
[2026-04-30T07:21:21.300538+00:00] [INFO]   wrote session briefing (15 capability groups, 0 broken integrations)
[2026-04-30T07:21:21.300833+00:00] [INFO]   cycle 829 done in 1.4s, 0 actions
[2026-04-30T07:21:21.301209+00:00] [INFO]   sleeping 900s until next cycle
[2026-04-30T07:36:21.458315+00:00] [INFO] === cycle 830 ===
[2026-04-30T07:36:21.462670+00:00] [INFO]   refreshing capability manifest
[2026-04-30T07:36:24.268093+00:00] [ERROR]   peer_supervisor failed: can't subtract offset-naive and offset-aware datetimes
[2026-04-30T07:36:24.268472+00:00] [INFO] === roadmap-driver cycle ===
[2026-04-30T07:36:24.565008+00:00] [INFO] budget check: budget block at 8.0%
[2026-04-30T07:36:24.579510+00:00] [INFO]   roadmap_edge_track_record_in_briefing: in cooldown (attempted within last 12h)
[2026-04-30T07:36:24.579696+00:00] [INFO] nothing to push — all roadmap items either complete or in cooldown
[2026-04-30T07:36:24.581162+00:00] [WARN]   persistent-memory-curator failed: name 'HERE' is not defined
[2026-04-30T07:36:24.587999+00:00] [INFO]   wrote session briefing (15 capability groups, 0 broken integrations)
[2026-04-30T07:36:24.588274+00:00] [INFO]   cycle 830 done in 3.1s, 0 actions
[2026-04-30T07:36:24.588661+00:00] [INFO]   sleeping 900s until next cycle
[2026-04-30T07:51:24.745794+00:00] [INFO] === cycle 831 ===
[2026-04-30T07:51:25.790929+00:00] [ERROR]   peer_supervisor failed: can't subtract offset-naive and offset-aware datetimes
[2026-04-30T07:51:25.791440+00:00] [INFO] === roadmap-driver cycle ===
[2026-04-30T07:51:26.083509+00:00] [INFO] budget check: budget block at 8.0%
[2026-04-30T07:51:26.100222+00:00] [INFO]   roadmap_edge_track_record_in_briefing: in cooldown (attempted within last 12h)
[2026-04-30T07:51:26.100727+00:00] [INFO] nothing to push — all roadmap items either complete or in cooldown
[2026-04-30T07:51:26.102489+00:00] [WARN]   persistent-memory-curator failed: name 'HERE' is not defined
[2026-04-30T07:51:26.110824+00:00] [INFO]   wrote session briefing (15 capability groups, 0 broken integrations)
[2026-04-30T07:51:26.111065+00:00] [INFO]   cycle 831 done in 1.4s, 0 actions
[2026-04-30T07:51:26.111455+00:00] [INFO]   sleeping 900s until next cycle
[2026-04-30T08:06:26.268639+00:00] [INFO] === cycle 832 ===
[2026-04-30T08:06:27.391507+00:00] [ERROR]   peer_supervisor failed: can't subtract offset-naive and offset-aware datetimes
[2026-04-30T08:06:27.392047+00:00] [INFO] === roadmap-driver cycle ===
[2026-04-30T08:06:27.684171+00:00] [INFO] budget check: budget block at 8.0%
[2026-04-30T08:06:27.699876+00:00] [INFO]   roadmap_edge_track_record_in_briefing: in cooldown (attempted within last 12h)
[2026-04-30T08:06:27.700362+00:00] [INFO] nothing to push — all roadmap items either complete or in cooldown
[2026-04-30T08:06:27.701667+00:00] [WARN]   persistent-memory-curator failed: name 'HERE' is not defined
[2026-04-30T08:06:27.708080+00:00] [INFO]   wrote session briefing (15 capability groups, 0 broken integrations)
[2026-04-30T08:06:27.708337+00:00] [INFO]   cycle 832 done in 1.4s, 0 actions
[2026-04-30T08:06:27.708735+00:00] [INFO]   sleeping 900s until next cycle
[2026-04-30T08:21:27.863219+00:00] [INFO] === cycle 833 ===
[2026-04-30T08:21:28.934901+00:00] [ERROR]   peer_supervisor failed: can't subtract offset-naive and offset-aware datetimes
[2026-04-30T08:21:28.935307+00:00] [INFO] === roadmap-driver cycle ===
[2026-04-30T08:21:29.230542+00:00] [INFO] budget check: budget block at 8.0%
[2026-04-30T08:21:29.250229+00:00] [INFO]   roadmap_edge_track_record_in_briefing: in cooldown (attempted within last 12h)
[2026-04-30T08:21:29.250723+00:00] [INFO] nothing to push — all roadmap items either complete or in cooldown
[2026-04-30T08:21:29.252206+00:00] [WARN]   persistent-memory-curator failed: name 'HERE' is not defined
[2026-04-30T08:21:29.258842+00:00] [INFO]   wrote session briefing (15 capability groups, 0 broken integrations)
[2026-04-30T08:21:29.259066+00:00] [INFO]   cycle 833 done in 1.4s, 0 actions
[2026-04-30T08:21:29.259472+00:00] [INFO]   sleeping 900s until next cycle
[2026-04-30T08:36:29.416035+00:00] [INFO] === cycle 834 ===
[2026-04-30T08:36:30.488341+00:00] [ERROR]   peer_supervisor failed: can't subtract offset-naive and offset-aware datetimes
[2026-04-30T08:36:30.488898+00:00] [INFO] === roadmap-driver cycle ===
[2026-04-30T08:36:30.780504+00:00] [INFO] budget check: budget block at 8.0%
[2026-04-30T08:36:30.796113+00:00] [INFO]   roadmap_edge_track_record_in_briefing: in cooldown (attempted within last 12h)
[2026-04-30T08:36:30.796592+00:00] [INFO] nothing to push — all roadmap items either complete or in cooldown
[2026-04-30T08:36:30.797867+00:00] [WARN]   persistent-memory-curator failed: name 'HERE' is not defined
[2026-04-30T08:36:30.804711+00:00] [INFO]   wrote session briefing (15 capability groups, 0 broken integrations)
[2026-04-30T08:36:30.804971+00:00] [INFO]   cycle 834 done in 1.4s, 0 actions
[2026-04-30T08:36:30.805350+00:00] [INFO]   sleeping 900s until next cycle
[2026-04-30T08:51:30.960496+00:00] [INFO] === cycle 835 ===
[2026-04-30T08:51:32.105692+00:00] [ERROR]   peer_supervisor failed: can't subtract offset-naive and offset-aware datetimes
[2026-04-30T08:51:32.106094+00:00] [INFO] === roadmap-driver cycle ===
[2026-04-30T08:51:32.398375+00:00] [INFO] budget check: budget block at 8.0%
[2026-04-30T08:51:32.414673+00:00] [INFO]   roadmap_edge_track_record_in_briefing: in cooldown (attempted within last 12h)
[2026-04-30T08:51:32.415037+00:00] [INFO] nothing to push — all roadmap items either complete or in cooldown
[2026-04-30T08:51:32.416408+00:00] [WARN]   persistent-memory-curator failed: name 'HERE' is not defined
[2026-04-30T08:51:32.423208+00:00] [INFO]   wrote session briefing (15 capability groups, 0 broken integrations)
[2026-04-30T08:51:32.423455+00:00] [INFO]   cycle 835 done in 1.5s, 0 actions
[2026-04-30T08:51:32.423841+00:00] [INFO]   sleeping 900s until next cycle
[2026-04-30T09:06:32.580092+00:00] [INFO] === cycle 836 ===
[2026-04-30T09:06:33.958623+00:00] [ERROR]   peer_supervisor failed: can't subtract offset-naive and offset-aware datetimes
[2026-04-30T09:06:33.959156+00:00] [INFO] === roadmap-driver cycle ===
[2026-04-30T09:06:34.248500+00:00] [INFO] budget check: budget block at 8.0%
[2026-04-30T09:06:34.265807+00:00] [INFO]   roadmap_edge_track_record_in_briefing: in cooldown (attempted within last 12h)
[2026-04-30T09:06:34.266283+00:00] [INFO] nothing to push — all roadmap items either complete or in cooldown
[2026-04-30T09:06:34.267728+00:00] [WARN]   persistent-memory-curator failed: name 'HERE' is not defined
[2026-04-30T09:06:34.274833+00:00] [INFO]   wrote session briefing (15 capability groups, 0 broken integrations)
[2026-04-30T09:06:34.275088+00:00] [INFO]   cycle 836 done in 1.7s, 0 actions
[2026-04-30T09:06:34.275481+00:00] [INFO]   sleeping 900s until next cycle
[2026-04-30T09:21:34.436211+00:00] [INFO] === cycle 837 ===
[2026-04-30T09:21:35.607163+00:00] [ERROR]   peer_supervisor failed: can't subtract offset-naive and offset-aware datetimes
[2026-04-30T09:21:35.607549+00:00] [INFO] === roadmap-driver cycle ===
[2026-04-30T09:21:35.899560+00:00] [INFO] budget check: budget block at 8.0%
[2026-04-30T09:21:35.914872+00:00] [INFO]   roadmap_edge_track_record_in_briefing: in cooldown (attempted within last 12h)
[2026-04-30T09:21:35.915387+00:00] [INFO] nothing to push — all roadmap items either complete or in cooldown
[2026-04-30T09:21:35.917043+00:00] [WARN]   persistent-memory-curator failed: name 'HERE' is not defined
[2026-04-30T09:21:35.924741+00:00] [INFO]   wrote session briefing (15 capability groups, 0 broken integrations)
[2026-04-30T09:21:35.925005+00:00] [INFO]   cycle 837 done in 1.5s, 0 actions
[2026-04-30T09:21:35.925391+00:00] [INFO]   sleeping 900s until next cycle
[2026-04-30T09:36:36.083503+00:00] [INFO] === cycle 838 ===
[2026-04-30T09:36:37.133444+00:00] [INFO] === roadmap-driver cycle ===
[2026-04-30T09:36:37.433983+00:00] [INFO] budget check: budget block at 8.0%
[2026-04-30T09:36:37.449532+00:00] [INFO]   roadmap_edge_track_record_in_briefing: in cooldown (attempted within last 12h)
[2026-04-30T09:36:37.450021+00:00] [INFO] nothing to push — all roadmap items either complete or in cooldown
[2026-04-30T09:36:37.451183+00:00] [WARN]   persistent-memory-curator failed: name 'HERE' is not defined
[2026-04-30T09:36:37.457641+00:00] [INFO]   wrote session briefing (15 capability groups, 0 broken integrations)
[2026-04-30T09:36:37.457889+00:00] [INFO]   cycle 838 done in 1.4s, 0 actions
[2026-04-30T09:36:37.458305+00:00] [INFO]   sleeping 900s until next cycle
[2026-04-30T09:51:37.539316+00:00] [INFO] === cycle 839 ===
[2026-04-30T09:51:38.920502+00:00] [INFO] === roadmap-driver cycle ===
[2026-04-30T09:51:39.233035+00:00] [INFO] budget check: budget block at 14.5%
[2026-04-30T09:51:39.262527+00:00] [INFO]   roadmap_edge_track_record_in_briefing: in cooldown (attempted within last 12h)
[2026-04-30T09:51:39.263014+00:00] [INFO] nothing to push — all roadmap items either complete or in cooldown
[2026-04-30T09:51:39.264199+00:00] [WARN]   persistent-memory-curator failed: name 'HERE' is not defined
[2026-04-30T09:51:39.270505+00:00] [INFO]   wrote session briefing (15 capability groups, 0 broken integrations)
[2026-04-30T09:51:39.270752+00:00] [INFO]   cycle 839 done in 1.7s, 0 actions
[2026-04-30T09:51:39.271208+00:00] [INFO]   sleeping 900s until next cycle
[2026-04-30T10:06:39.289216+00:00] [INFO] === cycle 840 ===
[2026-04-30T10:06:40.709489+00:00] [ERROR]   peer_supervisor failed: can't subtract offset-naive and offset-aware datetimes
[2026-04-30T10:06:40.710019+00:00] [INFO] === roadmap-driver cycle ===
[2026-04-30T10:06:41.041939+00:00] [INFO] budget check: budget block at 37.0%
[2026-04-30T10:06:41.061762+00:00] [INFO]   roadmap_edge_track_record_in_briefing: in cooldown (attempted within last 12h)
[2026-04-30T10:06:41.062240+00:00] [INFO] nothing to push — all roadmap items either complete or in cooldown
[2026-04-30T10:06:41.064175+00:00] [WARN]   persistent-memory-curator failed: name 'HERE' is not defined
[2026-04-30T10:06:41.072489+00:00] [INFO]   wrote session briefing (15 capability groups, 0 broken integrations)
[2026-04-30T10:06:41.072889+00:00] [INFO]   cycle 840 done in 1.8s, 0 actions
[2026-04-30T10:06:41.073693+00:00] [INFO]   sleeping 900s until next cycle
[2026-04-30T10:21:41.153306+00:00] [INFO] === cycle 841 ===
[2026-04-30T10:21:42.646461+00:00] [ERROR]   peer_supervisor failed: can't subtract offset-naive and offset-aware datetimes
[2026-04-30T10:21:42.647000+00:00] [INFO] === roadmap-driver cycle ===
[2026-04-30T10:21:42.982585+00:00] [INFO] budget check: budget block at 37.0%
[2026-04-30T10:21:43.002251+00:00] [INFO]   roadmap_edge_track_record_in_briefing: in cooldown (attempted within last 12h)
[2026-04-30T10:21:43.002764+00:00] [INFO] nothing to push — all roadmap items either complete or in cooldown
[2026-04-30T10:21:43.004544+00:00] [WARN]   persistent-memory-curator failed: name 'HERE' is not defined
[2026-04-30T10:21:43.011968+00:00] [INFO]   wrote session briefing (15 capability groups, 0 broken integrations)
[2026-04-30T10:21:43.014102+00:00] [INFO]   cycle 841 done in 1.9s, 0 actions
[2026-04-30T10:21:43.014585+00:00] [INFO]   sleeping 900s until next cycle
[2026-04-30T10:36:43.026371+00:00] [INFO] === cycle 842 ===
[2026-04-30T10:36:44.439672+00:00] [ERROR]   peer_supervisor failed: can't subtract offset-naive and offset-aware datetimes
[2026-04-30T10:36:44.440183+00:00] [INFO] === roadmap-driver cycle ===
[2026-04-30T10:36:44.784770+00:00] [INFO] budget check: budget block at 43.5%
[2026-04-30T10:36:44.805388+00:00] [INFO]   roadmap_edge_track_record_in_briefing: in cooldown (attempted within last 12h)
[2026-04-30T10:36:44.806005+00:00] [INFO] nothing to push — all roadmap items either complete or in cooldown
[2026-04-30T10:36:44.808176+00:00] [WARN]   persistent-memory-curator failed: name 'HERE' is not defined
[2026-04-30T10:36:44.818008+00:00] [INFO]   wrote session briefing (15 capability groups, 0 broken integrations)
[2026-04-30T10:36:44.818286+00:00] [INFO]   cycle 842 done in 1.8s, 0 actions
[2026-04-30T10:36:44.818796+00:00] [INFO]   sleeping 900s until next cycle
[2026-04-30T10:51:44.869371+00:00] [INFO] === cycle 843 ===
[2026-04-30T10:51:46.180133+00:00] [ERROR]   peer_supervisor failed: can't subtract offset-naive and offset-aware datetimes
[2026-04-30T10:51:46.180652+00:00] [INFO] === roadmap-driver cycle ===
[2026-04-30T10:51:46.518348+00:00] [INFO] budget check: budget block at 165.5% >= 70% threshold
[2026-04-30T10:51:46.518491+00:00] [INFO] SKIP — budget threshold exceeded
[2026-04-30T10:51:46.518723+00:00] [INFO]   ROADMAP-DRIVER status: skipped_budget
[2026-04-30T10:51:46.524372+00:00] [WARN]   persistent-memory-curator failed: name 'HERE' is not defined
[2026-04-30T10:51:46.531287+00:00] [INFO]   wrote session briefing (15 capability groups, 0 broken integrations)
[2026-04-30T10:51:46.531558+00:00] [INFO]   cycle 843 done in 1.7s, 0 actions
[2026-04-30T10:51:46.532095+00:00] [INFO]   sleeping 3600s until next cycle
[2026-04-30T11:51:46.694513+00:00] [INFO] === cycle 844 ===
[2026-04-30T11:51:46.702868+00:00] [INFO]   refreshing capability manifest
[2026-04-30T11:51:50.034648+00:00] [ERROR]   peer_supervisor failed: can't subtract offset-naive and offset-aware datetimes
[2026-04-30T11:51:50.035059+00:00] [INFO] === roadmap-driver cycle ===
[2026-04-30T11:51:50.375186+00:00] [INFO] budget check: budget block at 165.5% >= 70% threshold
[2026-04-30T11:51:50.375296+00:00] [INFO] SKIP — budget threshold exceeded
[2026-04-30T11:51:50.375514+00:00] [INFO]   ROADMAP-DRIVER status: skipped_budget
[2026-04-30T11:51:50.376780+00:00] [WARN]   persistent-memory-curator failed: name 'HERE' is not defined
[2026-04-30T11:51:50.383469+00:00] [INFO]   wrote session briefing (15 capability groups, 0 broken integrations)
[2026-04-30T11:51:50.383737+00:00] [INFO]   cycle 844 done in 3.7s, 0 actions
[2026-04-30T11:51:50.384229+00:00] [INFO]   sleeping 3600s until next cycle
[2026-04-30T12:51:50.487904+00:00] [INFO] === cycle 845 ===
[2026-04-30T12:51:51.678044+00:00] [ERROR]   peer_supervisor failed: can't subtract offset-naive and offset-aware datetimes
[2026-04-30T12:51:51.678606+00:00] [INFO] === roadmap-driver cycle ===
[2026-04-30T12:51:52.027112+00:00] [INFO] budget check: budget block at 190.0% >= 70% threshold
[2026-04-30T12:51:52.027235+00:00] [INFO] SKIP — budget threshold exceeded
[2026-04-30T12:51:52.027439+00:00] [INFO]   ROADMAP-DRIVER status: skipped_budget
[2026-04-30T12:51:52.028746+00:00] [WARN]   persistent-memory-curator failed: name 'HERE' is not defined
[2026-04-30T12:51:52.036044+00:00] [INFO]   wrote session briefing (15 capability groups, 0 broken integrations)
[2026-04-30T12:51:52.036339+00:00] [INFO]   cycle 845 done in 1.5s, 0 actions
[2026-04-30T12:51:52.036854+00:00] [INFO]   sleeping 3600s until next cycle
[2026-04-30T13:51:52.184958+00:00] [INFO] === cycle 846 ===
[2026-04-30T13:51:53.638629+00:00] [ERROR]   peer_supervisor failed: can't subtract offset-naive and offset-aware datetimes
[2026-04-30T13:51:53.639170+00:00] [INFO] === roadmap-driver cycle ===
[2026-04-30T13:51:53.998125+00:00] [INFO] budget check: budget block at 201.0% >= 70% threshold
[2026-04-30T13:51:53.998246+00:00] [INFO] SKIP — budget threshold exceeded
[2026-04-30T13:51:53.998462+00:00] [INFO]   ROADMAP-DRIVER status: skipped_budget
[2026-04-30T13:51:53.999952+00:00] [WARN]   persistent-memory-curator failed: name 'HERE' is not defined
[2026-04-30T13:51:54.007459+00:00] [INFO]   wrote session briefing (15 capability groups, 0 broken integrations)
[2026-04-30T13:51:54.007748+00:00] [INFO]   cycle 846 done in 1.8s, 0 actions
[2026-04-30T13:51:54.008213+00:00] [INFO]   sleeping 3600s until next cycle
[2026-04-30T14:51:54.172979+00:00] [INFO] === cycle 847 ===
[2026-04-30T14:51:56.373208+00:00] [ERROR]   peer_supervisor failed: can't subtract offset-naive and offset-aware datetimes
[2026-04-30T14:51:56.373726+00:00] [INFO] === roadmap-driver cycle ===
[2026-04-30T14:51:56.724944+00:00] [INFO] budget check: budget block at 201.0% >= 70% threshold
[2026-04-30T14:51:56.725061+00:00] [INFO] SKIP — budget threshold exceeded
[2026-04-30T14:51:56.725287+00:00] [INFO]   ROADMAP-DRIVER status: skipped_budget
[2026-04-30T14:51:56.726582+00:00] [WARN]   persistent-memory-curator failed: name 'HERE' is not defined
[2026-04-30T14:51:56.733528+00:00] [INFO]   wrote session briefing (15 capability groups, 0 broken integrations)
[2026-04-30T14:51:56.733801+00:00] [INFO]   cycle 847 done in 2.6s, 0 actions
[2026-04-30T14:51:56.734294+00:00] [INFO]   sleeping 3600s until next cycle
[2026-04-30T15:51:56.802020+00:00] [INFO] === cycle 848 ===
[2026-04-30T15:51:56.805607+00:00] [INFO]   refreshing capability manifest
[2026-04-30T15:52:01.058375+00:00] [ERROR]   peer_supervisor failed: can't subtract offset-naive and offset-aware datetimes
[2026-04-30T15:52:01.058802+00:00] [INFO] === roadmap-driver cycle ===
[2026-04-30T15:52:01.417402+00:00] [INFO] budget check: budget block at 65.5%
[2026-04-30T15:52:01.444621+00:00] [INFO]   roadmap_edge_track_record_in_briefing: in cooldown (attempted within last 12h)
[2026-04-30T15:52:01.444830+00:00] [INFO] nothing to push — all roadmap items either complete or in cooldown
[2026-04-30T15:52:01.446373+00:00] [WARN]   persistent-memory-curator failed: name 'HERE' is not defined
[2026-04-30T15:52:01.453305+00:00] [INFO]   wrote session briefing (15 capability groups, 0 broken integrations)
[2026-04-30T15:52:01.453572+00:00] [INFO]   cycle 848 done in 4.7s, 0 actions
[2026-04-30T15:52:01.454068+00:00] [INFO]   sleeping 900s until next cycle
[2026-04-30T16:07:01.555827+00:00] [INFO] === cycle 849 ===
[2026-04-30T16:07:03.741930+00:00] [INFO] === roadmap-driver cycle ===
[2026-04-30T16:07:04.113503+00:00] [INFO] budget check: budget block at 69.0%
[2026-04-30T16:07:04.133383+00:00] [INFO]   roadmap_edge_track_record_in_briefing: in cooldown (attempted within last 12h)
[2026-04-30T16:07:04.133886+00:00] [INFO] nothing to push — all roadmap items either complete or in cooldown
[2026-04-30T16:07:04.135333+00:00] [WARN]   persistent-memory-curator failed: name 'HERE' is not defined
[2026-04-30T16:07:04.143513+00:00] [INFO]   wrote session briefing (15 capability groups, 0 broken integrations)
[2026-04-30T16:07:04.144475+00:00] [INFO]   cycle 849 done in 2.6s, 0 actions
[2026-04-30T16:07:04.145051+00:00] [INFO]   sleeping 900s until next cycle
[2026-04-30T16:22:04.272423+00:00] [INFO] === cycle 850 ===
[2026-04-30T16:22:06.470628+00:00] [ERROR]   peer_supervisor failed: can't subtract offset-naive and offset-aware datetimes
[2026-04-30T16:22:06.471156+00:00] [INFO] === roadmap-driver cycle ===
[2026-04-30T16:22:06.830444+00:00] [INFO] budget check: budget block at 71.0% >= 70% threshold
[2026-04-30T16:22:06.830561+00:00] [INFO] SKIP — budget threshold exceeded
[2026-04-30T16:22:06.830775+00:00] [INFO]   ROADMAP-DRIVER status: skipped_budget
[2026-04-30T16:22:06.832230+00:00] [WARN]   persistent-memory-curator failed: name 'HERE' is not defined
[2026-04-30T16:22:06.839834+00:00] [INFO]   wrote session briefing (15 capability groups, 0 broken integrations)
[2026-04-30T16:22:06.840093+00:00] [INFO]   cycle 850 done in 2.6s, 0 actions
[2026-04-30T16:22:06.840562+00:00] [INFO]   sleeping 900s until next cycle
[2026-04-30T16:37:06.959477+00:00] [INFO] === cycle 851 ===
[2026-04-30T16:37:09.182864+00:00] [INFO] === roadmap-driver cycle ===
[2026-04-30T16:37:09.553671+00:00] [INFO] budget check: budget block at 73.5% >= 70% threshold
[2026-04-30T16:37:09.553734+00:00] [INFO] SKIP — budget threshold exceeded
[2026-04-30T16:37:09.553770+00:00] [INFO]   ROADMAP-DRIVER status: skipped_budget
[2026-04-30T16:37:09.556113+00:00] [WARN]   persistent-memory-curator failed: name 'HERE' is not defined
[2026-04-30T16:37:09.563315+00:00] [INFO]   wrote session briefing (15 capability groups, 0 broken integrations)
[2026-04-30T16:37:09.563553+00:00] [INFO]   cycle 851 done in 2.6s, 0 actions
[2026-04-30T16:37:09.564162+00:00] [INFO]   sleeping 900s until next cycle
[2026-04-30T16:52:09.695381+00:00] [INFO] === cycle 852 ===
[2026-04-30T16:52:10.859801+00:00] [ERROR]   peer_supervisor failed: can't subtract offset-naive and offset-aware datetimes
[2026-04-30T16:52:10.860215+00:00] [INFO] === roadmap-driver cycle ===
[2026-04-30T16:52:11.234229+00:00] [INFO] budget check: budget block at 103.5% >= 70% threshold
[2026-04-30T16:52:11.234324+00:00] [INFO] SKIP — budget threshold exceeded
[2026-04-30T16:52:11.234388+00:00] [INFO]   ROADMAP-DRIVER status: skipped_budget
[2026-04-30T16:52:11.235840+00:00] [WARN]   persistent-memory-curator failed: name 'HERE' is not defined
[2026-04-30T16:52:11.242436+00:00] [INFO]   wrote session briefing (15 capability groups, 0 broken integrations)
[2026-04-30T16:52:11.242774+00:00] [INFO]   cycle 852 done in 1.5s, 0 actions
[2026-04-30T16:52:11.243374+00:00] [INFO]   sleeping 3600s until next cycle
[2026-04-30T17:52:11.401526+00:00] [INFO] === cycle 853 ===
[2026-04-30T17:52:13.885323+00:00] [ERROR]   peer_supervisor failed: can't subtract offset-naive and offset-aware datetimes
[2026-04-30T17:52:13.885869+00:00] [INFO] === roadmap-driver cycle ===
[2026-04-30T17:52:14.254250+00:00] [INFO] budget check: budget block at 86.5% >= 70% threshold
[2026-04-30T17:52:14.254377+00:00] [INFO] SKIP — budget threshold exceeded
[2026-04-30T17:52:14.254608+00:00] [INFO]   ROADMAP-DRIVER status: skipped_budget
[2026-04-30T17:52:14.255942+00:00] [WARN]   persistent-memory-curator failed: name 'HERE' is not defined
[2026-04-30T17:52:14.263533+00:00] [INFO]   wrote session briefing (15 capability groups, 0 broken integrations)
[2026-04-30T17:52:14.263800+00:00] [INFO]   cycle 853 done in 2.9s, 0 actions
[2026-04-30T17:52:14.264328+00:00] [INFO]   sleeping 900s until next cycle
[2026-04-30T18:07:14.337131+00:00] [INFO] === cycle 854 ===
[2026-04-30T18:07:16.484909+00:00] [INFO] === roadmap-driver cycle ===
[2026-04-30T18:07:16.855396+00:00] [INFO] budget check: budget block at 86.5% >= 70% threshold
[2026-04-30T18:07:16.855540+00:00] [INFO] SKIP — budget threshold exceeded
[2026-04-30T18:07:16.855745+00:00] [INFO]   ROADMAP-DRIVER status: skipped_budget
[2026-04-30T18:07:16.857108+00:00] [WARN]   persistent-memory-curator failed: name 'HERE' is not defined
[2026-04-30T18:07:16.865412+00:00] [INFO]   wrote session briefing (15 capability groups, 0 broken integrations)
[2026-04-30T18:07:16.865680+00:00] [INFO]   cycle 854 done in 2.5s, 0 actions
[2026-04-30T18:07:16.866168+00:00] [INFO]   sleeping 900s until next cycle
[2026-04-30T18:22:16.982647+00:00] [INFO] === cycle 855 ===
[2026-04-30T18:22:19.296472+00:00] [ERROR]   peer_supervisor failed: can't subtract offset-naive and offset-aware datetimes
[2026-04-30T18:22:19.297024+00:00] [INFO] === roadmap-driver cycle ===
[2026-04-30T18:22:19.658483+00:00] [INFO] budget check: budget block at 88.0% >= 70% threshold
[2026-04-30T18:22:19.658629+00:00] [INFO] SKIP — budget threshold exceeded
[2026-04-30T18:22:19.658879+00:00] [INFO]   ROADMAP-DRIVER status: skipped_budget
[2026-04-30T18:22:19.660160+00:00] [WARN]   persistent-memory-curator failed: name 'HERE' is not defined
[2026-04-30T18:22:19.666896+00:00] [INFO]   wrote session briefing (15 capability groups, 0 broken integrations)
[2026-04-30T18:22:19.667192+00:00] [INFO]   cycle 855 done in 2.7s, 0 actions
[2026-04-30T18:22:19.667707+00:00] [INFO]   sleeping 900s until next cycle
[2026-04-30T18:37:19.784146+00:00] [INFO] === cycle 856 ===
[2026-04-30T18:37:22.120493+00:00] [INFO] === roadmap-driver cycle ===
[2026-04-30T18:37:22.492000+00:00] [INFO] budget check: budget block at 88.0% >= 70% threshold
[2026-04-30T18:37:22.492136+00:00] [INFO] SKIP — budget threshold exceeded
[2026-04-30T18:37:22.492351+00:00] [INFO]   ROADMAP-DRIVER status: skipped_budget
[2026-04-30T18:37:22.493398+00:00] [WARN]   persistent-memory-curator failed: name 'HERE' is not defined
[2026-04-30T18:37:22.500211+00:00] [INFO]   wrote session briefing (15 capability groups, 0 broken integrations)
[2026-04-30T18:37:22.500479+00:00] [INFO]   cycle 856 done in 2.7s, 0 actions
[2026-04-30T18:37:22.500982+00:00] [INFO]   sleeping 900s until next cycle
[2026-04-30T18:52:22.560807+00:00] [INFO] === cycle 857 ===
[2026-04-30T18:52:23.997708+00:00] [ERROR]   peer_supervisor failed: can't subtract offset-naive and offset-aware datetimes
[2026-04-30T18:52:23.998225+00:00] [INFO] === roadmap-driver cycle ===
[2026-04-30T18:52:24.359919+00:00] [INFO] budget check: budget block at 86.0% >= 70% threshold
[2026-04-30T18:52:24.360058+00:00] [INFO] SKIP — budget threshold exceeded
[2026-04-30T18:52:24.360276+00:00] [INFO]   ROADMAP-DRIVER status: skipped_budget
[2026-04-30T18:52:24.361838+00:00] [WARN]   persistent-memory-curator failed: name 'HERE' is not defined
[2026-04-30T18:52:24.369042+00:00] [INFO]   wrote session briefing (15 capability groups, 0 broken integrations)
[2026-04-30T18:52:24.369306+00:00] [INFO]   cycle 857 done in 1.8s, 0 actions
[2026-04-30T18:52:24.369767+00:00] [INFO]   sleeping 900s until next cycle
[2026-04-30T19:07:24.406607+00:00] [INFO] === cycle 858 ===
[2026-04-30T19:07:26.749268+00:00] [INFO] === roadmap-driver cycle ===
[2026-04-30T19:07:27.110521+00:00] [INFO] budget check: budget block at 87.5% >= 70% threshold
[2026-04-30T19:07:27.110665+00:00] [INFO] SKIP — budget threshold exceeded
[2026-04-30T19:07:27.110882+00:00] [INFO]   ROADMAP-DRIVER status: skipped_budget
[2026-04-30T19:07:27.112025+00:00] [WARN]   persistent-memory-curator failed: name 'HERE' is not defined
[2026-04-30T19:07:27.119275+00:00] [INFO]   wrote session briefing (15 capability groups, 0 broken integrations)
[2026-04-30T19:07:27.119547+00:00] [INFO]   cycle 858 done in 2.7s, 0 actions
[2026-04-30T19:07:27.120009+00:00] [INFO]   sleeping 900s until next cycle
[2026-04-30T19:22:27.155508+00:00] [INFO] === cycle 859 ===
[2026-04-30T19:22:29.270689+00:00] [ERROR]   peer_supervisor failed: can't subtract offset-naive and offset-aware datetimes
[2026-04-30T19:22:29.271223+00:00] [INFO] === roadmap-driver cycle ===
[2026-04-30T19:22:29.631112+00:00] [INFO] budget check: budget block at 86.5% >= 70% threshold
[2026-04-30T19:22:29.631243+00:00] [INFO] SKIP — budget threshold exceeded
[2026-04-30T19:22:29.631470+00:00] [INFO]   ROADMAP-DRIVER status: skipped_budget
[2026-04-30T19:22:29.633158+00:00] [WARN]   persistent-memory-curator failed: name 'HERE' is not defined
[2026-04-30T19:22:29.641467+00:00] [INFO]   wrote session briefing (15 capability groups, 0 broken integrations)
[2026-04-30T19:22:29.641724+00:00] [INFO]   cycle 859 done in 2.5s, 0 actions
[2026-04-30T19:22:29.642203+00:00] [INFO]   sleeping 900s until next cycle
[2026-04-30T19:37:29.775235+00:00] [INFO] === cycle 860 ===
[2026-04-30T19:37:31.016696+00:00] [INFO] === roadmap-driver cycle ===
[2026-04-30T19:37:31.377558+00:00] [INFO] budget check: budget block at 85.5% >= 70% threshold
[2026-04-30T19:37:31.377700+00:00] [INFO] SKIP — budget threshold exceeded
[2026-04-30T19:37:31.377926+00:00] [INFO]   ROADMAP-DRIVER status: skipped_budget
[2026-04-30T19:37:31.378995+00:00] [WARN]   persistent-memory-curator failed: name 'HERE' is not defined
[2026-04-30T19:37:31.385641+00:00] [INFO]   wrote session briefing (15 capability groups, 0 broken integrations)
[2026-04-30T19:37:31.385956+00:00] [INFO]   cycle 860 done in 1.6s, 0 actions
[2026-04-30T19:37:31.386500+00:00] [INFO]   sleeping 900s until next cycle
[2026-04-30T19:52:31.520550+00:00] [INFO] === cycle 861 ===
[2026-04-30T19:52:31.524337+00:00] [INFO]   refreshing capability manifest
[2026-04-30T19:52:35.758318+00:00] [ERROR]   peer_supervisor failed: can't subtract offset-naive and offset-aware datetimes
[2026-04-30T19:52:35.758733+00:00] [INFO] === roadmap-driver cycle ===
[2026-04-30T19:52:36.118816+00:00] [INFO] budget check: budget block at 84.0% >= 70% threshold
[2026-04-30T19:52:36.118943+00:00] [INFO] SKIP — budget threshold exceeded
[2026-04-30T19:52:36.119157+00:00] [INFO]   ROADMAP-DRIVER status: skipped_budget
[2026-04-30T19:52:36.120454+00:00] [WARN]   persistent-memory-curator failed: name 'HERE' is not defined
[2026-04-30T19:52:36.127058+00:00] [INFO]   wrote session briefing (15 capability groups, 0 broken integrations)
[2026-04-30T19:52:36.127320+00:00] [INFO]   cycle 861 done in 4.6s, 0 actions
[2026-04-30T19:52:36.127822+00:00] [INFO]   sleeping 900s until next cycle
[2026-04-30T20:07:36.274971+00:00] [INFO] === cycle 862 ===
[2026-04-30T20:07:38.591971+00:00] [INFO] === roadmap-driver cycle ===
[2026-04-30T20:07:38.952621+00:00] [INFO] budget check: budget block at 82.0% >= 70% threshold
[2026-04-30T20:07:38.952760+00:00] [INFO] SKIP — budget threshold exceeded
[2026-04-30T20:07:38.952988+00:00] [INFO]   ROADMAP-DRIVER status: skipped_budget
[2026-04-30T20:07:38.954279+00:00] [WARN]   persistent-memory-curator failed: name 'HERE' is not defined
[2026-04-30T20:07:38.961439+00:00] [INFO]   wrote session briefing (15 capability groups, 0 broken integrations)
[2026-04-30T20:07:38.961712+00:00] [INFO]   cycle 862 done in 2.7s, 0 actions
[2026-04-30T20:07:38.962172+00:00] [INFO]   sleeping 900s until next cycle
[2026-04-30T20:22:38.973555+00:00] [INFO] === cycle 863 ===
[2026-04-30T20:22:41.295927+00:00] [ERROR]   peer_supervisor failed: can't subtract offset-naive and offset-aware datetimes
[2026-04-30T20:22:41.296663+00:00] [INFO] === roadmap-driver cycle ===
[2026-04-30T20:22:41.755696+00:00] [INFO] budget check: budget block at 82.0% >= 70% threshold
[2026-04-30T20:22:41.755829+00:00] [INFO] SKIP — budget threshold exceeded
[2026-04-30T20:22:41.756707+00:00] [INFO]   ROADMAP-DRIVER status: skipped_budget
[2026-04-30T20:22:41.759488+00:00] [WARN]   persistent-memory-curator failed: name 'HERE' is not defined
[2026-04-30T20:22:41.767464+00:00] [INFO]   wrote session briefing (15 capability groups, 0 broken integrations)
[2026-04-30T20:22:41.767792+00:00] [INFO]   cycle 863 done in 2.8s, 0 actions
[2026-04-30T20:22:41.768564+00:00] [INFO]   sleeping 900s until next cycle
[2026-04-30T20:37:41.905551+00:00] [INFO] === cycle 864 ===
[2026-04-30T20:37:44.195440+00:00] [INFO] === roadmap-driver cycle ===
[2026-04-30T20:37:44.552165+00:00] [INFO] budget check: budget block at 83.5% >= 70% threshold
[2026-04-30T20:37:44.552293+00:00] [INFO] SKIP — budget threshold exceeded
[2026-04-30T20:37:44.552509+00:00] [INFO]   ROADMAP-DRIVER status: skipped_budget
[2026-04-30T20:37:44.553914+00:00] [WARN]   persistent-memory-curator failed: name 'HERE' is not defined
[2026-04-30T20:37:44.562273+00:00] [INFO]   wrote session briefing (15 capability groups, 0 broken integrations)
[2026-04-30T20:37:44.562560+00:00] [INFO]   cycle 864 done in 2.7s, 0 actions
[2026-04-30T20:37:44.563042+00:00] [INFO]   sleeping 900s until next cycle
[2026-04-30T20:52:44.574464+00:00] [INFO] === cycle 865 ===
[2026-04-30T20:52:46.990690+00:00] [ERROR]   peer_supervisor failed: can't subtract offset-naive and offset-aware datetimes
[2026-04-30T20:52:46.991232+00:00] [INFO] === roadmap-driver cycle ===
[2026-04-30T20:52:47.363711+00:00] [INFO] budget check: budget block at 83.0% >= 70% threshold
[2026-04-30T20:52:47.363815+00:00] [INFO] SKIP — budget threshold exceeded
[2026-04-30T20:52:47.363848+00:00] [INFO]   ROADMAP-DRIVER status: skipped_budget
[2026-04-30T20:52:47.365081+00:00] [WARN]   persistent-memory-curator failed: name 'HERE' is not defined
[2026-04-30T20:52:47.372060+00:00] [INFO]   wrote session briefing (15 capability groups, 0 broken integrations)
[2026-04-30T20:52:47.372504+00:00] [INFO]   cycle 865 done in 2.8s, 0 actions
[2026-04-30T20:52:47.373052+00:00] [INFO]   sleeping 900s until next cycle
[2026-04-30T21:07:47.452676+00:00] [INFO] === cycle 866 ===
[2026-04-30T21:07:49.747479+00:00] [INFO] === roadmap-driver cycle ===
[2026-04-30T21:07:50.109422+00:00] [INFO] budget check: budget block at 82.5% >= 70% threshold
[2026-04-30T21:07:50.109549+00:00] [INFO] SKIP — budget threshold exceeded
[2026-04-30T21:07:50.109755+00:00] [INFO]   ROADMAP-DRIVER status: skipped_budget
[2026-04-30T21:07:50.110799+00:00] [WARN]   persistent-memory-curator failed: name 'HERE' is not defined
[2026-04-30T21:07:50.117702+00:00] [INFO]   wrote session briefing (15 capability groups, 0 broken integrations)
[2026-04-30T21:07:50.117969+00:00] [INFO]   cycle 866 done in 2.7s, 0 actions
[2026-04-30T21:07:50.118514+00:00] [INFO]   sleeping 900s until next cycle
[2026-04-30T21:22:50.220208+00:00] [INFO] === cycle 867 ===
[2026-04-30T21:22:52.257061+00:00] [ERROR]   peer_supervisor failed: can't subtract offset-naive and offset-aware datetimes
[2026-04-30T21:22:52.257585+00:00] [INFO] === roadmap-driver cycle ===
[2026-04-30T21:22:52.620067+00:00] [INFO] budget check: budget block at 82.5% >= 70% threshold
[2026-04-30T21:22:52.620208+00:00] [INFO] SKIP — budget threshold exceeded
[2026-04-30T21:22:52.620411+00:00] [INFO]   ROADMAP-DRIVER status: skipped_budget
[2026-04-30T21:22:52.621950+00:00] [WARN]   persistent-memory-curator failed: name 'HERE' is not defined
[2026-04-30T21:22:52.629093+00:00] [INFO]   wrote session briefing (15 capability groups, 0 broken integrations)
[2026-04-30T21:22:52.629385+00:00] [INFO]   cycle 867 done in 2.4s, 0 actions
[2026-04-30T21:22:52.629880+00:00] [INFO]   sleeping 900s until next cycle
[2026-04-30T21:37:52.713390+00:00] [INFO] === cycle 868 ===
[2026-04-30T21:37:54.448027+00:00] [INFO] === roadmap-driver cycle ===
[2026-04-30T21:37:54.807724+00:00] [INFO] budget check: budget block at 76.0% >= 70% threshold
[2026-04-30T21:37:54.807824+00:00] [INFO] SKIP — budget threshold exceeded
[2026-04-30T21:37:54.807865+00:00] [INFO]   ROADMAP-DRIVER status: skipped_budget
[2026-04-30T21:37:54.809037+00:00] [WARN]   persistent-memory-curator failed: name 'HERE' is not defined
[2026-04-30T21:37:54.816119+00:00] [INFO]   wrote session briefing (15 capability groups, 0 broken integrations)
[2026-04-30T21:37:54.816404+00:00] [INFO]   cycle 868 done in 2.1s, 0 actions
[2026-04-30T21:37:54.816873+00:00] [INFO]   sleeping 900s until next cycle
[2026-04-30T21:52:54.834075+00:00] [INFO] === cycle 869 ===
[2026-04-30T21:52:56.730301+00:00] [ERROR]   peer_supervisor failed: can't subtract offset-naive and offset-aware datetimes
[2026-04-30T21:52:56.730805+00:00] [INFO] === roadmap-driver cycle ===
[2026-04-30T21:52:57.102997+00:00] [INFO] budget check: budget block at 56.5%
[2026-04-30T21:52:57.132107+00:00] [INFO]   PUSHED roadmap_edge_track_record_in_briefing  sev=LOW  Verify morning briefing edge-weight track record line is wir
[2026-04-30T21:52:57.134770+00:00] [INFO] === done — pushed 1 tasks, queue now 1 ===
[2026-04-30T21:52:57.135047+00:00] [INFO]   ROADMAP-DRIVER: pushed 1 build tasks (queue depth now 1)
[2026-04-30T21:52:57.136627+00:00] [WARN]   persistent-memory-curator failed: name 'HERE' is not defined
[2026-04-30T21:52:57.145258+00:00] [INFO]   wrote session briefing (15 capability groups, 0 broken integrations)
[2026-04-30T21:52:57.145557+00:00] [INFO]   cycle 869 done in 2.3s, 1 actions
[2026-04-30T21:52:57.146044+00:00] [INFO]   sleeping 120s until next cycle
[2026-04-30T21:54:57.166817+00:00] [INFO] === cycle 870 ===
[2026-04-30T21:54:58.388985+00:00] [ERROR]   peer_supervisor failed: can't subtract offset-naive and offset-aware datetimes
[2026-04-30T21:54:58.389395+00:00] [INFO] === roadmap-driver cycle ===
[2026-04-30T21:54:58.751685+00:00] [INFO] budget check: budget block at 68.5%
[2026-04-30T21:54:58.771066+00:00] [INFO]   roadmap_edge_track_record_in_briefing: already in pending queue
[2026-04-30T21:54:58.771449+00:00] [INFO] nothing to push — all roadmap items either complete or in cooldown
[2026-04-30T21:54:58.773032+00:00] [WARN]   persistent-memory-curator failed: name 'HERE' is not defined
[2026-04-30T21:54:58.780334+00:00] [INFO]   wrote session briefing (15 capability groups, 0 broken integrations)
[2026-04-30T21:54:58.780601+00:00] [INFO]   cycle 870 done in 1.6s, 0 actions
[2026-04-30T21:54:58.781158+00:00] [INFO]   sleeping 900s until next cycle
[2026-04-30T22:09:58.935093+00:00] [INFO] === cycle 871 ===
[2026-04-30T22:10:00.108024+00:00] [INFO] === roadmap-driver cycle ===
[2026-04-30T22:10:00.468822+00:00] [INFO] budget check: budget block at 69.0%
[2026-04-30T22:10:00.487111+00:00] [INFO]   roadmap_edge_track_record_in_briefing: in cooldown (attempted within last 12h)
[2026-04-30T22:10:00.487602+00:00] [INFO] nothing to push — all roadmap items either complete or in cooldown
[2026-04-30T22:10:00.488897+00:00] [WARN]   persistent-memory-curator failed: name 'HERE' is not defined
[2026-04-30T22:10:00.497526+00:00] [INFO]   wrote session briefing (15 capability groups, 0 broken integrations)
[2026-04-30T22:10:00.497660+00:00] [INFO]   cycle 871 done in 1.6s, 0 actions
[2026-04-30T22:10:00.498159+00:00] [INFO]   sleeping 900s until next cycle
[2026-04-30T22:25:00.521059+00:00] [INFO] === cycle 872 ===
[2026-04-30T22:25:01.740470+00:00] [ERROR]   peer_supervisor failed: can't subtract offset-naive and offset-aware datetimes
[2026-04-30T22:25:01.740884+00:00] [INFO] === roadmap-driver cycle ===
[2026-04-30T22:25:02.109388+00:00] [INFO] budget check: budget block at 68.0%
[2026-04-30T22:25:02.127230+00:00] [INFO]   roadmap_edge_track_record_in_briefing: in cooldown (attempted within last 12h)
[2026-04-30T22:25:02.127710+00:00] [INFO] nothing to push — all roadmap items either complete or in cooldown
[2026-04-30T22:25:02.129479+00:00] [WARN]   persistent-memory-curator failed: name 'HERE' is not defined
[2026-04-30T22:25:02.136903+00:00] [INFO]   wrote session briefing (15 capability groups, 0 broken integrations)
[2026-04-30T22:25:02.137163+00:00] [INFO]   cycle 872 done in 1.6s, 0 actions
[2026-04-30T22:25:02.137622+00:00] [INFO]   sleeping 900s until next cycle
[2026-04-30T22:40:02.285658+00:00] [INFO] === cycle 873 ===
[2026-04-30T22:40:03.521399+00:00] [INFO] === roadmap-driver cycle ===
[2026-04-30T22:40:03.886585+00:00] [INFO] budget check: budget block at 66.5%
[2026-04-30T22:40:03.907330+00:00] [INFO]   roadmap_edge_track_record_in_briefing: in cooldown (attempted within last 12h)
[2026-04-30T22:40:03.907816+00:00] [INFO] nothing to push — all roadmap items either complete or in cooldown
[2026-04-30T22:40:03.909246+00:00] [WARN]   persistent-memory-curator failed: name 'HERE' is not defined
[2026-04-30T22:40:03.916732+00:00] [INFO]   wrote session briefing (15 capability groups, 0 broken integrations)
[2026-04-30T22:40:03.917410+00:00] [INFO]   cycle 873 done in 1.6s, 0 actions
[2026-04-30T22:40:03.917885+00:00] [INFO]   sleeping 900s until next cycle
[2026-04-30T22:55:03.945270+00:00] [INFO] === cycle 874 ===
[2026-04-30T22:55:05.227854+00:00] [ERROR]   peer_supervisor failed: can't subtract offset-naive and offset-aware datetimes
[2026-04-30T22:55:05.228309+00:00] [INFO] === roadmap-driver cycle ===
[2026-04-30T22:55:05.641002+00:00] [INFO] budget check: budget block at 66.5%
[2026-04-30T22:55:05.658690+00:00] [INFO]   roadmap_edge_track_record_in_briefing: in cooldown (attempted within last 12h)
[2026-04-30T22:55:05.659174+00:00] [INFO] nothing to push — all roadmap items either complete or in cooldown
[2026-04-30T22:55:05.661123+00:00] [WARN]   persistent-memory-curator failed: name 'HERE' is not defined
[2026-04-30T22:55:05.669837+00:00] [INFO]   wrote session briefing (15 capability groups, 0 broken integrations)
[2026-04-30T22:55:05.670135+00:00] [INFO]   cycle 874 done in 1.7s, 0 actions
[2026-04-30T22:55:05.670669+00:00] [INFO]   sleeping 900s until next cycle
[2026-04-30T23:10:05.796425+00:00] [INFO] === cycle 875 ===
[2026-04-30T23:10:07.021423+00:00] [INFO] === roadmap-driver cycle ===
[2026-04-30T23:10:07.388063+00:00] [INFO] budget check: budget block at 63.0%
[2026-04-30T23:10:07.407516+00:00] [INFO]   roadmap_edge_track_record_in_briefing: in cooldown (attempted within last 12h)
[2026-04-30T23:10:07.408711+00:00] [INFO] nothing to push — all roadmap items either complete or in cooldown
[2026-04-30T23:10:07.410128+00:00] [WARN]   persistent-memory-curator failed: name 'HERE' is not defined
[2026-04-30T23:10:07.417299+00:00] [INFO]   wrote session briefing (15 capability groups, 0 broken integrations)
[2026-04-30T23:10:07.417587+00:00] [INFO]   cycle 875 done in 1.6s, 0 actions
[2026-04-30T23:10:07.418124+00:00] [INFO]   sleeping 900s until next cycle
[2026-04-30T23:25:07.453554+00:00] [INFO] === cycle 876 ===
[2026-04-30T23:25:08.759371+00:00] [ERROR]   peer_supervisor failed: can't subtract offset-naive and offset-aware datetimes
[2026-04-30T23:25:08.759888+00:00] [INFO] === roadmap-driver cycle ===
[2026-04-30T23:25:09.124154+00:00] [INFO] budget check: budget block at 63.5%
[2026-04-30T23:25:09.147106+00:00] [INFO]   roadmap_edge_track_record_in_briefing: in cooldown (attempted within last 12h)
[2026-04-30T23:25:09.148131+00:00] [INFO] nothing to push — all roadmap items either complete or in cooldown
[2026-04-30T23:25:09.149765+00:00] [WARN]   persistent-memory-curator failed: name 'HERE' is not defined
[2026-04-30T23:25:09.160400+00:00] [INFO]   wrote session briefing (15 capability groups, 0 broken integrations)
[2026-04-30T23:25:09.160812+00:00] [INFO]   cycle 876 done in 1.7s, 0 actions
[2026-04-30T23:25:09.161342+00:00] [INFO]   sleeping 900s until next cycle
[2026-04-30T23:40:09.292836+00:00] [INFO] === cycle 877 ===
[2026-04-30T23:40:10.625139+00:00] [INFO] === roadmap-driver cycle ===
[2026-04-30T23:40:10.991790+00:00] [INFO] budget check: budget block at 66.0%
[2026-04-30T23:40:11.020068+00:00] [INFO]   roadmap_edge_track_record_in_briefing: in cooldown (attempted within last 12h)
[2026-04-30T23:40:11.020534+00:00] [INFO] nothing to push — all roadmap items either complete or in cooldown
[2026-04-30T23:40:11.022070+00:00] [WARN]   persistent-memory-curator failed: name 'HERE' is not defined
[2026-04-30T23:40:11.031219+00:00] [INFO]   wrote session briefing (15 capability groups, 0 broken integrations)
[2026-04-30T23:40:11.031484+00:00] [INFO]   cycle 877 done in 1.7s, 0 actions
[2026-04-30T23:40:11.031941+00:00] [INFO]   sleeping 900s until next cycle
[2026-04-30T23:55:11.048684+00:00] [INFO] === cycle 878 ===
[2026-04-30T23:55:11.051801+00:00] [INFO]   refreshing capability manifest
[2026-04-30T23:55:14.616740+00:00] [ERROR]   peer_supervisor failed: can't subtract offset-naive and offset-aware datetimes
[2026-04-30T23:55:14.617154+00:00] [INFO] === roadmap-driver cycle ===
[2026-04-30T23:55:14.983344+00:00] [INFO] budget check: budget block at 64.0%
[2026-04-30T23:55:15.003686+00:00] [INFO]   roadmap_edge_track_record_in_briefing: in cooldown (attempted within last 12h)
[2026-04-30T23:55:15.003884+00:00] [INFO] nothing to push — all roadmap items either complete or in cooldown
[2026-04-30T23:55:15.005551+00:00] [WARN]   persistent-memory-curator failed: name 'HERE' is not defined
[2026-04-30T23:55:15.012734+00:00] [INFO]   wrote session briefing (15 capability groups, 0 broken integrations)
[2026-04-30T23:55:15.013003+00:00] [INFO]   cycle 878 done in 4.0s, 0 actions
[2026-04-30T23:55:15.013479+00:00] [INFO]   sleeping 900s until next cycle
[2026-05-01T00:10:15.146721+00:00] [INFO] === cycle 879 ===
[2026-05-01T00:10:16.484774+00:00] [INFO] === roadmap-driver cycle ===
[2026-05-01T00:10:16.848789+00:00] [INFO] budget check: budget block at 64.0%
[2026-05-01T00:10:16.866781+00:00] [INFO]   roadmap_edge_track_record_in_briefing: in cooldown (attempted within last 12h)
[2026-05-01T00:10:16.867292+00:00] [INFO] nothing to push — all roadmap items either complete or in cooldown
[2026-05-01T00:10:16.868999+00:00] [WARN]   persistent-memory-curator failed: name 'HERE' is not defined
[2026-05-01T00:10:16.877495+00:00] [INFO]   wrote session briefing (15 capability groups, 0 broken integrations)
[2026-05-01T00:10:16.877769+00:00] [INFO]   cycle 879 done in 1.7s, 0 actions
[2026-05-01T00:10:16.878260+00:00] [INFO]   sleeping 900s until next cycle
[2026-05-01T00:25:16.967196+00:00] [INFO] === cycle 880 ===
[2026-05-01T00:25:18.117418+00:00] [ERROR]   peer_supervisor failed: can't subtract offset-naive and offset-aware datetimes
[2026-05-01T00:25:18.117948+00:00] [INFO] === roadmap-driver cycle ===
[2026-05-01T00:25:18.492463+00:00] [INFO] budget check: budget block at 68.0%
[2026-05-01T00:25:18.523302+00:00] [INFO]   roadmap_edge_track_record_in_briefing: in cooldown (attempted within last 12h)
[2026-05-01T00:25:18.523947+00:00] [INFO] nothing to push — all roadmap items either complete or in cooldown
[2026-05-01T00:25:18.525501+00:00] [WARN]   persistent-memory-curator failed: name 'HERE' is not defined
[2026-05-01T00:25:18.532248+00:00] [INFO]   wrote session briefing (15 capability groups, 0 broken integrations)
[2026-05-01T00:25:18.532548+00:00] [INFO]   cycle 880 done in 1.6s, 0 actions
[2026-05-01T00:25:18.533080+00:00] [INFO]   sleeping 900s until next cycle
[2026-05-01T00:40:18.551037+00:00] [INFO] === cycle 881 ===
[2026-05-01T00:40:19.864584+00:00] [INFO] === roadmap-driver cycle ===
[2026-05-01T00:40:20.249725+00:00] [INFO] budget check: budget block at 93.0% >= 70% threshold
[2026-05-01T00:40:20.249886+00:00] [INFO] SKIP — budget threshold exceeded
[2026-05-01T00:40:20.250095+00:00] [INFO]   ROADMAP-DRIVER status: skipped_budget
[2026-05-01T00:40:20.251142+00:00] [WARN]   persistent-memory-curator failed: name 'HERE' is not defined
[2026-05-01T00:40:20.258215+00:00] [INFO]   wrote session briefing (15 capability groups, 0 broken integrations)
[2026-05-01T00:40:20.258537+00:00] [INFO]   cycle 881 done in 1.7s, 0 actions
[2026-05-01T00:40:20.259133+00:00] [INFO]   sleeping 3600s until next cycle
[2026-05-01T00:40:44.815370+00:00] [INFO] signal 15, exiting cleanly
[2026-05-01T00:40:44.939963+00:00] [INFO] === ORCHESTRATOR STARTED pid=17877 ===
[2026-05-01T00:40:44.940335+00:00] [INFO] === cycle 882 ===
[2026-05-01T00:40:46.149476+00:00] [INFO] === roadmap-driver cycle ===
[2026-05-01T00:40:46.554925+00:00] [INFO] budget check: budget block at 94.5% >= 70% threshold
[2026-05-01T00:40:46.555068+00:00] [INFO] SKIP — budget threshold exceeded
[2026-05-01T00:40:46.555283+00:00] [INFO]   ROADMAP-DRIVER status: skipped_budget
[2026-05-01T00:40:46.614834+00:00] [INFO]   wrote session briefing (15 capability groups, 0 broken integrations)
[2026-05-01T00:40:46.615222+00:00] [INFO]   cycle 882 done in 1.7s, 0 actions
[2026-05-01T00:40:46.615791+00:00] [INFO]   sleeping 3600s until next cycle
[2026-05-01T01:40:46.674409+00:00] [INFO] === cycle 883 ===
[2026-05-01T01:40:47.939410+00:00] [INFO]   PEER-SUPERVISOR: 2 findings (STALE, STALE)
[2026-05-01T01:40:47.939946+00:00] [INFO] === roadmap-driver cycle ===
[2026-05-01T01:40:48.316355+00:00] [INFO] budget check: budget block at 212.5% >= 70% threshold
[2026-05-01T01:40:48.316458+00:00] [INFO] SKIP — budget threshold exceeded
[2026-05-01T01:40:48.316683+00:00] [INFO]   ROADMAP-DRIVER status: skipped_budget
[2026-05-01T01:40:48.391512+00:00] [INFO]   wrote session briefing (15 capability groups, 0 broken integrations)
[2026-05-01T01:40:48.391826+00:00] [INFO]   cycle 883 done in 1.7s, 2 actions
[2026-05-01T01:40:48.392323+00:00] [INFO]   sleeping 3600s until next cycle
[2026-05-01T02:40:48.476525+00:00] [INFO] === cycle 884 ===
[2026-05-01T02:40:50.687620+00:00] [INFO]   LEARNED from 2 completed tasks (tracking 25 action types)
[2026-05-01T02:40:50.697709+00:00] [INFO]   PEER-SUPERVISOR: 2 findings (STALE, STALE)
[2026-05-01T02:40:50.698117+00:00] [INFO] === roadmap-driver cycle ===
[2026-05-01T02:40:51.078903+00:00] [INFO] budget check: budget block at 214.5% >= 70% threshold
[2026-05-01T02:40:51.079025+00:00] [INFO] SKIP — budget threshold exceeded
[2026-05-01T02:40:51.079247+00:00] [INFO]   ROADMAP-DRIVER status: skipped_budget
[2026-05-01T02:40:51.151640+00:00] [INFO]   wrote session briefing (15 capability groups, 0 broken integrations)
[2026-05-01T02:40:51.151942+00:00] [INFO]   cycle 884 done in 2.7s, 2 actions
[2026-05-01T02:40:51.152463+00:00] [INFO]   sleeping 3600s until next cycle
[2026-05-01T03:40:51.285314+00:00] [INFO] === cycle 885 ===
[2026-05-01T03:40:52.976176+00:00] [INFO]   LEARNED from 1 completed tasks (tracking 25 action types)
[2026-05-01T03:40:52.982040+00:00] [INFO]   PEER-SUPERVISOR: 2 findings (STALE, STALE)
[2026-05-01T03:40:52.982463+00:00] [INFO] === roadmap-driver cycle ===
[2026-05-01T03:40:53.364993+00:00] [INFO] budget check: budget block at 204.0% >= 70% threshold
[2026-05-01T03:40:53.365121+00:00] [INFO] SKIP — budget threshold exceeded
[2026-05-01T03:40:53.365346+00:00] [INFO]   ROADMAP-DRIVER status: skipped_budget
[2026-05-01T03:40:53.427877+00:00] [INFO]   wrote session briefing (15 capability groups, 0 broken integrations)
[2026-05-01T03:40:53.428154+00:00] [INFO]   cycle 885 done in 2.1s, 2 actions
[2026-05-01T03:40:53.428698+00:00] [INFO]   sleeping 3600s until next cycle
[2026-05-01T04:40:53.570828+00:00] [INFO] === cycle 886 ===
[2026-05-01T04:40:53.574239+00:00] [INFO]   refreshing capability manifest
[2026-05-01T04:40:57.620325+00:00] [INFO]   PEER-SUPERVISOR: 2 findings (STALE, STALE)
[2026-05-01T04:40:57.620734+00:00] [INFO] === roadmap-driver cycle ===
[2026-05-01T04:40:58.003988+00:00] [INFO] budget check: budget block at 205.0% >= 70% threshold
[2026-05-01T04:40:58.004070+00:00] [INFO] SKIP — budget threshold exceeded
[2026-05-01T04:40:58.004121+00:00] [INFO]   ROADMAP-DRIVER status: skipped_budget
[2026-05-01T04:40:58.064993+00:00] [INFO]   wrote session briefing (15 capability groups, 0 broken integrations)
[2026-05-01T04:40:58.065305+00:00] [INFO]   cycle 886 done in 4.5s, 2 actions
[2026-05-01T04:40:58.065830+00:00] [INFO]   sleeping 3600s until next cycle
[2026-05-01T05:40:58.093817+00:00] [INFO] === cycle 887 ===
[2026-05-01T05:41:00.262910+00:00] [INFO]   PEER-SUPERVISOR: 2 findings (STALE, STALE)
[2026-05-01T05:41:00.263351+00:00] [INFO] === roadmap-driver cycle ===
[2026-05-01T05:41:00.652239+00:00] [INFO] budget check: budget block at 180.0% >= 70% threshold
[2026-05-01T05:41:00.652345+00:00] [INFO] SKIP — budget threshold exceeded
[2026-05-01T05:41:00.652565+00:00] [INFO]   ROADMAP-DRIVER status: skipped_budget
[2026-05-01T05:41:00.719240+00:00] [INFO]   wrote session briefing (15 capability groups, 0 broken integrations)
[2026-05-01T05:41:00.719518+00:00] [INFO]   cycle 887 done in 2.6s, 2 actions
[2026-05-01T05:41:00.720011+00:00] [INFO]   sleeping 3600s until next cycle
[2026-05-01T06:41:00.754413+00:00] [INFO] === cycle 888 ===
[2026-05-01T06:41:03.240777+00:00] [INFO]   PEER-SUPERVISOR: 2 findings (STALE, STALE)
[2026-05-01T06:41:03.241298+00:00] [INFO] === roadmap-driver cycle ===
[2026-05-01T06:41:03.639885+00:00] [INFO] budget check: budget block at 62.5%
[2026-05-01T06:41:03.670741+00:00] [INFO]   roadmap_edge_track_record_in_briefing: in cooldown (attempted within last 12h)
[2026-05-01T06:41:03.671223+00:00] [INFO] nothing to push — all roadmap items either complete or in cooldown
[2026-05-01T06:41:03.729062+00:00] [INFO]   wrote session briefing (15 capability groups, 0 broken integrations)
[2026-05-01T06:41:03.729376+00:00] [INFO]   cycle 888 done in 3.0s, 2 actions
[2026-05-01T06:41:03.729908+00:00] [INFO]   sleeping 120s until next cycle
[2026-05-01T06:43:03.791418+00:00] [INFO] === cycle 889 ===
[2026-05-01T06:43:05.237348+00:00] [INFO]   PEER-SUPERVISOR: 1 findings (STALE)
[2026-05-01T06:43:05.237836+00:00] [INFO] === roadmap-driver cycle ===
[2026-05-01T06:43:05.630815+00:00] [INFO] budget check: budget block at 61.0%
[2026-05-01T06:43:05.652940+00:00] [INFO]   roadmap_edge_track_record_in_briefing: in cooldown (attempted within last 12h)
[2026-05-01T06:43:05.653482+00:00] [INFO] nothing to push — all roadmap items either complete or in cooldown
[2026-05-01T06:43:05.732668+00:00] [INFO]   wrote session briefing (15 capability groups, 0 broken integrations)
[2026-05-01T06:43:05.732999+00:00] [INFO]   cycle 889 done in 1.9s, 1 actions
[2026-05-01T06:43:05.733536+00:00] [INFO]   sleeping 120s until next cycle
[2026-05-01T06:45:05.770186+00:00] [INFO] === cycle 890 ===
[2026-05-01T06:45:07.771898+00:00] [INFO]   PEER-SUPERVISOR: 1 findings (STALE)
[2026-05-01T06:45:07.772330+00:00] [INFO] === roadmap-driver cycle ===
[2026-05-01T06:45:08.163602+00:00] [INFO] budget check: budget block at 61.0%
[2026-05-01T06:45:08.180867+00:00] [INFO]   roadmap_edge_track_record_in_briefing: in cooldown (attempted within last 12h)
[2026-05-01T06:45:08.181258+00:00] [INFO] nothing to push — all roadmap items either complete or in cooldown
[2026-05-01T06:45:08.235743+00:00] [INFO]   wrote session briefing (15 capability groups, 0 broken integrations)
[2026-05-01T06:45:08.236088+00:00] [INFO]   cycle 890 done in 2.5s, 1 actions
[2026-05-01T06:45:08.236622+00:00] [INFO]   sleeping 120s until next cycle
[2026-05-01T06:47:08.339155+00:00] [INFO] === cycle 891 ===
[2026-05-01T06:47:09.919111+00:00] [INFO]   PEER-SUPERVISOR: 1 findings (STALE)
[2026-05-01T06:47:09.919645+00:00] [INFO] === roadmap-driver cycle ===
[2026-05-01T06:47:10.312460+00:00] [INFO] budget check: budget block at 61.0%
[2026-05-01T06:47:10.334312+00:00] [INFO]   roadmap_edge_track_record_in_briefing: in cooldown (attempted within last 12h)
[2026-05-01T06:47:10.334707+00:00] [INFO] nothing to push — all roadmap items either complete or in cooldown
[2026-05-01T06:47:10.398946+00:00] [INFO]   wrote session briefing (15 capability groups, 0 broken integrations)
[2026-05-01T06:47:10.399269+00:00] [INFO]   cycle 891 done in 2.1s, 1 actions
[2026-05-01T06:47:10.399773+00:00] [INFO]   sleeping 120s until next cycle
[2026-05-01T06:49:10.436778+00:00] [INFO] === cycle 892 ===
[2026-05-01T06:49:11.755121+00:00] [INFO]   PEER-SUPERVISOR: 1 findings (STALE)
[2026-05-01T06:49:11.755507+00:00] [INFO] === roadmap-driver cycle ===
[2026-05-01T06:49:12.196146+00:00] [INFO] budget check: budget block at 61.0%
[2026-05-01T06:49:12.225922+00:00] [INFO]   roadmap_edge_track_record_in_briefing: in cooldown (attempted within last 12h)
[2026-05-01T06:49:12.226474+00:00] [INFO] nothing to push — all roadmap items either complete or in cooldown
[2026-05-01T06:49:12.313988+00:00] [INFO]   wrote session briefing (15 capability groups, 0 broken integrations)
[2026-05-01T06:49:12.314649+00:00] [INFO]   cycle 892 done in 1.9s, 1 actions
[2026-05-01T06:49:12.315542+00:00] [INFO]   sleeping 120s until next cycle
[2026-05-01T06:51:12.389416+00:00] [INFO] === cycle 893 ===
[2026-05-01T06:51:14.327336+00:00] [INFO]   PEER-SUPERVISOR: 1 findings (STALE)
[2026-05-01T06:51:14.327746+00:00] [INFO] === roadmap-driver cycle ===
[2026-05-01T06:51:14.717924+00:00] [INFO] budget check: budget block at 61.0%
[2026-05-01T06:51:14.738209+00:00] [INFO]   roadmap_edge_track_record_in_briefing: in cooldown (attempted within last 12h)
[2026-05-01T06:51:14.738605+00:00] [INFO] nothing to push — all roadmap items either complete or in cooldown
[2026-05-01T06:51:14.795610+00:00] [INFO]   wrote session briefing (15 capability groups, 0 broken integrations)
[2026-05-01T06:51:14.795948+00:00] [INFO]   cycle 893 done in 2.4s, 1 actions
[2026-05-01T06:51:14.796482+00:00] [INFO]   sleeping 120s until next cycle
[2026-05-01T06:53:14.932855+00:00] [INFO] === cycle 894 ===
[2026-05-01T06:53:16.387466+00:00] [INFO]   PEER-SUPERVISOR: 1 findings (STALE)
[2026-05-01T06:53:16.387975+00:00] [INFO] === roadmap-driver cycle ===
[2026-05-01T06:53:16.775277+00:00] [INFO] budget check: budget block at 61.0%
[2026-05-01T06:53:16.795929+00:00] [INFO]   roadmap_edge_track_record_in_briefing: in cooldown (attempted within last 12h)
[2026-05-01T06:53:16.796346+00:00] [INFO] nothing to push — all roadmap items either complete or in cooldown
[2026-05-01T06:53:16.877662+00:00] [INFO]   wrote session briefing (15 capability groups, 0 broken integrations)
[2026-05-01T06:53:16.877971+00:00] [INFO]   cycle 894 done in 1.9s, 1 actions
[2026-05-01T06:53:16.878489+00:00] [INFO]   sleeping 120s until next cycle
[2026-05-01T06:55:16.968509+00:00] [INFO] === cycle 895 ===
[2026-05-01T06:55:19.098676+00:00] [INFO]   PEER-SUPERVISOR: 1 findings (STALE)
[2026-05-01T06:55:19.099164+00:00] [INFO] === roadmap-driver cycle ===
[2026-05-01T06:55:19.488712+00:00] [INFO] budget check: budget block at 60.5%
[2026-05-01T06:55:19.509752+00:00] [INFO]   roadmap_edge_track_record_in_briefing: in cooldown (attempted within last 12h)
[2026-05-01T06:55:19.510263+00:00] [INFO] nothing to push — all roadmap items either complete or in cooldown
[2026-05-01T06:55:19.582519+00:00] [INFO]   wrote session briefing (15 capability groups, 0 broken integrations)
[2026-05-01T06:55:19.582708+00:00] [INFO]   cycle 895 done in 2.6s, 1 actions
[2026-05-01T06:55:19.583217+00:00] [INFO]   sleeping 120s until next cycle
[2026-05-01T06:57:19.617951+00:00] [INFO] === cycle 896 ===
[2026-05-01T06:57:20.885061+00:00] [INFO]   PEER-SUPERVISOR: 1 findings (STALE)
[2026-05-01T06:57:20.885476+00:00] [INFO] === roadmap-driver cycle ===
[2026-05-01T06:57:21.276885+00:00] [INFO] budget check: budget block at 60.5%
[2026-05-01T06:57:21.299632+00:00] [INFO]   roadmap_edge_track_record_in_briefing: in cooldown (attempted within last 12h)
[2026-05-01T06:57:21.300055+00:00] [INFO] nothing to push — all roadmap items either complete or in cooldown
[2026-05-01T06:57:21.375127+00:00] [INFO]   wrote session briefing (15 capability groups, 0 broken integrations)
[2026-05-01T06:57:21.375469+00:00] [INFO]   cycle 896 done in 1.8s, 1 actions
[2026-05-01T06:57:21.376058+00:00] [INFO]   sleeping 120s until next cycle
[2026-05-01T06:59:21.489096+00:00] [INFO] === cycle 897 ===
[2026-05-01T06:59:23.466518+00:00] [INFO] === roadmap-driver cycle ===
[2026-05-01T06:59:23.854922+00:00] [INFO] budget check: budget block at 60.5%
[2026-05-01T06:59:23.878290+00:00] [INFO]   roadmap_edge_track_record_in_briefing: in cooldown (attempted within last 12h)
[2026-05-01T06:59:23.878786+00:00] [INFO] nothing to push — all roadmap items either complete or in cooldown
[2026-05-01T06:59:23.969128+00:00] [INFO]   wrote session briefing (15 capability groups, 0 broken integrations)
[2026-05-01T06:59:23.969544+00:00] [INFO]   cycle 897 done in 2.5s, 0 actions
[2026-05-01T06:59:23.970164+00:00] [INFO]   sleeping 900s until next cycle
[2026-05-01T07:14:24.043190+00:00] [INFO] === cycle 898 ===
[2026-05-01T07:14:25.077375+00:00] [INFO]   PEER-SUPERVISOR: 1 findings (STALE)
[2026-05-01T07:14:25.077760+00:00] [INFO] === roadmap-driver cycle ===
[2026-05-01T07:14:25.469580+00:00] [INFO] budget check: budget block at 61.0%
[2026-05-01T07:14:25.488924+00:00] [INFO]   roadmap_edge_track_record_in_briefing: in cooldown (attempted within last 12h)
[2026-05-01T07:14:25.489453+00:00] [INFO] nothing to push — all roadmap items either complete or in cooldown
[2026-05-01T07:14:25.538978+00:00] [INFO]   wrote session briefing (15 capability groups, 0 broken integrations)
[2026-05-01T07:14:25.539189+00:00] [INFO]   cycle 898 done in 1.5s, 1 actions
[2026-05-01T07:14:25.539749+00:00] [INFO]   sleeping 120s until next cycle
[2026-05-01T07:16:25.608208+00:00] [INFO] === cycle 899 ===
[2026-05-01T07:16:26.608429+00:00] [INFO]   PEER-SUPERVISOR: 1 findings (STALE)
[2026-05-01T07:16:26.608637+00:00] [INFO] === roadmap-driver cycle ===
[2026-05-01T07:16:26.998999+00:00] [INFO] budget check: budget block at 60.0%
[2026-05-01T07:16:27.014570+00:00] [INFO]   roadmap_edge_track_record_in_briefing: in cooldown (attempted within last 12h)
[2026-05-01T07:16:27.014799+00:00] [INFO] nothing to push — all roadmap items either complete or in cooldown
[2026-05-01T07:16:27.062847+00:00] [INFO]   wrote session briefing (15 capability groups, 0 broken integrations)
[2026-05-01T07:16:27.063043+00:00] [INFO]   cycle 899 done in 1.5s, 1 actions
[2026-05-01T07:16:27.063591+00:00] [INFO]   sleeping 120s until next cycle
[2026-05-01T07:18:27.123659+00:00] [INFO] === cycle 900 ===
[2026-05-01T07:18:28.105889+00:00] [INFO]   PEER-SUPERVISOR: 1 findings (STALE)
[2026-05-01T07:18:28.106119+00:00] [INFO] === roadmap-driver cycle ===
[2026-05-01T07:18:28.497349+00:00] [INFO] budget check: budget block at 65.0%
[2026-05-01T07:18:28.519451+00:00] [INFO]   roadmap_edge_track_record_in_briefing: in cooldown (attempted within last 12h)
[2026-05-01T07:18:28.519675+00:00] [INFO] nothing to push — all roadmap items either complete or in cooldown
[2026-05-01T07:18:28.569057+00:00] [INFO]   wrote session briefing (15 capability groups, 0 broken integrations)
[2026-05-01T07:18:28.569490+00:00] [INFO]   cycle 900 done in 1.4s, 1 actions
[2026-05-01T07:18:28.570049+00:00] [INFO]   sleeping 120s until next cycle
[2026-05-01T07:20:28.660978+00:00] [INFO] === cycle 901 ===
[2026-05-01T07:20:29.642232+00:00] [INFO]   PEER-SUPERVISOR: 1 findings (STALE)
[2026-05-01T07:20:29.642430+00:00] [INFO] === roadmap-driver cycle ===
[2026-05-01T07:20:30.029474+00:00] [INFO] budget check: budget block at 65.0%
[2026-05-01T07:20:30.047004+00:00] [INFO]   roadmap_edge_track_record_in_briefing: in cooldown (attempted within last 12h)
[2026-05-01T07:20:30.047213+00:00] [INFO] nothing to push — all roadmap items either complete or in cooldown
[2026-05-01T07:20:30.096002+00:00] [INFO]   wrote session briefing (15 capability groups, 0 broken integrations)
[2026-05-01T07:20:30.096185+00:00] [INFO]   cycle 901 done in 1.4s, 1 actions
[2026-05-01T07:20:30.096684+00:00] [INFO]   sleeping 120s until next cycle
[2026-05-01T07:22:30.099313+00:00] [INFO] === cycle 902 ===
[2026-05-01T07:22:31.082237+00:00] [INFO]   PEER-SUPERVISOR: 1 findings (STALE)
[2026-05-01T07:22:31.082465+00:00] [INFO] === roadmap-driver cycle ===
[2026-05-01T07:22:31.487877+00:00] [INFO] budget check: budget block at 65.0%
[2026-05-01T07:22:31.504763+00:00] [INFO]   roadmap_edge_track_record_in_briefing: in cooldown (attempted within last 12h)
[2026-05-01T07:22:31.504984+00:00] [INFO] nothing to push — all roadmap items either complete or in cooldown
[2026-05-01T07:22:31.557248+00:00] [INFO]   wrote session briefing (15 capability groups, 0 broken integrations)
[2026-05-01T07:22:31.557442+00:00] [INFO]   cycle 902 done in 1.5s, 1 actions
[2026-05-01T07:22:31.557966+00:00] [INFO]   sleeping 120s until next cycle
[2026-05-01T07:24:31.601408+00:00] [INFO] === cycle 903 ===
[2026-05-01T07:24:32.558099+00:00] [INFO]   PEER-SUPERVISOR: 1 findings (STALE)
[2026-05-01T07:24:32.558304+00:00] [INFO] === roadmap-driver cycle ===
[2026-05-01T07:24:32.947867+00:00] [INFO] budget check: budget block at 65.0%
[2026-05-01T07:24:32.964278+00:00] [INFO]   roadmap_edge_track_record_in_briefing: in cooldown (attempted within last 12h)
[2026-05-01T07:24:32.964554+00:00] [INFO] nothing to push — all roadmap items either complete or in cooldown
[2026-05-01T07:24:33.011668+00:00] [INFO]   wrote session briefing (15 capability groups, 0 broken integrations)
[2026-05-01T07:24:33.011857+00:00] [INFO]   cycle 903 done in 1.4s, 1 actions
[2026-05-01T07:24:33.012369+00:00] [INFO]   sleeping 120s until next cycle
[2026-05-01T07:26:33.140537+00:00] [INFO] === cycle 904 ===
[2026-05-01T07:26:34.123883+00:00] [INFO]   PEER-SUPERVISOR: 1 findings (STALE)
[2026-05-01T07:26:34.124082+00:00] [INFO] === roadmap-driver cycle ===
[2026-05-01T07:26:34.510026+00:00] [INFO] budget check: budget block at 65.0%
[2026-05-01T07:26:34.526843+00:00] [INFO]   roadmap_edge_track_record_in_briefing: in cooldown (attempted within last 12h)
[2026-05-01T07:26:34.527086+00:00] [INFO] nothing to push — all roadmap items either complete or in cooldown
[2026-05-01T07:26:34.576102+00:00] [INFO]   wrote session briefing (15 capability groups, 0 broken integrations)
[2026-05-01T07:26:34.576294+00:00] [INFO]   cycle 904 done in 1.4s, 1 actions
[2026-05-01T07:26:34.576805+00:00] [INFO]   sleeping 120s until next cycle
[2026-05-01T07:28:34.726697+00:00] [INFO] === cycle 905 ===
[2026-05-01T07:28:35.710380+00:00] [INFO] === roadmap-driver cycle ===
[2026-05-01T07:28:36.099185+00:00] [INFO] budget check: budget block at 64.5%
[2026-05-01T07:28:36.116952+00:00] [INFO]   roadmap_edge_track_record_in_briefing: in cooldown (attempted within last 12h)
[2026-05-01T07:28:36.117166+00:00] [INFO] nothing to push — all roadmap items either complete or in cooldown
[2026-05-01T07:28:36.164098+00:00] [INFO]   wrote session briefing (15 capability groups, 0 broken integrations)
[2026-05-01T07:28:36.164289+00:00] [INFO]   cycle 905 done in 1.4s, 0 actions
[2026-05-01T07:28:36.164776+00:00] [INFO]   sleeping 900s until next cycle
[2026-05-01T07:43:36.318166+00:00] [INFO] === cycle 906 ===
[2026-05-01T07:43:37.403867+00:00] [INFO]   PEER-SUPERVISOR: 1 findings (STALE)
[2026-05-01T07:43:37.404294+00:00] [INFO] === roadmap-driver cycle ===
[2026-05-01T07:43:37.776837+00:00] [INFO] budget check: budget block at 65.0%
[2026-05-01T07:43:37.794404+00:00] [INFO]   roadmap_edge_track_record_in_briefing: in cooldown (attempted within last 12h)
[2026-05-01T07:43:37.794937+00:00] [INFO] nothing to push — all roadmap items either complete or in cooldown
[2026-05-01T07:43:37.843280+00:00] [INFO]   wrote session briefing (15 capability groups, 0 broken integrations)
[2026-05-01T07:43:37.843456+00:00] [INFO]   cycle 906 done in 1.5s, 1 actions
[2026-05-01T07:43:37.843953+00:00] [INFO]   sleeping 120s until next cycle
[2026-05-01T07:45:37.863265+00:00] [INFO] === cycle 907 ===
[2026-05-01T07:45:38.992894+00:00] [INFO]   PEER-SUPERVISOR: 1 findings (STALE)
[2026-05-01T07:45:38.993280+00:00] [INFO] === roadmap-driver cycle ===
[2026-05-01T07:45:39.382260+00:00] [INFO] budget check: budget block at 65.0%
[2026-05-01T07:45:39.401944+00:00] [INFO]   roadmap_edge_track_record_in_briefing: in cooldown (attempted within last 12h)
[2026-05-01T07:45:39.402376+00:00] [INFO] nothing to push — all roadmap items either complete or in cooldown
[2026-05-01T07:45:39.455254+00:00] [INFO]   wrote session briefing (15 capability groups, 0 broken integrations)
[2026-05-01T07:45:39.455586+00:00] [INFO]   cycle 907 done in 1.6s, 1 actions
[2026-05-01T07:45:39.456123+00:00] [INFO]   sleeping 120s until next cycle
[2026-05-01T07:47:39.555810+00:00] [INFO] === cycle 908 ===
[2026-05-01T07:47:40.550345+00:00] [INFO]   PEER-SUPERVISOR: 1 findings (STALE)
[2026-05-01T07:47:40.550737+00:00] [INFO] === roadmap-driver cycle ===
[2026-05-01T07:47:40.926367+00:00] [INFO] budget check: budget block at 65.0%
[2026-05-01T07:47:40.943572+00:00] [INFO]   roadmap_edge_track_record_in_briefing: in cooldown (attempted within last 12h)
[2026-05-01T07:47:40.943979+00:00] [INFO] nothing to push — all roadmap items either complete or in cooldown
[2026-05-01T07:47:40.993787+00:00] [INFO]   wrote session briefing (15 capability groups, 0 broken integrations)
[2026-05-01T07:47:40.994103+00:00] [INFO]   cycle 908 done in 1.4s, 1 actions
[2026-05-01T07:47:40.994623+00:00] [INFO]   sleeping 120s until next cycle
[2026-05-01T07:49:41.111505+00:00] [INFO] === cycle 909 ===
[2026-05-01T07:49:42.252763+00:00] [INFO]   PEER-SUPERVISOR: 1 findings (STALE)
[2026-05-01T07:49:42.253160+00:00] [INFO] === roadmap-driver cycle ===
[2026-05-01T07:49:42.630164+00:00] [INFO] budget check: budget block at 63.5%
[2026-05-01T07:49:42.646904+00:00] [INFO]   roadmap_edge_track_record_in_briefing: in cooldown (attempted within last 12h)
[2026-05-01T07:49:42.647337+00:00] [INFO] nothing to push — all roadmap items either complete or in cooldown
[2026-05-01T07:49:42.697746+00:00] [INFO]   wrote session briefing (15 capability groups, 0 broken integrations)
[2026-05-01T07:49:42.697924+00:00] [INFO]   cycle 909 done in 1.6s, 1 actions
[2026-05-01T07:49:42.698419+00:00] [INFO]   sleeping 120s until next cycle
[2026-05-01T07:51:42.839923+00:00] [INFO] === cycle 910 ===
[2026-05-01T07:51:44.026490+00:00] [INFO]   PEER-SUPERVISOR: 1 findings (STALE)
[2026-05-01T07:51:44.026905+00:00] [INFO] === roadmap-driver cycle ===
[2026-05-01T07:51:44.462338+00:00] [INFO] budget check: budget block at 64.5%
[2026-05-01T07:51:44.481202+00:00] [INFO]   roadmap_edge_track_record_in_briefing: in cooldown (attempted within last 12h)
[2026-05-01T07:51:44.481593+00:00] [INFO] nothing to push — all roadmap items either complete or in cooldown
[2026-05-01T07:51:44.536785+00:00] [INFO]   wrote session briefing (15 capability groups, 0 broken integrations)
[2026-05-01T07:51:44.537111+00:00] [INFO]   cycle 910 done in 1.7s, 1 actions
[2026-05-01T07:51:44.537695+00:00] [INFO]   sleeping 120s until next cycle
[2026-05-01T07:53:44.557810+00:00] [INFO] === cycle 911 ===
[2026-05-01T07:53:45.631244+00:00] [INFO]   PEER-SUPERVISOR: 1 findings (STALE)
[2026-05-01T07:53:45.631639+00:00] [INFO] === roadmap-driver cycle ===
[2026-05-01T07:53:46.008487+00:00] [INFO] budget check: budget block at 66.0%
[2026-05-01T07:53:46.024805+00:00] [INFO]   roadmap_edge_track_record_in_briefing: in cooldown (attempted within last 12h)
[2026-05-01T07:53:46.025213+00:00] [INFO] nothing to push — all roadmap items either complete or in cooldown
[2026-05-01T07:53:46.072995+00:00] [INFO]   wrote session briefing (15 capability groups, 0 broken integrations)
[2026-05-01T07:53:46.073317+00:00] [INFO]   cycle 911 done in 1.5s, 1 actions
[2026-05-01T07:53:46.073826+00:00] [INFO]   sleeping 120s until next cycle
[2026-05-01T07:55:46.101457+00:00] [INFO] === cycle 912 ===
[2026-05-01T07:55:47.104859+00:00] [INFO]   PEER-SUPERVISOR: 1 findings (STALE)
[2026-05-01T07:55:47.105288+00:00] [INFO] === roadmap-driver cycle ===
[2026-05-01T07:55:47.481516+00:00] [INFO] budget check: budget block at 66.0%
[2026-05-01T07:55:47.502828+00:00] [INFO]   roadmap_edge_track_record_in_briefing: in cooldown (attempted within last 12h)
[2026-05-01T07:55:47.503246+00:00] [INFO] nothing to push — all roadmap items either complete or in cooldown
[2026-05-01T07:55:47.555691+00:00] [INFO]   wrote session briefing (15 capability groups, 0 broken integrations)
[2026-05-01T07:55:47.555873+00:00] [INFO]   cycle 912 done in 1.5s, 1 actions
[2026-05-01T07:55:47.556387+00:00] [INFO]   sleeping 120s until next cycle
[2026-05-01T07:57:47.690984+00:00] [INFO] === cycle 913 ===
[2026-05-01T07:57:48.778004+00:00] [INFO] === roadmap-driver cycle ===
[2026-05-01T07:57:49.154717+00:00] [INFO] budget check: budget block at 66.0%
[2026-05-01T07:57:49.171345+00:00] [INFO]   roadmap_edge_track_record_in_briefing: in cooldown (attempted within last 12h)
[2026-05-01T07:57:49.171749+00:00] [INFO] nothing to push — all roadmap items either complete or in cooldown
[2026-05-01T07:57:49.220713+00:00] [INFO]   wrote session briefing (15 capability groups, 0 broken integrations)
[2026-05-01T07:57:49.221056+00:00] [INFO]   cycle 913 done in 1.5s, 0 actions
[2026-05-01T07:57:49.221597+00:00] [INFO]   sleeping 900s until next cycle
[2026-05-01T08:12:49.316111+00:00] [INFO] === cycle 914 ===
[2026-05-01T08:12:50.400437+00:00] [INFO]   PEER-SUPERVISOR: 1 findings (STALE)
[2026-05-01T08:12:50.400851+00:00] [INFO] === roadmap-driver cycle ===
[2026-05-01T08:12:50.777460+00:00] [INFO] budget check: budget block at 64.0%
[2026-05-01T08:12:50.794890+00:00] [INFO]   roadmap_edge_track_record_in_briefing: in cooldown (attempted within last 12h)
[2026-05-01T08:12:50.795492+00:00] [INFO] nothing to push — all roadmap items either complete or in cooldown
[2026-05-01T08:12:50.850574+00:00] [INFO]   wrote session briefing (15 capability groups, 0 broken integrations)
[2026-05-01T08:12:50.850874+00:00] [INFO]   cycle 914 done in 1.5s, 1 actions
[2026-05-01T08:12:50.851366+00:00] [INFO]   sleeping 120s until next cycle
[2026-05-01T08:14:50.982432+00:00] [INFO] === cycle 915 ===
[2026-05-01T08:14:52.181273+00:00] [INFO]   PEER-SUPERVISOR: 1 findings (STALE)
[2026-05-01T08:14:52.181665+00:00] [INFO] === roadmap-driver cycle ===
[2026-05-01T08:14:52.576872+00:00] [INFO] budget check: budget block at 66.5%
[2026-05-01T08:14:52.595921+00:00] [INFO]   roadmap_edge_track_record_in_briefing: in cooldown (attempted within last 12h)
[2026-05-01T08:14:52.596443+00:00] [INFO] nothing to push — all roadmap items either complete or in cooldown
[2026-05-01T08:14:52.648717+00:00] [INFO]   wrote session briefing (15 capability groups, 0 broken integrations)
[2026-05-01T08:14:52.649031+00:00] [INFO]   cycle 915 done in 1.7s, 1 actions
[2026-05-01T08:14:52.649593+00:00] [INFO]   sleeping 120s until next cycle
[2026-05-01T08:16:52.780977+00:00] [INFO] === cycle 916 ===
[2026-05-01T08:16:53.933812+00:00] [INFO]   PEER-SUPERVISOR: 1 findings (STALE)
[2026-05-01T08:16:53.934198+00:00] [INFO] === roadmap-driver cycle ===
[2026-05-01T08:16:54.316302+00:00] [INFO] budget check: budget block at 66.5%
[2026-05-01T08:16:54.334545+00:00] [INFO]   roadmap_edge_track_record_in_briefing: in cooldown (attempted within last 12h)
[2026-05-01T08:16:54.334964+00:00] [INFO] nothing to push — all roadmap items either complete or in cooldown
[2026-05-01T08:16:54.386380+00:00] [INFO]   wrote session briefing (15 capability groups, 0 broken integrations)
[2026-05-01T08:16:54.386588+00:00] [INFO]   cycle 916 done in 1.6s, 1 actions
[2026-05-01T08:16:54.387101+00:00] [INFO]   sleeping 120s until next cycle
[2026-05-01T08:18:54.422049+00:00] [INFO] === cycle 917 ===
[2026-05-01T08:18:55.411352+00:00] [INFO]   PEER-SUPERVISOR: 1 findings (STALE)
[2026-05-01T08:18:55.411752+00:00] [INFO] === roadmap-driver cycle ===
[2026-05-01T08:18:55.789057+00:00] [INFO] budget check: budget block at 66.5%
[2026-05-01T08:18:55.807720+00:00] [INFO]   roadmap_edge_track_record_in_briefing: in cooldown (attempted within last 12h)
[2026-05-01T08:18:55.808099+00:00] [INFO] nothing to push — all roadmap items either complete or in cooldown
[2026-05-01T08:18:55.860978+00:00] [INFO]   wrote session briefing (15 capability groups, 0 broken integrations)
[2026-05-01T08:18:55.861271+00:00] [INFO]   cycle 917 done in 1.4s, 1 actions
[2026-05-01T08:18:55.861892+00:00] [INFO]   sleeping 120s until next cycle
[2026-05-01T08:20:56.004961+00:00] [INFO] === cycle 918 ===
[2026-05-01T08:20:57.221940+00:00] [INFO]   PEER-SUPERVISOR: 1 findings (STALE)
[2026-05-01T08:20:57.222333+00:00] [INFO] === roadmap-driver cycle ===
[2026-05-01T08:20:57.611580+00:00] [INFO] budget check: budget block at 66.5%
[2026-05-01T08:20:57.628746+00:00] [INFO]   roadmap_edge_track_record_in_briefing: in cooldown (attempted within last 12h)
[2026-05-01T08:20:57.629114+00:00] [INFO] nothing to push — all roadmap items either complete or in cooldown
[2026-05-01T08:20:57.683770+00:00] [INFO]   wrote session briefing (15 capability groups, 0 broken integrations)
[2026-05-01T08:20:57.684076+00:00] [INFO]   cycle 918 done in 1.7s, 1 actions
[2026-05-01T08:20:57.684608+00:00] [INFO]   sleeping 120s until next cycle
[2026-05-01T08:22:57.826663+00:00] [INFO] === cycle 919 ===
[2026-05-01T08:22:58.886039+00:00] [INFO]   PEER-SUPERVISOR: 1 findings (STALE)
[2026-05-01T08:22:58.886427+00:00] [INFO] === roadmap-driver cycle ===
[2026-05-01T08:22:59.263772+00:00] [INFO] budget check: budget block at 64.0%
[2026-05-01T08:22:59.283139+00:00] [INFO]   roadmap_edge_track_record_in_briefing: in cooldown (attempted within last 12h)
[2026-05-01T08:22:59.283547+00:00] [INFO] nothing to push — all roadmap items either complete or in cooldown
[2026-05-01T08:22:59.335993+00:00] [INFO]   wrote session briefing (15 capability groups, 0 broken integrations)
[2026-05-01T08:22:59.336192+00:00] [INFO]   cycle 919 done in 1.5s, 1 actions
[2026-05-01T08:22:59.336734+00:00] [INFO]   sleeping 120s until next cycle
[2026-05-01T08:24:59.366925+00:00] [INFO] === cycle 920 ===
[2026-05-01T08:25:00.368427+00:00] [INFO]   PEER-SUPERVISOR: 1 findings (STALE)
[2026-05-01T08:25:00.368813+00:00] [INFO] === roadmap-driver cycle ===
[2026-05-01T08:25:00.748407+00:00] [INFO] budget check: budget block at 64.0%
[2026-05-01T08:25:00.765617+00:00] [INFO]   roadmap_edge_track_record_in_briefing: in cooldown (attempted within last 12h)
[2026-05-01T08:25:00.766018+00:00] [INFO] nothing to push — all roadmap items either complete or in cooldown
[2026-05-01T08:25:00.815480+00:00] [INFO]   wrote session briefing (15 capability groups, 0 broken integrations)
[2026-05-01T08:25:00.815800+00:00] [INFO]   cycle 920 done in 1.4s, 1 actions
[2026-05-01T08:25:00.816387+00:00] [INFO]   sleeping 120s until next cycle
[2026-05-01T08:27:00.893992+00:00] [INFO] === cycle 921 ===
[2026-05-01T08:27:02.229443+00:00] [INFO]   PEER-SUPERVISOR: 1 findings (STALE)
[2026-05-01T08:27:02.229925+00:00] [INFO] === roadmap-driver cycle ===
[2026-05-01T08:27:02.617666+00:00] [INFO] budget check: budget block at 67.0%
[2026-05-01T08:27:02.638909+00:00] [INFO]   roadmap_edge_track_record_in_briefing: in cooldown (attempted within last 12h)
[2026-05-01T08:27:02.639413+00:00] [INFO] nothing to push — all roadmap items either complete or in cooldown
[2026-05-01T08:27:02.698159+00:00] [INFO]   wrote session briefing (15 capability groups, 0 broken integrations)
[2026-05-01T08:27:02.698512+00:00] [INFO]   cycle 921 done in 1.8s, 1 actions
[2026-05-01T08:27:02.699115+00:00] [INFO]   sleeping 120s until next cycle
[2026-05-01T08:29:02.838437+00:00] [INFO] === cycle 922 ===
[2026-05-01T08:29:03.893092+00:00] [INFO] === roadmap-driver cycle ===
[2026-05-01T08:29:04.272702+00:00] [INFO] budget check: budget block at 67.0%
[2026-05-01T08:29:04.291262+00:00] [INFO]   roadmap_edge_track_record_in_briefing: in cooldown (attempted within last 12h)
[2026-05-01T08:29:04.291684+00:00] [INFO] nothing to push — all roadmap items either complete or in cooldown
[2026-05-01T08:29:04.341049+00:00] [INFO]   wrote session briefing (15 capability groups, 0 broken integrations)
[2026-05-01T08:29:04.341223+00:00] [INFO]   cycle 922 done in 1.5s, 0 actions
[2026-05-01T08:29:04.341734+00:00] [INFO]   sleeping 900s until next cycle
[2026-05-01T08:44:04.485312+00:00] [INFO] === cycle 923 ===
[2026-05-01T08:44:04.488951+00:00] [INFO]   refreshing capability manifest
[2026-05-01T08:44:07.861549+00:00] [INFO]   PEER-SUPERVISOR: 1 findings (STALE)
[2026-05-01T08:44:07.861944+00:00] [INFO] === roadmap-driver cycle ===
[2026-05-01T08:44:08.244666+00:00] [INFO] budget check: budget block at 67.0%
[2026-05-01T08:44:08.260941+00:00] [INFO]   roadmap_edge_track_record_in_briefing: in cooldown (attempted within last 12h)
[2026-05-01T08:44:08.261140+00:00] [INFO] nothing to push — all roadmap items either complete or in cooldown
[2026-05-01T08:44:08.316598+00:00] [INFO]   wrote session briefing (15 capability groups, 0 broken integrations)
[2026-05-01T08:44:08.316943+00:00] [INFO]   cycle 923 done in 3.8s, 1 actions
[2026-05-01T08:44:08.317501+00:00] [INFO]   sleeping 120s until next cycle
[2026-05-01T08:46:08.400856+00:00] [INFO] === cycle 924 ===
[2026-05-01T08:46:10.218736+00:00] [INFO]   PEER-SUPERVISOR: 1 findings (STALE)
[2026-05-01T08:46:10.219149+00:00] [INFO] === roadmap-driver cycle ===
[2026-05-01T08:46:10.674383+00:00] [INFO] budget check: budget block at 65.5%
[2026-05-01T08:46:10.692186+00:00] [INFO]   roadmap_edge_track_record_in_briefing: in cooldown (attempted within last 12h)
[2026-05-01T08:46:10.692591+00:00] [INFO] nothing to push — all roadmap items either complete or in cooldown
[2026-05-01T08:46:10.756353+00:00] [INFO]   wrote session briefing (15 capability groups, 0 broken integrations)
[2026-05-01T08:46:10.756714+00:00] [INFO]   cycle 924 done in 2.4s, 1 actions
[2026-05-01T08:46:10.757250+00:00] [INFO]   sleeping 120s until next cycle
[2026-05-01T08:48:10.874794+00:00] [INFO] === cycle 925 ===
[2026-05-01T08:48:12.306960+00:00] [INFO]   PEER-SUPERVISOR: 1 findings (STALE)
[2026-05-01T08:48:12.307438+00:00] [INFO] === roadmap-driver cycle ===
[2026-05-01T08:48:12.703058+00:00] [INFO] budget check: budget block at 66.0%
[2026-05-01T08:48:12.724197+00:00] [INFO]   roadmap_edge_track_record_in_briefing: in cooldown (attempted within last 12h)
[2026-05-01T08:48:12.724590+00:00] [INFO] nothing to push — all roadmap items either complete or in cooldown
[2026-05-01T08:48:12.783304+00:00] [INFO]   wrote session briefing (15 capability groups, 0 broken integrations)
[2026-05-01T08:48:12.783639+00:00] [INFO]   cycle 925 done in 1.9s, 1 actions
[2026-05-01T08:48:12.784197+00:00] [INFO]   sleeping 120s until next cycle
[2026-05-01T08:50:12.930160+00:00] [INFO] === cycle 926 ===
[2026-05-01T08:50:14.123659+00:00] [INFO]   PEER-SUPERVISOR: 1 findings (STALE)
[2026-05-01T08:50:14.124075+00:00] [INFO] === roadmap-driver cycle ===
[2026-05-01T08:50:14.510800+00:00] [INFO] budget check: budget block at 68.0%
[2026-05-01T08:50:14.531486+00:00] [INFO]   roadmap_edge_track_record_in_briefing: in cooldown (attempted within last 12h)
[2026-05-01T08:50:14.531918+00:00] [INFO] nothing to push — all roadmap items either complete or in cooldown
[2026-05-01T08:50:14.594206+00:00] [INFO]   wrote session briefing (15 capability groups, 0 broken integrations)
[2026-05-01T08:50:14.594529+00:00] [INFO]   cycle 926 done in 1.7s, 1 actions
[2026-05-01T08:50:14.595032+00:00] [INFO]   sleeping 120s until next cycle
[2026-05-01T08:52:14.651426+00:00] [INFO] === cycle 927 ===
[2026-05-01T08:52:15.861237+00:00] [INFO]   PEER-SUPERVISOR: 1 findings (STALE)
[2026-05-01T08:52:15.861622+00:00] [INFO] === roadmap-driver cycle ===
[2026-05-01T08:52:16.249805+00:00] [INFO] budget check: budget block at 68.0%
[2026-05-01T08:52:16.266882+00:00] [INFO]   roadmap_edge_track_record_in_briefing: in cooldown (attempted within last 12h)
[2026-05-01T08:52:16.267267+00:00] [INFO] nothing to push — all roadmap items either complete or in cooldown
[2026-05-01T08:52:16.328001+00:00] [INFO]   wrote session briefing (15 capability groups, 0 broken integrations)
[2026-05-01T08:52:16.328313+00:00] [INFO]   cycle 927 done in 1.7s, 1 actions
[2026-05-01T08:52:16.328817+00:00] [INFO]   sleeping 120s until next cycle
[2026-05-01T08:54:16.465841+00:00] [INFO] === cycle 928 ===
[2026-05-01T08:54:17.665661+00:00] [INFO]   PEER-SUPERVISOR: 1 findings (STALE)
[2026-05-01T08:54:17.666072+00:00] [INFO] === roadmap-driver cycle ===
[2026-05-01T08:54:18.051925+00:00] [INFO] budget check: budget block at 68.0%
[2026-05-01T08:54:18.070927+00:00] [INFO]   roadmap_edge_track_record_in_briefing: in cooldown (attempted within last 12h)
[2026-05-01T08:54:18.071332+00:00] [INFO] nothing to push — all roadmap items either complete or in cooldown
[2026-05-01T08:54:18.131094+00:00] [INFO]   wrote session briefing (15 capability groups, 0 broken integrations)
[2026-05-01T08:54:18.131454+00:00] [INFO]   cycle 928 done in 1.7s, 1 actions
[2026-05-01T08:54:18.131998+00:00] [INFO]   sleeping 120s until next cycle
[2026-05-01T08:56:18.167065+00:00] [INFO] === cycle 929 ===
[2026-05-01T08:56:19.429584+00:00] [INFO]   PEER-SUPERVISOR: 1 findings (STALE)
[2026-05-01T08:56:19.429992+00:00] [INFO] === roadmap-driver cycle ===
[2026-05-01T08:56:19.818673+00:00] [INFO] budget check: budget block at 65.5%
[2026-05-01T08:56:19.835601+00:00] [INFO]   roadmap_edge_track_record_in_briefing: in cooldown (attempted within last 12h)
[2026-05-01T08:56:19.836009+00:00] [INFO] nothing to push — all roadmap items either complete or in cooldown
[2026-05-01T08:56:19.893581+00:00] [INFO]   wrote session briefing (15 capability groups, 0 broken integrations)
[2026-05-01T08:56:19.893925+00:00] [INFO]   cycle 929 done in 1.7s, 1 actions
[2026-05-01T08:56:19.894406+00:00] [INFO]   sleeping 120s until next cycle
[2026-05-01T08:58:19.946659+00:00] [INFO] === cycle 930 ===
[2026-05-01T08:58:21.121867+00:00] [INFO] === roadmap-driver cycle ===
[2026-05-01T08:58:21.522740+00:00] [INFO] budget check: budget block at 65.5%
[2026-05-01T08:58:21.543029+00:00] [INFO]   roadmap_edge_track_record_in_briefing: in cooldown (attempted within last 12h)
[2026-05-01T08:58:21.543441+00:00] [INFO] nothing to push — all roadmap items either complete or in cooldown
[2026-05-01T08:58:21.612418+00:00] [INFO]   wrote session briefing (15 capability groups, 0 broken integrations)
[2026-05-01T08:58:21.612597+00:00] [INFO]   cycle 930 done in 1.7s, 0 actions
[2026-05-01T08:58:21.613083+00:00] [INFO]   sleeping 900s until next cycle
[2026-05-01T09:13:21.658600+00:00] [INFO] === cycle 931 ===
[2026-05-01T09:13:22.969199+00:00] [INFO]   PEER-SUPERVISOR: 1 findings (STALE)
[2026-05-01T09:13:22.969694+00:00] [INFO] === roadmap-driver cycle ===
[2026-05-01T09:13:23.351428+00:00] [INFO] budget check: budget block at 68.5%
[2026-05-01T09:13:23.371546+00:00] [INFO]   roadmap_edge_track_record_in_briefing: in cooldown (attempted within last 12h)
[2026-05-01T09:13:23.372054+00:00] [INFO] nothing to push — all roadmap items either complete or in cooldown
[2026-05-01T09:13:23.442768+00:00] [INFO]   wrote session briefing (15 capability groups, 0 broken integrations)
[2026-05-01T09:13:23.442961+00:00] [INFO]   cycle 931 done in 1.8s, 1 actions
[2026-05-01T09:13:23.443524+00:00] [INFO]   sleeping 120s until next cycle
[2026-05-01T09:15:23.478791+00:00] [INFO] === cycle 932 ===
[2026-05-01T09:15:24.839391+00:00] [INFO]   PEER-SUPERVISOR: 1 findings (STALE)
[2026-05-01T09:15:24.839776+00:00] [INFO] === roadmap-driver cycle ===
[2026-05-01T09:15:25.228405+00:00] [INFO] budget check: budget block at 68.5%
[2026-05-01T09:15:25.244617+00:00] [INFO]   roadmap_edge_track_record_in_briefing: in cooldown (attempted within last 12h)
[2026-05-01T09:15:25.245175+00:00] [INFO] nothing to push — all roadmap items either complete or in cooldown
[2026-05-01T09:15:25.305371+00:00] [INFO]   wrote session briefing (15 capability groups, 0 broken integrations)
[2026-05-01T09:15:25.305699+00:00] [INFO]   cycle 932 done in 1.8s, 1 actions
[2026-05-01T09:15:25.306216+00:00] [INFO]   sleeping 120s until next cycle
[2026-05-01T09:17:25.444347+00:00] [INFO] === cycle 933 ===
[2026-05-01T09:17:26.994442+00:00] [INFO]   PEER-SUPERVISOR: 1 findings (STALE)
[2026-05-01T09:17:26.994849+00:00] [INFO] === roadmap-driver cycle ===
[2026-05-01T09:17:27.389138+00:00] [INFO] budget check: budget block at 68.0%
[2026-05-01T09:17:27.410832+00:00] [INFO]   roadmap_edge_track_record_in_briefing: in cooldown (attempted within last 12h)
[2026-05-01T09:17:27.411215+00:00] [INFO] nothing to push — all roadmap items either complete or in cooldown
[2026-05-01T09:17:27.476671+00:00] [INFO]   wrote session briefing (15 capability groups, 0 broken integrations)
[2026-05-01T09:17:27.476972+00:00] [INFO]   cycle 933 done in 2.0s, 1 actions
[2026-05-01T09:17:27.477508+00:00] [INFO]   sleeping 120s until next cycle
[2026-05-01T09:19:27.557851+00:00] [INFO] === cycle 934 ===
[2026-05-01T09:19:29.107399+00:00] [INFO]   PEER-SUPERVISOR: 1 findings (STALE)
[2026-05-01T09:19:29.107803+00:00] [INFO] === roadmap-driver cycle ===
[2026-05-01T09:19:29.489569+00:00] [INFO] budget check: budget block at 66.5%
[2026-05-01T09:19:29.511420+00:00] [INFO]   roadmap_edge_track_record_in_briefing: in cooldown (attempted within last 12h)
[2026-05-01T09:19:29.511954+00:00] [INFO] nothing to push — all roadmap items either complete or in cooldown
[2026-05-01T09:19:29.569488+00:00] [INFO]   wrote session briefing (15 capability groups, 0 broken integrations)
[2026-05-01T09:19:29.569801+00:00] [INFO]   cycle 934 done in 2.0s, 1 actions
[2026-05-01T09:19:29.570310+00:00] [INFO]   sleeping 120s until next cycle
[2026-05-01T09:21:29.583411+00:00] [INFO] === cycle 935 ===
[2026-05-01T09:21:31.020352+00:00] [INFO]   PEER-SUPERVISOR: 1 findings (STALE)
[2026-05-01T09:21:31.020745+00:00] [INFO] === roadmap-driver cycle ===
[2026-05-01T09:21:31.406643+00:00] [INFO] budget check: budget block at 66.5%
[2026-05-01T09:21:31.428046+00:00] [INFO]   roadmap_edge_track_record_in_briefing: in cooldown (attempted within last 12h)
[2026-05-01T09:21:31.428452+00:00] [INFO] nothing to push — all roadmap items either complete or in cooldown
[2026-05-01T09:21:31.494792+00:00] [INFO]   wrote session briefing (15 capability groups, 0 broken integrations)
[2026-05-01T09:21:31.495113+00:00] [INFO]   cycle 935 done in 1.9s, 1 actions
[2026-05-01T09:21:31.495625+00:00] [INFO]   sleeping 120s until next cycle
[2026-05-01T09:23:31.602009+00:00] [INFO] === cycle 936 ===
[2026-05-01T09:23:32.856017+00:00] [INFO]   PEER-SUPERVISOR: 1 findings (STALE)
[2026-05-01T09:23:32.856431+00:00] [INFO] === roadmap-driver cycle ===
[2026-05-01T09:23:33.241046+00:00] [INFO] budget check: budget block at 68.5%
[2026-05-01T09:23:33.258110+00:00] [INFO]   roadmap_edge_track_record_in_briefing: in cooldown (attempted within last 12h)
[2026-05-01T09:23:33.258679+00:00] [INFO] nothing to push — all roadmap items either complete or in cooldown
[2026-05-01T09:23:33.309732+00:00] [INFO]   wrote session briefing (15 capability groups, 0 broken integrations)
[2026-05-01T09:23:33.310100+00:00] [INFO]   cycle 936 done in 1.7s, 1 actions
[2026-05-01T09:23:33.310685+00:00] [INFO]   sleeping 120s until next cycle
[2026-05-01T09:25:33.402133+00:00] [INFO] === cycle 937 ===
[2026-05-01T09:25:34.860338+00:00] [INFO]   PEER-SUPERVISOR: 1 findings (STALE)
[2026-05-01T09:25:34.860822+00:00] [INFO] === roadmap-driver cycle ===
[2026-05-01T09:25:35.245041+00:00] [INFO] budget check: budget block at 68.5%
[2026-05-01T09:25:35.263908+00:00] [INFO]   roadmap_edge_track_record_in_briefing: in cooldown (attempted within last 12h)
[2026-05-01T09:25:35.264279+00:00] [INFO] nothing to push — all roadmap items either complete or in cooldown
[2026-05-01T09:25:35.334192+00:00] [INFO]   wrote session briefing (15 capability groups, 0 broken integrations)
[2026-05-01T09:25:35.334971+00:00] [INFO]   cycle 937 done in 1.9s, 1 actions
[2026-05-01T09:25:35.335510+00:00] [INFO]   sleeping 120s until next cycle
[2026-05-01T09:27:35.476777+00:00] [INFO] === cycle 938 ===
[2026-05-01T09:27:37.336082+00:00] [INFO]   PEER-SUPERVISOR: 1 findings (STALE)
[2026-05-01T09:27:37.336490+00:00] [INFO] === roadmap-driver cycle ===
[2026-05-01T09:27:37.720038+00:00] [INFO] budget check: budget block at 68.5%
[2026-05-01T09:27:37.737981+00:00] [INFO]   roadmap_edge_track_record_in_briefing: in cooldown (attempted within last 12h)
[2026-05-01T09:27:37.738354+00:00] [INFO] nothing to push — all roadmap items either complete or in cooldown
[2026-05-01T09:27:37.800887+00:00] [INFO]   wrote session briefing (15 capability groups, 0 broken integrations)
[2026-05-01T09:27:37.801207+00:00] [INFO]   cycle 938 done in 2.3s, 1 actions
[2026-05-01T09:27:37.801749+00:00] [INFO]   sleeping 120s until next cycle
[2026-05-01T09:29:37.887142+00:00] [INFO] === cycle 939 ===
[2026-05-01T09:29:39.180079+00:00] [INFO] === roadmap-driver cycle ===
[2026-05-01T09:29:39.578269+00:00] [INFO] budget check: budget block at 66.5%
[2026-05-01T09:29:39.600111+00:00] [INFO]   roadmap_edge_track_record_in_briefing: in cooldown (attempted within last 12h)
[2026-05-01T09:29:39.600619+00:00] [INFO] nothing to push — all roadmap items either complete or in cooldown
[2026-05-01T09:29:39.667466+00:00] [INFO]   wrote session briefing (15 capability groups, 0 broken integrations)
[2026-05-01T09:29:39.667774+00:00] [INFO]   cycle 939 done in 1.8s, 0 actions
[2026-05-01T09:29:39.668271+00:00] [INFO]   sleeping 900s until next cycle
[2026-05-01T09:44:39.805329+00:00] [INFO] === cycle 940 ===
[2026-05-01T09:44:41.053753+00:00] [INFO] === roadmap-driver cycle ===
[2026-05-01T09:44:41.437160+00:00] [INFO] budget check: budget block at 66.5%
[2026-05-01T09:44:41.455592+00:00] [INFO]   roadmap_edge_track_record_in_briefing: in cooldown (attempted within last 12h)
[2026-05-01T09:44:41.456143+00:00] [INFO] nothing to push — all roadmap items either complete or in cooldown
[2026-05-01T09:44:41.513314+00:00] [INFO]   wrote session briefing (15 capability groups, 0 broken integrations)
[2026-05-01T09:44:41.513627+00:00] [INFO]   cycle 940 done in 1.7s, 0 actions
[2026-05-01T09:44:41.514145+00:00] [INFO]   sleeping 900s until next cycle
[2026-05-01T09:59:41.660267+00:00] [INFO] === cycle 941 ===
[2026-05-01T09:59:42.865407+00:00] [INFO] === roadmap-driver cycle ===
[2026-05-01T09:59:43.250944+00:00] [INFO] budget check: budget block at 69.5%
[2026-05-01T09:59:43.269353+00:00] [INFO]   PUSHED roadmap_edge_track_record_in_briefing  sev=LOW  Verify morning briefing edge-weight track record line is wir
[2026-05-01T09:59:43.272242+00:00] [INFO] === done — pushed 1 tasks, queue now 1 ===
[2026-05-01T09:59:43.272490+00:00] [INFO]   ROADMAP-DRIVER: pushed 1 build tasks (queue depth now 1)
[2026-05-01T09:59:43.336268+00:00] [INFO]   wrote session briefing (15 capability groups, 0 broken integrations)
[2026-05-01T09:59:43.336594+00:00] [INFO]   cycle 941 done in 1.7s, 1 actions
[2026-05-01T09:59:43.337124+00:00] [INFO]   sleeping 120s until next cycle
[2026-05-01T10:01:43.349160+00:00] [INFO] === cycle 942 ===
[2026-05-01T10:01:44.634895+00:00] [INFO]   PEER-SUPERVISOR: 1 findings (STALE)
[2026-05-01T10:01:44.635373+00:00] [INFO] === roadmap-driver cycle ===
[2026-05-01T10:01:45.022113+00:00] [INFO] budget check: budget block at 77.0% >= 70% threshold
[2026-05-01T10:01:45.022251+00:00] [INFO] SKIP — budget threshold exceeded
[2026-05-01T10:01:45.022484+00:00] [INFO]   ROADMAP-DRIVER status: skipped_budget
[2026-05-01T10:01:45.079922+00:00] [INFO]   wrote session briefing (15 capability groups, 0 broken integrations)
[2026-05-01T10:01:45.080092+00:00] [INFO]   cycle 942 done in 1.7s, 1 actions
[2026-05-01T10:01:45.080605+00:00] [INFO]   sleeping 120s until next cycle
[2026-05-01T10:03:45.220884+00:00] [INFO] === cycle 943 ===
[2026-05-01T10:03:46.347236+00:00] [INFO]   PEER-SUPERVISOR: 1 findings (STALE)
[2026-05-01T10:03:46.347636+00:00] [INFO] === roadmap-driver cycle ===
[2026-05-01T10:03:46.733769+00:00] [INFO] budget check: budget block at 75.0% >= 70% threshold
[2026-05-01T10:03:46.733886+00:00] [INFO] SKIP — budget threshold exceeded
[2026-05-01T10:03:46.734112+00:00] [INFO]   ROADMAP-DRIVER status: skipped_budget
[2026-05-01T10:03:46.781367+00:00] [INFO]   wrote session briefing (15 capability groups, 0 broken integrations)
[2026-05-01T10:03:46.781681+00:00] [INFO]   cycle 943 done in 1.6s, 1 actions
[2026-05-01T10:03:46.782208+00:00] [INFO]   sleeping 120s until next cycle
[2026-05-01T10:05:46.857366+00:00] [INFO] === cycle 944 ===
[2026-05-01T10:05:48.787322+00:00] [INFO]   PEER-SUPERVISOR: 1 findings (STALE)
[2026-05-01T10:05:48.787870+00:00] [INFO] === roadmap-driver cycle ===
[2026-05-01T10:05:49.176333+00:00] [INFO] budget check: budget block at 75.0% >= 70% threshold
[2026-05-01T10:05:49.176466+00:00] [INFO] SKIP — budget threshold exceeded
[2026-05-01T10:05:49.176689+00:00] [INFO]   ROADMAP-DRIVER status: skipped_budget
[2026-05-01T10:05:49.247538+00:00] [INFO]   wrote session briefing (15 capability groups, 0 broken integrations)
[2026-05-01T10:05:49.247880+00:00] [INFO]   cycle 944 done in 2.4s, 1 actions
[2026-05-01T10:05:49.248399+00:00] [INFO]   sleeping 120s until next cycle
[2026-05-01T10:07:49.363346+00:00] [INFO] === cycle 945 ===
[2026-05-01T10:07:50.657313+00:00] [INFO]   PEER-SUPERVISOR: 1 findings (STALE)
[2026-05-01T10:07:50.657816+00:00] [INFO] === roadmap-driver cycle ===
[2026-05-01T10:07:51.044791+00:00] [INFO] budget check: budget block at 76.0% >= 70% threshold
[2026-05-01T10:07:51.044916+00:00] [INFO] SKIP — budget threshold exceeded
[2026-05-01T10:07:51.045147+00:00] [INFO]   ROADMAP-DRIVER status: skipped_budget
[2026-05-01T10:07:51.100259+00:00] [INFO]   wrote session briefing (15 capability groups, 0 broken integrations)
[2026-05-01T10:07:51.100555+00:00] [INFO]   cycle 945 done in 1.7s, 1 actions
[2026-05-01T10:07:51.101049+00:00] [INFO]   sleeping 120s until next cycle
[2026-05-01T10:09:51.251996+00:00] [INFO] === cycle 946 ===
[2026-05-01T10:09:52.800461+00:00] [INFO]   PEER-SUPERVISOR: 1 findings (STALE)
[2026-05-01T10:09:52.800952+00:00] [INFO] === roadmap-driver cycle ===
[2026-05-01T10:09:53.188092+00:00] [INFO] budget check: budget block at 76.0% >= 70% threshold
[2026-05-01T10:09:53.188232+00:00] [INFO] SKIP — budget threshold exceeded
[2026-05-01T10:09:53.188446+00:00] [INFO]   ROADMAP-DRIVER status: skipped_budget
[2026-05-01T10:09:53.260015+00:00] [INFO]   wrote session briefing (15 capability groups, 0 broken integrations)
[2026-05-01T10:09:53.260315+00:00] [INFO]   cycle 946 done in 2.0s, 1 actions
[2026-05-01T10:09:53.260825+00:00] [INFO]   sleeping 120s until next cycle
[2026-05-01T10:11:53.276460+00:00] [INFO] === cycle 947 ===
[2026-05-01T10:11:54.687671+00:00] [INFO]   PEER-SUPERVISOR: 1 findings (STALE)
[2026-05-01T10:11:54.688063+00:00] [INFO] === roadmap-driver cycle ===
[2026-05-01T10:11:55.074654+00:00] [INFO] budget check: budget block at 76.0% >= 70% threshold
[2026-05-01T10:11:55.074803+00:00] [INFO] SKIP — budget threshold exceeded
[2026-05-01T10:11:55.075018+00:00] [INFO]   ROADMAP-DRIVER status: skipped_budget
[2026-05-01T10:11:55.146759+00:00] [INFO]   wrote session briefing (15 capability groups, 0 broken integrations)
[2026-05-01T10:11:55.147051+00:00] [INFO]   cycle 947 done in 1.9s, 1 actions
[2026-05-01T10:11:55.147546+00:00] [INFO]   sleeping 120s until next cycle
[2026-05-01T10:13:55.156940+00:00] [INFO] === cycle 948 ===
[2026-05-01T10:13:56.347754+00:00] [INFO]   PEER-SUPERVISOR: 1 findings (STALE)
[2026-05-01T10:13:56.348160+00:00] [INFO] === roadmap-driver cycle ===
[2026-05-01T10:13:56.736967+00:00] [INFO] budget check: budget block at 73.0% >= 70% threshold
[2026-05-01T10:13:56.737101+00:00] [INFO] SKIP — budget threshold exceeded
[2026-05-01T10:13:56.737322+00:00] [INFO]   ROADMAP-DRIVER status: skipped_budget
[2026-05-01T10:13:56.785882+00:00] [INFO]   wrote session briefing (15 capability groups, 0 broken integrations)
[2026-05-01T10:13:56.786058+00:00] [INFO]   cycle 948 done in 1.6s, 1 actions
[2026-05-01T10:13:56.786601+00:00] [INFO]   sleeping 120s until next cycle
[2026-05-01T10:15:56.936942+00:00] [INFO] === cycle 949 ===
[2026-05-01T10:15:58.514946+00:00] [INFO]   PEER-SUPERVISOR: 1 findings (STALE)
[2026-05-01T10:15:58.515426+00:00] [INFO] === roadmap-driver cycle ===
[2026-05-01T10:15:58.900416+00:00] [INFO] budget check: budget block at 73.0% >= 70% threshold
[2026-05-01T10:15:58.900556+00:00] [INFO] SKIP — budget threshold exceeded
[2026-05-01T10:15:58.900774+00:00] [INFO]   ROADMAP-DRIVER status: skipped_budget
[2026-05-01T10:15:58.967205+00:00] [INFO]   wrote session briefing (15 capability groups, 0 broken integrations)
[2026-05-01T10:15:58.967552+00:00] [INFO]   cycle 949 done in 2.0s, 1 actions
[2026-05-01T10:15:58.968066+00:00] [INFO]   sleeping 120s until next cycle
[2026-05-01T10:17:59.072879+00:00] [INFO] === cycle 950 ===
[2026-05-01T10:18:00.391723+00:00] [INFO]   PEER-SUPERVISOR: 1 findings (STALE)
[2026-05-01T10:18:00.392239+00:00] [INFO] === roadmap-driver cycle ===
[2026-05-01T10:18:00.780179+00:00] [INFO] budget check: budget block at 73.0% >= 70% threshold
[2026-05-01T10:18:00.780314+00:00] [INFO] SKIP — budget threshold exceeded
[2026-05-01T10:18:00.780519+00:00] [INFO]   ROADMAP-DRIVER status: skipped_budget
[2026-05-01T10:18:00.838049+00:00] [INFO]   wrote session briefing (15 capability groups, 0 broken integrations)
[2026-05-01T10:18:00.838345+00:00] [INFO]   cycle 950 done in 1.8s, 1 actions
[2026-05-01T10:18:00.838842+00:00] [INFO]   sleeping 120s until next cycle
[2026-05-01T10:20:00.936564+00:00] [INFO] === cycle 951 ===
[2026-05-01T10:20:02.437201+00:00] [INFO]   PEER-SUPERVISOR: 1 findings (STALE)
[2026-05-01T10:20:02.437619+00:00] [INFO] === roadmap-driver cycle ===
[2026-05-01T10:20:02.825906+00:00] [INFO] budget check: budget block at 74.0% >= 70% threshold
[2026-05-01T10:20:02.826012+00:00] [INFO] SKIP — budget threshold exceeded
[2026-05-01T10:20:02.826068+00:00] [INFO]   ROADMAP-DRIVER status: skipped_budget
[2026-05-01T10:20:02.898063+00:00] [INFO]   wrote session briefing (15 capability groups, 0 broken integrations)
[2026-05-01T10:20:02.898341+00:00] [INFO]   cycle 951 done in 2.0s, 1 actions
[2026-05-01T10:20:02.898856+00:00] [INFO]   sleeping 120s until next cycle
[2026-05-01T10:22:02.954706+00:00] [INFO] === cycle 952 ===
[2026-05-01T10:22:04.523174+00:00] [INFO]   PEER-SUPERVISOR: 1 findings (STALE)
[2026-05-01T10:22:04.523569+00:00] [INFO] === roadmap-driver cycle ===
[2026-05-01T10:22:04.910289+00:00] [INFO] budget check: budget block at 74.0% >= 70% threshold
[2026-05-01T10:22:04.910409+00:00] [INFO] SKIP — budget threshold exceeded
[2026-05-01T10:22:04.910636+00:00] [INFO]   ROADMAP-DRIVER status: skipped_budget
[2026-05-01T10:22:04.970897+00:00] [INFO]   wrote session briefing (15 capability groups, 0 broken integrations)
[2026-05-01T10:22:04.971183+00:00] [INFO]   cycle 952 done in 2.0s, 1 actions
[2026-05-01T10:22:04.971687+00:00] [INFO]   sleeping 120s until next cycle
[2026-05-01T10:24:04.974241+00:00] [INFO] === cycle 953 ===
[2026-05-01T10:24:06.362730+00:00] [INFO]   PEER-SUPERVISOR: 1 findings (STALE)
[2026-05-01T10:24:06.363189+00:00] [INFO] === roadmap-driver cycle ===
[2026-05-01T10:24:06.750956+00:00] [INFO] budget check: budget block at 74.0% >= 70% threshold
[2026-05-01T10:24:06.751091+00:00] [INFO] SKIP — budget threshold exceeded
[2026-05-01T10:24:06.751307+00:00] [INFO]   ROADMAP-DRIVER status: skipped_budget
[2026-05-01T10:24:06.828776+00:00] [INFO]   wrote session briefing (15 capability groups, 0 broken integrations)
[2026-05-01T10:24:06.829075+00:00] [INFO]   cycle 953 done in 1.9s, 1 actions
[2026-05-01T10:24:06.829652+00:00] [INFO]   sleeping 120s until next cycle
[2026-05-01T10:26:06.885110+00:00] [INFO] === cycle 954 ===
[2026-05-01T10:26:09.022579+00:00] [INFO]   PEER-SUPERVISOR: 1 findings (STALE)
[2026-05-01T10:26:09.022990+00:00] [INFO] === roadmap-driver cycle ===
[2026-05-01T10:26:09.427933+00:00] [INFO] budget check: budget block at 71.0% >= 70% threshold
[2026-05-01T10:26:09.428056+00:00] [INFO] SKIP — budget threshold exceeded
[2026-05-01T10:26:09.428115+00:00] [INFO]   ROADMAP-DRIVER status: skipped_budget
[2026-05-01T10:26:09.502560+00:00] [INFO]   wrote session briefing (15 capability groups, 0 broken integrations)
[2026-05-01T10:26:09.502891+00:00] [INFO]   cycle 954 done in 2.6s, 1 actions
[2026-05-01T10:26:09.503411+00:00] [INFO]   sleeping 120s until next cycle
[2026-05-01T10:28:09.528204+00:00] [INFO] === cycle 955 ===
[2026-05-01T10:28:12.049464+00:00] [INFO] === roadmap-driver cycle ===
[2026-05-01T10:28:12.542193+00:00] [INFO] budget check: budget block at 75.5% >= 70% threshold
[2026-05-01T10:28:12.542300+00:00] [INFO] SKIP — budget threshold exceeded
[2026-05-01T10:28:12.542348+00:00] [INFO]   ROADMAP-DRIVER status: skipped_budget
[2026-05-01T10:28:12.610669+00:00] [INFO]   wrote session briefing (15 capability groups, 0 broken integrations)
[2026-05-01T10:28:12.611007+00:00] [INFO]   cycle 955 done in 3.1s, 0 actions
[2026-05-01T10:28:12.611527+00:00] [INFO]   sleeping 900s until next cycle
[2026-05-01T10:43:12.623582+00:00] [INFO] === cycle 956 ===
[2026-05-01T10:43:14.087787+00:00] [INFO] === roadmap-driver cycle ===
[2026-05-01T10:43:14.508860+00:00] [INFO] budget check: budget block at 119.5% >= 70% threshold
[2026-05-01T10:43:14.509014+00:00] [INFO] SKIP — budget threshold exceeded
[2026-05-01T10:43:14.509250+00:00] [INFO]   ROADMAP-DRIVER status: skipped_budget
[2026-05-01T10:43:14.586653+00:00] [INFO]   wrote session briefing (15 capability groups, 0 broken integrations)
[2026-05-01T10:43:14.586992+00:00] [INFO]   cycle 956 done in 2.0s, 0 actions
[2026-05-01T10:43:14.587634+00:00] [INFO]   sleeping 3600s until next cycle
[2026-05-01T11:43:14.632550+00:00] [INFO] === cycle 957 ===
[2026-05-01T11:43:16.813624+00:00] [INFO]   PEER-SUPERVISOR: 2 findings (STALE, STALE)
[2026-05-01T11:43:16.814018+00:00] [INFO] === roadmap-driver cycle ===
[2026-05-01T11:43:17.220000+00:00] [INFO] budget check: budget block at 254.0% >= 70% threshold
[2026-05-01T11:43:17.220152+00:00] [INFO] SKIP — budget threshold exceeded
[2026-05-01T11:43:17.220361+00:00] [INFO]   ROADMAP-DRIVER status: skipped_budget
[2026-05-01T11:43:17.283048+00:00] [INFO]   wrote session briefing (15 capability groups, 0 broken integrations)
[2026-05-01T11:43:17.283367+00:00] [INFO]   cycle 957 done in 2.7s, 2 actions
[2026-05-01T11:43:17.283910+00:00] [INFO]   sleeping 3600s until next cycle
[2026-05-01T12:43:17.352773+00:00] [INFO] === cycle 958 ===
[2026-05-01T12:43:19.426118+00:00] [INFO]   PEER-SUPERVISOR: 2 findings (STALE, STALE)
[2026-05-01T12:43:19.426637+00:00] [INFO] === roadmap-driver cycle ===
[2026-05-01T12:43:19.832588+00:00] [INFO] budget check: budget block at 244.0% >= 70% threshold
[2026-05-01T12:43:19.832712+00:00] [INFO] SKIP — budget threshold exceeded
[2026-05-01T12:43:19.832922+00:00] [INFO]   ROADMAP-DRIVER status: skipped_budget
[2026-05-01T12:43:19.889549+00:00] [INFO]   wrote session briefing (15 capability groups, 0 broken integrations)
[2026-05-01T12:43:19.889867+00:00] [INFO]   cycle 958 done in 2.5s, 2 actions
[2026-05-01T12:43:19.890410+00:00] [INFO]   sleeping 3600s until next cycle
[2026-05-01T13:43:19.920722+00:00] [INFO] === cycle 959 ===
[2026-05-01T13:43:19.924690+00:00] [INFO]   refreshing capability manifest
[2026-05-01T13:43:24.422720+00:00] [INFO]   PEER-SUPERVISOR: 2 findings (STALE, STALE)
[2026-05-01T13:43:24.423140+00:00] [INFO] === roadmap-driver cycle ===
[2026-05-01T13:43:24.830097+00:00] [INFO] budget check: budget block at 236.5% >= 70% threshold
[2026-05-01T13:43:24.830232+00:00] [INFO] SKIP — budget threshold exceeded
[2026-05-01T13:43:24.830434+00:00] [INFO]   ROADMAP-DRIVER status: skipped_budget
[2026-05-01T13:43:24.894376+00:00] [INFO]   wrote session briefing (15 capability groups, 0 broken integrations)
[2026-05-01T13:43:24.894741+00:00] [INFO]   cycle 959 done in 5.0s, 2 actions
[2026-05-01T13:43:24.895236+00:00] [INFO]   sleeping 3600s until next cycle
[2026-05-01T14:43:24.942759+00:00] [INFO] === cycle 960 ===
[2026-05-01T14:43:26.605691+00:00] [INFO]   PEER-SUPERVISOR: 2 findings (STALE, STALE)
[2026-05-01T14:43:26.606156+00:00] [INFO] === roadmap-driver cycle ===
[2026-05-01T14:43:27.010945+00:00] [INFO] budget check: budget block at 235.0% >= 70% threshold
[2026-05-01T14:43:27.011077+00:00] [INFO] SKIP — budget threshold exceeded
[2026-05-01T14:43:27.011305+00:00] [INFO]   ROADMAP-DRIVER status: skipped_budget
[2026-05-01T14:43:27.081696+00:00] [INFO]   wrote session briefing (15 capability groups, 0 broken integrations)
[2026-05-01T14:43:27.082034+00:00] [INFO]   cycle 960 done in 2.1s, 2 actions
[2026-05-01T14:43:27.082525+00:00] [INFO]   sleeping 3600s until next cycle
[2026-05-01T15:43:27.116579+00:00] [INFO] === cycle 961 ===
[2026-05-01T15:43:29.348106+00:00] [INFO]   PEER-SUPERVISOR: 2 findings (STALE, STALE)
[2026-05-01T15:43:29.348624+00:00] [INFO] === roadmap-driver cycle ===
[2026-05-01T15:43:29.752762+00:00] [INFO] budget check: budget block at 178.5% >= 70% threshold
[2026-05-01T15:43:29.752894+00:00] [INFO] SKIP — budget threshold exceeded
[2026-05-01T15:43:29.753114+00:00] [INFO]   ROADMAP-DRIVER status: skipped_budget
[2026-05-01T15:43:29.827595+00:00] [INFO]   wrote session briefing (15 capability groups, 0 broken integrations)
[2026-05-01T15:43:29.828062+00:00] [INFO]   cycle 961 done in 2.7s, 2 actions
[2026-05-01T15:43:29.828620+00:00] [INFO]   sleeping 3600s until next cycle
[2026-05-01T16:43:29.943411+00:00] [INFO] === cycle 962 ===
[2026-05-01T16:43:32.371052+00:00] [INFO]   PEER-SUPERVISOR: 2 findings (STALE, STALE)
[2026-05-01T16:43:32.371599+00:00] [INFO] === roadmap-driver cycle ===
[2026-05-01T16:43:32.776439+00:00] [INFO] budget check: budget block at 41.5%
[2026-05-01T16:43:32.810236+00:00] [INFO]   roadmap_edge_track_record_in_briefing: in cooldown (attempted within last 12h)
[2026-05-01T16:43:32.810704+00:00] [INFO] nothing to push — all roadmap items either complete or in cooldown
[2026-05-01T16:43:32.877154+00:00] [INFO]   wrote session briefing (15 capability groups, 0 broken integrations)
[2026-05-01T16:43:32.877494+00:00] [INFO]   cycle 962 done in 2.9s, 2 actions
[2026-05-01T16:43:32.878032+00:00] [INFO]   sleeping 120s until next cycle
[2026-05-01T16:45:32.959109+00:00] [INFO] === cycle 963 ===
[2026-05-01T16:45:34.195442+00:00] [INFO]   PEER-SUPERVISOR: 1 findings (STALE)
[2026-05-01T16:45:34.195949+00:00] [INFO] === roadmap-driver cycle ===
[2026-05-01T16:45:34.608356+00:00] [INFO] budget check: budget block at 40.5%
[2026-05-01T16:45:34.630696+00:00] [INFO]   roadmap_edge_track_record_in_briefing: in cooldown (attempted within last 12h)
[2026-05-01T16:45:34.631208+00:00] [INFO] nothing to push — all roadmap items either complete or in cooldown
[2026-05-01T16:45:34.690060+00:00] [INFO]   wrote session briefing (15 capability groups, 0 broken integrations)
[2026-05-01T16:45:34.690524+00:00] [INFO]   cycle 963 done in 1.7s, 1 actions
[2026-05-01T16:45:34.691077+00:00] [INFO]   sleeping 120s until next cycle
[2026-05-01T16:47:34.775606+00:00] [INFO] === cycle 964 ===
[2026-05-01T16:47:37.114210+00:00] [INFO]   PEER-SUPERVISOR: 1 findings (STALE)
[2026-05-01T16:47:37.114623+00:00] [INFO] === roadmap-driver cycle ===
[2026-05-01T16:47:37.516539+00:00] [INFO] budget check: budget block at 40.5%
[2026-05-01T16:47:37.536077+00:00] [INFO]   roadmap_edge_track_record_in_briefing: in cooldown (attempted within last 12h)
[2026-05-01T16:47:37.536490+00:00] [INFO] nothing to push — all roadmap items either complete or in cooldown
[2026-05-01T16:47:37.597831+00:00] [INFO]   wrote session briefing (15 capability groups, 0 broken integrations)
[2026-05-01T16:47:37.598180+00:00] [INFO]   cycle 964 done in 2.8s, 1 actions
[2026-05-01T16:47:37.598705+00:00] [INFO]   sleeping 120s until next cycle
[2026-05-01T16:49:37.640130+00:00] [INFO] === cycle 965 ===
[2026-05-01T16:49:38.866211+00:00] [INFO]   PEER-SUPERVISOR: 1 findings (STALE)
[2026-05-01T16:49:38.866629+00:00] [INFO] === roadmap-driver cycle ===
[2026-05-01T16:49:39.266793+00:00] [INFO] budget check: budget block at 40.5%
[2026-05-01T16:49:39.285956+00:00] [INFO]   roadmap_edge_track_record_in_briefing: in cooldown (attempted within last 12h)
[2026-05-01T16:49:39.286358+00:00] [INFO] nothing to push — all roadmap items either complete or in cooldown
[2026-05-01T16:49:39.346418+00:00] [INFO]   wrote session briefing (15 capability groups, 0 broken integrations)
[2026-05-01T16:49:39.346816+00:00] [INFO]   cycle 965 done in 1.7s, 1 actions
[2026-05-01T16:49:39.347364+00:00] [INFO]   sleeping 120s until next cycle
[2026-05-01T16:51:39.450080+00:00] [INFO] === cycle 966 ===
[2026-05-01T16:51:40.765052+00:00] [INFO]   PEER-SUPERVISOR: 1 findings (STALE)
[2026-05-01T16:51:40.765602+00:00] [INFO] === roadmap-driver cycle ===
[2026-05-01T16:51:41.172264+00:00] [INFO] budget check: budget block at 40.5%
[2026-05-01T16:51:41.190672+00:00] [INFO]   roadmap_edge_track_record_in_briefing: in cooldown (attempted within last 12h)
[2026-05-01T16:51:41.191215+00:00] [INFO] nothing to push — all roadmap items either complete or in cooldown
[2026-05-01T16:51:41.251450+00:00] [INFO]   wrote session briefing (15 capability groups, 0 broken integrations)
[2026-05-01T16:51:41.251783+00:00] [INFO]   cycle 966 done in 1.8s, 1 actions
[2026-05-01T16:51:41.252324+00:00] [INFO]   sleeping 120s until next cycle
[2026-05-01T16:53:41.297368+00:00] [INFO] === cycle 967 ===
[2026-05-01T16:53:43.624199+00:00] [INFO]   PEER-SUPERVISOR: 1 findings (STALE)
[2026-05-01T16:53:43.624599+00:00] [INFO] === roadmap-driver cycle ===
[2026-05-01T16:53:44.028128+00:00] [INFO] budget check: budget block at 43.5%
[2026-05-01T16:53:44.047665+00:00] [INFO]   roadmap_edge_track_record_in_briefing: in cooldown (attempted within last 12h)
[2026-05-01T16:53:44.048140+00:00] [INFO] nothing to push — all roadmap items either complete or in cooldown
[2026-05-01T16:53:44.101305+00:00] [INFO]   wrote session briefing (15 capability groups, 0 broken integrations)
[2026-05-01T16:53:44.101609+00:00] [INFO]   cycle 967 done in 2.8s, 1 actions
[2026-05-01T16:53:44.102118+00:00] [INFO]   sleeping 120s until next cycle
[2026-05-01T16:55:44.158599+00:00] [INFO] === cycle 968 ===
[2026-05-01T16:55:45.482260+00:00] [INFO]   PEER-SUPERVISOR: 1 findings (STALE)
[2026-05-01T16:55:45.482784+00:00] [INFO] === roadmap-driver cycle ===
[2026-05-01T16:55:45.889134+00:00] [INFO] budget check: budget block at 42.0%
[2026-05-01T16:55:45.908767+00:00] [INFO]   roadmap_edge_track_record_in_briefing: in cooldown (attempted within last 12h)
[2026-05-01T16:55:45.909406+00:00] [INFO] nothing to push — all roadmap items either complete or in cooldown
[2026-05-01T16:55:45.982364+00:00] [INFO]   wrote session briefing (15 capability groups, 0 broken integrations)
[2026-05-01T16:55:45.982538+00:00] [INFO]   cycle 968 done in 1.8s, 1 actions
[2026-05-01T16:55:45.983098+00:00] [INFO]   sleeping 120s until next cycle
[2026-05-01T16:57:46.112512+00:00] [INFO] === cycle 969 ===
[2026-05-01T16:57:47.866797+00:00] [INFO]   PEER-SUPERVISOR: 1 findings (STALE)
[2026-05-01T16:57:47.867213+00:00] [INFO] === roadmap-driver cycle ===
[2026-05-01T16:57:48.268498+00:00] [INFO] budget check: budget block at 42.0%
[2026-05-01T16:57:48.287852+00:00] [INFO]   roadmap_edge_track_record_in_briefing: in cooldown (attempted within last 12h)
[2026-05-01T16:57:48.288251+00:00] [INFO] nothing to push — all roadmap items either complete or in cooldown
[2026-05-01T16:57:48.346182+00:00] [INFO]   wrote session briefing (15 capability groups, 0 broken integrations)
[2026-05-01T16:57:48.346619+00:00] [INFO]   cycle 969 done in 2.2s, 1 actions
[2026-05-01T16:57:48.347124+00:00] [INFO]   sleeping 120s until next cycle
[2026-05-01T16:59:48.369983+00:00] [INFO] === cycle 970 ===
[2026-05-01T16:59:50.413869+00:00] [INFO] === roadmap-driver cycle ===
[2026-05-01T16:59:50.816002+00:00] [INFO] budget check: budget block at 42.0%
[2026-05-01T16:59:50.835346+00:00] [INFO]   roadmap_edge_track_record_in_briefing: in cooldown (attempted within last 12h)
[2026-05-01T16:59:50.835723+00:00] [INFO] nothing to push — all roadmap items either complete or in cooldown
[2026-05-01T16:59:50.891473+00:00] [INFO]   wrote session briefing (15 capability groups, 0 broken integrations)
[2026-05-01T16:59:50.891806+00:00] [INFO]   cycle 970 done in 2.5s, 0 actions
[2026-05-01T16:59:50.892304+00:00] [INFO]   sleeping 900s until next cycle
[2026-05-01T17:14:51.006981+00:00] [INFO] === cycle 971 ===
[2026-05-01T17:14:52.248236+00:00] [INFO]   PEER-SUPERVISOR: 1 findings (STALE)
[2026-05-01T17:14:52.248643+00:00] [INFO] === roadmap-driver cycle ===
[2026-05-01T17:14:52.668644+00:00] [INFO] budget check: budget block at 43.5%
[2026-05-01T17:14:52.690287+00:00] [INFO]   roadmap_edge_track_record_in_briefing: in cooldown (attempted within last 12h)
[2026-05-01T17:14:52.691124+00:00] [INFO] nothing to push — all roadmap items either complete or in cooldown
[2026-05-01T17:14:52.750331+00:00] [INFO]   wrote session briefing (15 capability groups, 0 broken integrations)
[2026-05-01T17:14:52.750671+00:00] [INFO]   cycle 971 done in 1.7s, 1 actions
[2026-05-01T17:14:52.751191+00:00] [INFO]   sleeping 120s until next cycle
[2026-05-01T17:16:52.762935+00:00] [INFO] === cycle 972 ===
[2026-05-01T17:16:54.817473+00:00] [INFO]   PEER-SUPERVISOR: 1 findings (STALE)
[2026-05-01T17:16:54.817991+00:00] [INFO] === roadmap-driver cycle ===
[2026-05-01T17:16:55.224125+00:00] [INFO] budget check: budget block at 44.5%
[2026-05-01T17:16:55.243085+00:00] [INFO]   roadmap_edge_track_record_in_briefing: in cooldown (attempted within last 12h)
[2026-05-01T17:16:55.243599+00:00] [INFO] nothing to push — all roadmap items either complete or in cooldown
[2026-05-01T17:16:55.313347+00:00] [INFO]   wrote session briefing (15 capability groups, 0 broken integrations)
[2026-05-01T17:16:55.313670+00:00] [INFO]   cycle 972 done in 2.6s, 1 actions
[2026-05-01T17:16:55.314180+00:00] [INFO]   sleeping 120s until next cycle
[2026-05-01T17:18:55.334881+00:00] [INFO] === cycle 973 ===
[2026-05-01T17:18:56.518099+00:00] [INFO]   PEER-SUPERVISOR: 1 findings (STALE)
[2026-05-01T17:18:56.518504+00:00] [INFO] === roadmap-driver cycle ===
[2026-05-01T17:18:56.920891+00:00] [INFO] budget check: budget block at 44.5%
[2026-05-01T17:18:56.939815+00:00] [INFO]   roadmap_edge_track_record_in_briefing: in cooldown (attempted within last 12h)
[2026-05-01T17:18:56.940195+00:00] [INFO] nothing to push — all roadmap items either complete or in cooldown
[2026-05-01T17:18:56.988154+00:00] [INFO]   wrote session briefing (15 capability groups, 0 broken integrations)
[2026-05-01T17:18:56.988516+00:00] [INFO]   cycle 973 done in 1.7s, 1 actions
[2026-05-01T17:18:56.989116+00:00] [INFO]   sleeping 120s until next cycle
[2026-05-01T17:20:57.062806+00:00] [INFO] === cycle 974 ===
[2026-05-01T17:20:58.473902+00:00] [INFO]   PEER-SUPERVISOR: 1 findings (STALE)
[2026-05-01T17:20:58.474420+00:00] [INFO] === roadmap-driver cycle ===
[2026-05-01T17:20:58.880416+00:00] [INFO] budget check: budget block at 44.5%
[2026-05-01T17:20:58.900474+00:00] [INFO]   roadmap_edge_track_record_in_briefing: in cooldown (attempted within last 12h)
[2026-05-01T17:20:58.900959+00:00] [INFO] nothing to push — all roadmap items either complete or in cooldown
[2026-05-01T17:20:58.970953+00:00] [INFO]   wrote session briefing (15 capability groups, 0 broken integrations)
[2026-05-01T17:20:58.971289+00:00] [INFO]   cycle 974 done in 1.9s, 1 actions
[2026-05-01T17:20:58.971798+00:00] [INFO]   sleeping 120s until next cycle
[2026-05-01T17:22:59.093397+00:00] [INFO] === cycle 975 ===
[2026-05-01T17:23:01.536505+00:00] [INFO]   PEER-SUPERVISOR: 1 findings (STALE)
[2026-05-01T17:23:01.537036+00:00] [INFO] === roadmap-driver cycle ===
[2026-05-01T17:23:01.942306+00:00] [INFO] budget check: budget block at 44.5%
[2026-05-01T17:23:01.964521+00:00] [INFO]   roadmap_edge_track_record_in_briefing: in cooldown (attempted within last 12h)
[2026-05-01T17:23:01.965023+00:00] [INFO] nothing to push — all roadmap items either complete or in cooldown
[2026-05-01T17:23:02.034117+00:00] [INFO]   wrote session briefing (15 capability groups, 0 broken integrations)
[2026-05-01T17:23:02.034437+00:00] [INFO]   cycle 975 done in 2.9s, 1 actions
[2026-05-01T17:23:02.034948+00:00] [INFO]   sleeping 120s until next cycle
[2026-05-01T17:25:02.045055+00:00] [INFO] === cycle 976 ===
[2026-05-01T17:25:03.176958+00:00] [INFO]   PEER-SUPERVISOR: 1 findings (STALE)
[2026-05-01T17:25:03.177352+00:00] [INFO] === roadmap-driver cycle ===
[2026-05-01T17:25:03.579409+00:00] [INFO] budget check: budget block at 44.5%
[2026-05-01T17:25:03.600182+00:00] [INFO]   roadmap_edge_track_record_in_briefing: in cooldown (attempted within last 12h)
[2026-05-01T17:25:03.600595+00:00] [INFO] nothing to push — all roadmap items either complete or in cooldown
[2026-05-01T17:25:03.658719+00:00] [INFO]   wrote session briefing (15 capability groups, 0 broken integrations)
[2026-05-01T17:25:03.659105+00:00] [INFO]   cycle 976 done in 1.6s, 1 actions
[2026-05-01T17:25:03.659695+00:00] [INFO]   sleeping 120s until next cycle
[2026-05-01T17:27:03.713180+00:00] [INFO] === cycle 977 ===
[2026-05-01T17:27:05.042790+00:00] [INFO]   PEER-SUPERVISOR: 1 findings (STALE)
[2026-05-01T17:27:05.043338+00:00] [INFO] === roadmap-driver cycle ===
[2026-05-01T17:27:05.451682+00:00] [INFO] budget check: budget block at 46.0%
[2026-05-01T17:27:05.474298+00:00] [INFO]   roadmap_edge_track_record_in_briefing: in cooldown (attempted within last 12h)
[2026-05-01T17:27:05.474822+00:00] [INFO] nothing to push — all roadmap items either complete or in cooldown
[2026-05-01T17:27:05.542404+00:00] [INFO]   wrote session briefing (15 capability groups, 0 broken integrations)
[2026-05-01T17:27:05.542784+00:00] [INFO]   cycle 977 done in 1.8s, 1 actions
[2026-05-01T17:27:05.543309+00:00] [INFO]   sleeping 120s until next cycle
[2026-05-01T17:29:05.678351+00:00] [INFO] === cycle 978 ===
[2026-05-01T17:29:06.912217+00:00] [INFO] === roadmap-driver cycle ===
[2026-05-01T17:29:07.321005+00:00] [INFO] budget check: budget block at 45.5%
[2026-05-01T17:29:07.339808+00:00] [INFO]   roadmap_edge_track_record_in_briefing: in cooldown (attempted within last 12h)
[2026-05-01T17:29:07.341523+00:00] [INFO] nothing to push — all roadmap items either complete or in cooldown
[2026-05-01T17:29:07.394034+00:00] [INFO]   wrote session briefing (15 capability groups, 0 broken integrations)
[2026-05-01T17:29:07.394360+00:00] [INFO]   cycle 978 done in 1.7s, 0 actions
[2026-05-01T17:29:07.394899+00:00] [INFO]   sleeping 900s until next cycle
[2026-05-01T17:44:07.517300+00:00] [INFO] === cycle 979 ===
[2026-05-01T17:44:07.522535+00:00] [INFO]   refreshing capability manifest
[2026-05-01T17:44:12.558475+00:00] [INFO]   PEER-SUPERVISOR: 1 findings (STALE)
[2026-05-01T17:44:12.558926+00:00] [INFO] === roadmap-driver cycle ===
[2026-05-01T17:44:12.956661+00:00] [INFO] budget check: budget block at 46.0%
[2026-05-01T17:44:12.974009+00:00] [INFO]   roadmap_edge_track_record_in_briefing: in cooldown (attempted within last 12h)
[2026-05-01T17:44:12.974227+00:00] [INFO] nothing to push — all roadmap items either complete or in cooldown
[2026-05-01T17:44:13.032349+00:00] [INFO]   wrote session briefing (15 capability groups, 0 broken integrations)
[2026-05-01T17:44:13.032692+00:00] [INFO]   cycle 979 done in 5.5s, 1 actions
[2026-05-01T17:44:13.033185+00:00] [INFO]   sleeping 120s until next cycle
[2026-05-01T17:46:13.180091+00:00] [INFO] === cycle 980 ===
[2026-05-01T17:46:14.497409+00:00] [INFO]   PEER-SUPERVISOR: 1 findings (STALE)
[2026-05-01T17:46:14.497816+00:00] [INFO] === roadmap-driver cycle ===
[2026-05-01T17:46:14.884239+00:00] [INFO] budget check: budget block at 46.0%
[2026-05-01T17:46:14.903547+00:00] [INFO]   roadmap_edge_track_record_in_briefing: in cooldown (attempted within last 12h)
[2026-05-01T17:46:14.904159+00:00] [INFO] nothing to push — all roadmap items either complete or in cooldown
[2026-05-01T17:46:14.973120+00:00] [INFO]   wrote session briefing (15 capability groups, 0 broken integrations)
[2026-05-01T17:46:14.973479+00:00] [INFO]   cycle 980 done in 1.8s, 1 actions
[2026-05-01T17:46:14.974002+00:00] [INFO]   sleeping 120s until next cycle
[2026-05-01T17:48:15.085066+00:00] [INFO] === cycle 981 ===
[2026-05-01T17:48:16.677271+00:00] [INFO]   PEER-SUPERVISOR: 1 findings (STALE)
[2026-05-01T17:48:16.677805+00:00] [INFO] === roadmap-driver cycle ===
[2026-05-01T17:48:17.065146+00:00] [INFO] budget check: budget block at 46.0%
[2026-05-01T17:48:17.086533+00:00] [INFO]   roadmap_edge_track_record_in_briefing: in cooldown (attempted within last 12h)
[2026-05-01T17:48:17.087030+00:00] [INFO] nothing to push — all roadmap items either complete or in cooldown
[2026-05-01T17:48:17.163047+00:00] [INFO]   wrote session briefing (15 capability groups, 0 broken integrations)
[2026-05-01T17:48:17.163398+00:00] [INFO]   cycle 981 done in 2.1s, 1 actions
[2026-05-01T17:48:17.163902+00:00] [INFO]   sleeping 120s until next cycle
[2026-05-01T17:50:17.213444+00:00] [INFO] === cycle 982 ===
[2026-05-01T17:50:19.149644+00:00] [INFO]   PEER-SUPERVISOR: 1 findings (STALE)
[2026-05-01T17:50:19.150097+00:00] [INFO] === roadmap-driver cycle ===
[2026-05-01T17:50:19.537943+00:00] [INFO] budget check: budget block at 46.5%
[2026-05-01T17:50:19.558999+00:00] [INFO]   roadmap_edge_track_record_in_briefing: in cooldown (attempted within last 12h)
[2026-05-01T17:50:19.559509+00:00] [INFO] nothing to push — all roadmap items either complete or in cooldown
[2026-05-01T17:50:19.634451+00:00] [INFO]   wrote session briefing (15 capability groups, 0 broken integrations)
[2026-05-01T17:50:19.634778+00:00] [INFO]   cycle 982 done in 2.4s, 1 actions
[2026-05-01T17:50:19.635299+00:00] [INFO]   sleeping 120s until next cycle
[2026-05-01T17:52:19.752356+00:00] [INFO] === cycle 983 ===
[2026-05-01T17:52:21.180114+00:00] [INFO]   PEER-SUPERVISOR: 1 findings (STALE)
[2026-05-01T17:52:21.180648+00:00] [INFO] === roadmap-driver cycle ===
[2026-05-01T17:52:21.567492+00:00] [INFO] budget check: budget block at 46.5%
[2026-05-01T17:52:21.589853+00:00] [INFO]   roadmap_edge_track_record_in_briefing: in cooldown (attempted within last 12h)
[2026-05-01T17:52:21.590367+00:00] [INFO] nothing to push — all roadmap items either complete or in cooldown
[2026-05-01T17:52:21.659741+00:00] [INFO]   wrote session briefing (15 capability groups, 0 broken integrations)
[2026-05-01T17:52:21.660054+00:00] [INFO]   cycle 983 done in 1.9s, 1 actions
[2026-05-01T17:52:21.660617+00:00] [INFO]   sleeping 120s until next cycle
[2026-05-01T17:54:21.682220+00:00] [INFO] === cycle 984 ===
[2026-05-01T17:54:23.093455+00:00] [INFO]   PEER-SUPERVISOR: 1 findings (STALE)
[2026-05-01T17:54:23.093848+00:00] [INFO] === roadmap-driver cycle ===
[2026-05-01T17:54:23.483052+00:00] [INFO] budget check: budget block at 46.5%
[2026-05-01T17:54:23.502656+00:00] [INFO]   roadmap_edge_track_record_in_briefing: in cooldown (attempted within last 12h)
[2026-05-01T17:54:23.503063+00:00] [INFO] nothing to push — all roadmap items either complete or in cooldown
[2026-05-01T17:54:23.570835+00:00] [INFO]   wrote session briefing (15 capability groups, 0 broken integrations)
[2026-05-01T17:54:23.571205+00:00] [INFO]   cycle 984 done in 1.9s, 1 actions
[2026-05-01T17:54:23.571728+00:00] [INFO]   sleeping 120s until next cycle
[2026-05-01T17:56:23.596878+00:00] [INFO] === cycle 985 ===
[2026-05-01T17:56:24.824434+00:00] [INFO]   PEER-SUPERVISOR: 1 findings (STALE)
[2026-05-01T17:56:24.824827+00:00] [INFO] === roadmap-driver cycle ===
[2026-05-01T17:56:25.238344+00:00] [INFO] budget check: budget block at 46.5%
[2026-05-01T17:56:25.258131+00:00] [INFO]   roadmap_edge_track_record_in_briefing: in cooldown (attempted within last 12h)
[2026-05-01T17:56:25.258520+00:00] [INFO] nothing to push — all roadmap items either complete or in cooldown
[2026-05-01T17:56:25.328592+00:00] [INFO]   wrote session briefing (15 capability groups, 0 broken integrations)
[2026-05-01T17:56:25.328895+00:00] [INFO]   cycle 985 done in 1.7s, 1 actions
[2026-05-01T17:56:25.329391+00:00] [INFO]   sleeping 120s until next cycle
[2026-05-01T17:58:25.400467+00:00] [INFO] === cycle 986 ===
[2026-05-01T17:58:27.121998+00:00] [INFO]   PEER-SUPERVISOR: 1 findings (STALE)
[2026-05-01T17:58:27.122409+00:00] [INFO] === roadmap-driver cycle ===
[2026-05-01T17:58:27.508164+00:00] [INFO] budget check: budget block at 46.5%
[2026-05-01T17:58:27.528957+00:00] [INFO]   roadmap_edge_track_record_in_briefing: in cooldown (attempted within last 12h)
[2026-05-01T17:58:27.529346+00:00] [INFO] nothing to push — all roadmap items either complete or in cooldown
[2026-05-01T17:58:27.601526+00:00] [INFO]   wrote session briefing (15 capability groups, 0 broken integrations)
[2026-05-01T17:58:27.601869+00:00] [INFO]   cycle 986 done in 2.2s, 1 actions
[2026-05-01T17:58:27.602391+00:00] [INFO]   sleeping 120s until next cycle
[2026-05-01T18:00:27.753474+00:00] [INFO] === cycle 987 ===
[2026-05-01T18:00:29.460256+00:00] [INFO] === roadmap-driver cycle ===
[2026-05-01T18:00:29.920121+00:00] [INFO] budget check: budget block at 47.0%
[2026-05-01T18:00:29.939651+00:00] [INFO]   roadmap_edge_track_record_in_briefing: in cooldown (attempted within last 12h)
[2026-05-01T18:00:29.940163+00:00] [INFO] nothing to push — all roadmap items either complete or in cooldown
[2026-05-01T18:00:30.000818+00:00] [INFO]   wrote session briefing (15 capability groups, 0 broken integrations)
[2026-05-01T18:00:30.001162+00:00] [INFO]   cycle 987 done in 2.2s, 0 actions
[2026-05-01T18:00:30.001704+00:00] [INFO]   sleeping 900s until next cycle
[2026-05-01T18:15:30.026641+00:00] [INFO] === cycle 988 ===
[2026-05-01T18:15:32.515214+00:00] [INFO]   PEER-SUPERVISOR: 1 findings (STALE)
[2026-05-01T18:15:32.515752+00:00] [INFO] === roadmap-driver cycle ===
[2026-05-01T18:15:32.907395+00:00] [INFO] budget check: budget block at 48.5%
[2026-05-01T18:15:32.926608+00:00] [INFO]   roadmap_edge_track_record_in_briefing: in cooldown (attempted within last 12h)
[2026-05-01T18:15:32.927092+00:00] [INFO] nothing to push — all roadmap items either complete or in cooldown
[2026-05-01T18:15:32.998117+00:00] [INFO]   wrote session briefing (15 capability groups, 0 broken integrations)
[2026-05-01T18:15:32.998403+00:00] [INFO]   cycle 988 done in 3.0s, 1 actions
[2026-05-01T18:15:32.998953+00:00] [INFO]   sleeping 120s until next cycle
[2026-05-01T18:17:33.005942+00:00] [INFO] === cycle 989 ===
[2026-05-01T18:17:35.067523+00:00] [INFO]   PEER-SUPERVISOR: 1 findings (STALE)
[2026-05-01T18:17:35.068049+00:00] [INFO] === roadmap-driver cycle ===
[2026-05-01T18:17:35.457642+00:00] [INFO] budget check: budget block at 48.5%
[2026-05-01T18:17:35.480153+00:00] [INFO]   roadmap_edge_track_record_in_briefing: in cooldown (attempted within last 12h)
[2026-05-01T18:17:35.480653+00:00] [INFO] nothing to push — all roadmap items either complete or in cooldown
[2026-05-01T18:17:35.549125+00:00] [INFO]   wrote session briefing (15 capability groups, 0 broken integrations)
[2026-05-01T18:17:35.549441+00:00] [INFO]   cycle 989 done in 2.5s, 1 actions
[2026-05-01T18:17:35.549937+00:00] [INFO]   sleeping 120s until next cycle
[2026-05-01T18:19:35.674798+00:00] [INFO] === cycle 990 ===
[2026-05-01T18:19:37.508116+00:00] [INFO]   PEER-SUPERVISOR: 1 findings (STALE)
[2026-05-01T18:19:37.508533+00:00] [INFO] === roadmap-driver cycle ===
[2026-05-01T18:19:37.895191+00:00] [INFO] budget check: budget block at 48.5%
[2026-05-01T18:19:37.914544+00:00] [INFO]   roadmap_edge_track_record_in_briefing: in cooldown (attempted within last 12h)
[2026-05-01T18:19:37.914921+00:00] [INFO] nothing to push — all roadmap items either complete or in cooldown
[2026-05-01T18:19:37.983973+00:00] [INFO]   wrote session briefing (15 capability groups, 0 broken integrations)
[2026-05-01T18:19:37.984295+00:00] [INFO]   cycle 990 done in 2.3s, 1 actions
[2026-05-01T18:19:37.984794+00:00] [INFO]   sleeping 120s until next cycle
[2026-05-01T18:21:38.108090+00:00] [INFO] === cycle 991 ===
[2026-05-01T18:21:39.422108+00:00] [INFO]   PEER-SUPERVISOR: 1 findings (STALE)
[2026-05-01T18:21:39.422637+00:00] [INFO] === roadmap-driver cycle ===
[2026-05-01T18:21:39.811261+00:00] [INFO] budget check: budget block at 47.5%
[2026-05-01T18:21:39.829243+00:00] [INFO]   roadmap_edge_track_record_in_briefing: in cooldown (attempted within last 12h)
[2026-05-01T18:21:39.829787+00:00] [INFO] nothing to push — all roadmap items either complete or in cooldown
[2026-05-01T18:21:39.911168+00:00] [INFO]   wrote session briefing (15 capability groups, 0 broken integrations)
[2026-05-01T18:21:39.911498+00:00] [INFO]   cycle 991 done in 1.8s, 1 actions
[2026-05-01T18:21:39.912004+00:00] [INFO]   sleeping 120s until next cycle
[2026-05-01T18:23:40.017439+00:00] [INFO] === cycle 992 ===
[2026-05-01T18:23:42.362125+00:00] [INFO]   PEER-SUPERVISOR: 1 findings (STALE)
[2026-05-01T18:23:42.362519+00:00] [INFO] === roadmap-driver cycle ===
[2026-05-01T18:23:42.754755+00:00] [INFO] budget check: budget block at 49.0%
[2026-05-01T18:23:42.774849+00:00] [INFO]   roadmap_edge_track_record_in_briefing: in cooldown (attempted within last 12h)
[2026-05-01T18:23:42.775384+00:00] [INFO] nothing to push — all roadmap items either complete or in cooldown
[2026-05-01T18:23:42.825896+00:00] [INFO]   wrote session briefing (15 capability groups, 0 broken integrations)
[2026-05-01T18:23:42.826243+00:00] [INFO]   cycle 992 done in 2.8s, 1 actions
[2026-05-01T18:23:42.826767+00:00] [INFO]   sleeping 120s until next cycle
[2026-05-01T18:25:42.900671+00:00] [INFO] === cycle 993 ===
[2026-05-01T18:25:44.005491+00:00] [INFO]   PEER-SUPERVISOR: 1 findings (STALE)
[2026-05-01T18:25:44.005901+00:00] [INFO] === roadmap-driver cycle ===
[2026-05-01T18:25:44.395612+00:00] [INFO] budget check: budget block at 49.0%
[2026-05-01T18:25:44.413331+00:00] [INFO]   roadmap_edge_track_record_in_briefing: in cooldown (attempted within last 12h)
[2026-05-01T18:25:44.413740+00:00] [INFO] nothing to push — all roadmap items either complete or in cooldown
[2026-05-01T18:25:44.465406+00:00] [INFO]   wrote session briefing (15 capability groups, 0 broken integrations)
[2026-05-01T18:25:44.465761+00:00] [INFO]   cycle 993 done in 1.6s, 1 actions
[2026-05-01T18:25:44.466321+00:00] [INFO]   sleeping 120s until next cycle
[2026-05-01T18:27:44.593504+00:00] [INFO] === cycle 994 ===
[2026-05-01T18:27:45.823657+00:00] [INFO]   PEER-SUPERVISOR: 1 findings (STALE)
[2026-05-01T18:27:45.824032+00:00] [INFO] === roadmap-driver cycle ===
[2026-05-01T18:27:46.228113+00:00] [INFO] budget check: budget block at 49.0%
[2026-05-01T18:27:46.246101+00:00] [INFO]   roadmap_edge_track_record_in_briefing: in cooldown (attempted within last 12h)
[2026-05-01T18:27:46.246509+00:00] [INFO] nothing to push — all roadmap items either complete or in cooldown
[2026-05-01T18:27:46.306336+00:00] [INFO]   wrote session briefing (15 capability groups, 0 broken integrations)
[2026-05-01T18:27:46.306691+00:00] [INFO]   cycle 994 done in 1.7s, 1 actions
[2026-05-01T18:27:46.307197+00:00] [INFO]   sleeping 120s until next cycle
[2026-05-01T18:29:46.453568+00:00] [INFO] === cycle 995 ===
[2026-05-01T18:29:47.976685+00:00] [INFO] === roadmap-driver cycle ===
[2026-05-01T18:29:48.367612+00:00] [INFO] budget check: budget block at 49.0%
[2026-05-01T18:29:48.387175+00:00] [INFO]   roadmap_edge_track_record_in_briefing: in cooldown (attempted within last 12h)
[2026-05-01T18:29:48.387579+00:00] [INFO] nothing to push — all roadmap items either complete or in cooldown
[2026-05-01T18:29:48.446232+00:00] [INFO]   wrote session briefing (15 capability groups, 0 broken integrations)
[2026-05-01T18:29:48.446636+00:00] [INFO]   cycle 995 done in 2.0s, 0 actions
[2026-05-01T18:29:48.447167+00:00] [INFO]   sleeping 900s until next cycle
[2026-05-01T18:44:48.560358+00:00] [INFO] === cycle 996 ===
[2026-05-01T18:44:50.154112+00:00] [INFO] === roadmap-driver cycle ===
[2026-05-01T18:44:50.541757+00:00] [INFO] budget check: budget block at 48.5%
[2026-05-01T18:44:50.560388+00:00] [INFO]   roadmap_edge_track_record_in_briefing: in cooldown (attempted within last 12h)
[2026-05-01T18:44:50.560938+00:00] [INFO] nothing to push — all roadmap items either complete or in cooldown
[2026-05-01T18:44:50.618876+00:00] [INFO]   wrote session briefing (15 capability groups, 0 broken integrations)
[2026-05-01T18:44:50.619218+00:00] [INFO]   cycle 996 done in 2.1s, 0 actions
[2026-05-01T18:44:50.619781+00:00] [INFO]   sleeping 900s until next cycle
[2026-05-01T18:59:50.639370+00:00] [INFO] === cycle 997 ===
[2026-05-01T18:59:53.063612+00:00] [INFO] === roadmap-driver cycle ===
[2026-05-01T18:59:53.455505+00:00] [INFO] budget check: budget block at 47.0%
[2026-05-01T18:59:53.475156+00:00] [INFO]   roadmap_edge_track_record_in_briefing: in cooldown (attempted within last 12h)
[2026-05-01T18:59:53.475678+00:00] [INFO] nothing to push — all roadmap items either complete or in cooldown
[2026-05-01T18:59:53.533576+00:00] [INFO]   wrote session briefing (15 capability groups, 0 broken integrations)
[2026-05-01T18:59:53.533862+00:00] [INFO]   cycle 997 done in 2.9s, 0 actions
[2026-05-01T18:59:53.534378+00:00] [INFO]   sleeping 900s until next cycle
[2026-05-01T19:14:53.632340+00:00] [INFO] === cycle 998 ===
[2026-05-01T19:14:56.132457+00:00] [INFO] === roadmap-driver cycle ===
[2026-05-01T19:14:56.526962+00:00] [INFO] budget check: budget block at 45.5%
[2026-05-01T19:14:56.548444+00:00] [INFO]   roadmap_edge_track_record_in_briefing: in cooldown (attempted within last 12h)
[2026-05-01T19:14:56.548959+00:00] [INFO] nothing to push — all roadmap items either complete or in cooldown
[2026-05-01T19:14:56.625225+00:00] [INFO]   wrote session briefing (15 capability groups, 0 broken integrations)
[2026-05-01T19:14:56.625543+00:00] [INFO]   cycle 998 done in 3.0s, 0 actions
[2026-05-01T19:14:56.626106+00:00] [INFO]   sleeping 900s until next cycle
[2026-05-01T19:29:56.720842+00:00] [INFO] === cycle 999 ===
[2026-05-01T19:29:58.062299+00:00] [INFO] === roadmap-driver cycle ===
[2026-05-01T19:29:58.470640+00:00] [INFO] budget check: budget block at 45.5%
[2026-05-01T19:29:58.490238+00:00] [INFO]   roadmap_edge_track_record_in_briefing: in cooldown (attempted within last 12h)
[2026-05-01T19:29:58.490778+00:00] [INFO] nothing to push — all roadmap items either complete or in cooldown
[2026-05-01T19:29:58.559390+00:00] [INFO]   wrote session briefing (15 capability groups, 0 broken integrations)
[2026-05-01T19:29:58.559700+00:00] [INFO]   cycle 999 done in 1.8s, 0 actions
[2026-05-01T19:29:58.560201+00:00] [INFO]   sleeping 900s until next cycle
[2026-05-01T19:44:58.692837+00:00] [INFO] === cycle 1000 ===
[2026-05-01T19:45:01.208777+00:00] [INFO] === roadmap-driver cycle ===
[2026-05-01T19:45:01.602125+00:00] [INFO] budget check: budget block at 46.5%
[2026-05-01T19:45:01.622642+00:00] [INFO]   roadmap_edge_track_record_in_briefing: in cooldown (attempted within last 12h)
[2026-05-01T19:45:01.623123+00:00] [INFO] nothing to push — all roadmap items either complete or in cooldown
[2026-05-01T19:45:01.691568+00:00] [INFO]   wrote session briefing (15 capability groups, 0 broken integrations)
[2026-05-01T19:45:01.691938+00:00] [INFO]   cycle 1000 done in 3.0s, 0 actions
[2026-05-01T19:45:01.692483+00:00] [INFO]   sleeping 900s until next cycle
[2026-05-01T20:00:01.767593+00:00] [INFO] === cycle 1001 ===
[2026-05-01T20:00:03.806566+00:00] [INFO] === roadmap-driver cycle ===
[2026-05-01T20:00:04.205889+00:00] [INFO] budget check: budget block at 45.5%
[2026-05-01T20:00:04.231662+00:00] [INFO]   roadmap_edge_track_record_in_briefing: in cooldown (attempted within last 12h)
[2026-05-01T20:00:04.232148+00:00] [INFO] nothing to push — all roadmap items either complete or in cooldown
[2026-05-01T20:00:04.284188+00:00] [INFO]   wrote session briefing (15 capability groups, 0 broken integrations)
[2026-05-01T20:00:04.284501+00:00] [INFO]   cycle 1001 done in 2.5s, 0 actions
[2026-05-01T20:00:04.284990+00:00] [INFO]   sleeping 900s until next cycle
[2026-05-01T20:15:04.385573+00:00] [INFO] === cycle 1002 ===
[2026-05-01T20:15:06.365712+00:00] [INFO] === roadmap-driver cycle ===
[2026-05-01T20:15:06.760741+00:00] [INFO] budget check: budget block at 47.5%
[2026-05-01T20:15:06.778327+00:00] [INFO]   roadmap_edge_track_record_in_briefing: in cooldown (attempted within last 12h)
[2026-05-01T20:15:06.778826+00:00] [INFO] nothing to push — all roadmap items either complete or in cooldown
[2026-05-01T20:15:06.834852+00:00] [INFO]   wrote session briefing (15 capability groups, 0 broken integrations)
[2026-05-01T20:15:06.835197+00:00] [INFO]   cycle 1002 done in 2.4s, 0 actions
[2026-05-01T20:15:06.835725+00:00] [INFO]   sleeping 900s until next cycle
[2026-05-01T20:30:06.948202+00:00] [INFO] === cycle 1003 ===
[2026-05-01T20:30:08.562117+00:00] [INFO] === roadmap-driver cycle ===
[2026-05-01T20:30:08.965757+00:00] [INFO] budget check: budget block at 47.0%
[2026-05-01T20:30:08.985748+00:00] [INFO]   roadmap_edge_track_record_in_briefing: in cooldown (attempted within last 12h)
[2026-05-01T20:30:08.986245+00:00] [INFO] nothing to push — all roadmap items either complete or in cooldown
[2026-05-01T20:30:09.039128+00:00] [INFO]   wrote session briefing (15 capability groups, 0 broken integrations)
[2026-05-01T20:30:09.039466+00:00] [INFO]   cycle 1003 done in 2.1s, 0 actions
[2026-05-01T20:30:09.040023+00:00] [INFO]   sleeping 900s until next cycle
[2026-05-01T20:45:09.063249+00:00] [INFO] === cycle 1004 ===
[2026-05-01T20:45:11.553246+00:00] [INFO] === roadmap-driver cycle ===
[2026-05-01T20:45:11.974951+00:00] [INFO] budget check: budget block at 47.0%
[2026-05-01T20:45:11.998446+00:00] [INFO]   roadmap_edge_track_record_in_briefing: in cooldown (attempted within last 12h)
[2026-05-01T20:45:11.998900+00:00] [INFO] nothing to push — all roadmap items either complete or in cooldown
[2026-05-01T20:45:12.093924+00:00] [INFO]   wrote session briefing (15 capability groups, 0 broken integrations)
[2026-05-01T20:45:12.094237+00:00] [INFO]   cycle 1004 done in 3.0s, 0 actions
[2026-05-01T20:45:12.094783+00:00] [INFO]   sleeping 900s until next cycle
[2026-05-01T21:00:12.226685+00:00] [INFO] === cycle 1005 ===
[2026-05-01T21:00:13.581479+00:00] [INFO] === roadmap-driver cycle ===
[2026-05-01T21:00:13.982059+00:00] [INFO] budget check: budget block at 48.5%
[2026-05-01T21:00:14.006718+00:00] [INFO]   roadmap_edge_track_record_in_briefing: in cooldown (attempted within last 12h)
[2026-05-01T21:00:14.007251+00:00] [INFO] nothing to push — all roadmap items either complete or in cooldown
[2026-05-01T21:00:14.086428+00:00] [INFO]   wrote session briefing (15 capability groups, 0 broken integrations)
[2026-05-01T21:00:14.086742+00:00] [INFO]   cycle 1005 done in 1.9s, 0 actions
[2026-05-01T21:00:14.087288+00:00] [INFO]   sleeping 900s until next cycle
[2026-05-01T21:15:14.169546+00:00] [INFO] === cycle 1006 ===
[2026-05-01T21:15:16.082075+00:00] [INFO] === roadmap-driver cycle ===
[2026-05-01T21:15:16.495785+00:00] [INFO] budget check: budget block at 71.0% >= 70% threshold
[2026-05-01T21:15:16.495915+00:00] [INFO] SKIP — budget threshold exceeded
[2026-05-01T21:15:16.496132+00:00] [INFO]   ROADMAP-DRIVER status: skipped_budget
[2026-05-01T21:15:16.564683+00:00] [INFO]   wrote session briefing (15 capability groups, 0 broken integrations)
[2026-05-01T21:15:16.565030+00:00] [INFO]   cycle 1006 done in 2.4s, 0 actions
[2026-05-01T21:15:16.565627+00:00] [INFO]   sleeping 900s until next cycle
[2026-05-01T21:30:16.599758+00:00] [INFO] === cycle 1007 ===
[2026-05-01T21:30:19.199688+00:00] [INFO] === roadmap-driver cycle ===
[2026-05-01T21:30:19.609235+00:00] [INFO] budget check: budget block at 69.0%
[2026-05-01T21:30:19.627892+00:00] [INFO]   roadmap_edge_track_record_in_briefing: in cooldown (attempted within last 12h)
[2026-05-01T21:30:19.628414+00:00] [INFO] nothing to push — all roadmap items either complete or in cooldown
[2026-05-01T21:30:19.694334+00:00] [INFO]   wrote session briefing (15 capability groups, 0 broken integrations)
[2026-05-01T21:30:19.694635+00:00] [INFO]   cycle 1007 done in 3.1s, 0 actions
[2026-05-01T21:30:19.695164+00:00] [INFO]   sleeping 900s until next cycle
[2026-05-01T21:45:19.821370+00:00] [INFO] === cycle 1008 ===
[2026-05-01T21:45:19.825430+00:00] [INFO]   refreshing capability manifest
[2026-05-01T21:45:24.677655+00:00] [INFO] === roadmap-driver cycle ===
[2026-05-01T21:45:25.079507+00:00] [INFO] budget check: budget block at 71.0% >= 70% threshold
[2026-05-01T21:45:25.079643+00:00] [INFO] SKIP — budget threshold exceeded
[2026-05-01T21:45:25.079864+00:00] [INFO]   ROADMAP-DRIVER status: skipped_budget
[2026-05-01T21:45:25.137767+00:00] [INFO]   wrote session briefing (15 capability groups, 0 broken integrations)
[2026-05-01T21:45:25.138093+00:00] [INFO]   cycle 1008 done in 5.3s, 0 actions
[2026-05-01T21:45:25.138630+00:00] [INFO]   sleeping 900s until next cycle
[2026-05-01T22:00:25.181280+00:00] [INFO] === cycle 1009 ===
[2026-05-01T22:00:26.591222+00:00] [INFO] === roadmap-driver cycle ===
[2026-05-01T22:00:26.992267+00:00] [INFO] budget check: budget block at 69.5%
[2026-05-01T22:00:27.010182+00:00] [INFO]   roadmap_edge_track_record_in_briefing: in cooldown (attempted within last 12h)
[2026-05-01T22:00:27.011916+00:00] [INFO] nothing to push — all roadmap items either complete or in cooldown
[2026-05-01T22:00:27.081688+00:00] [INFO]   wrote session briefing (15 capability groups, 0 broken integrations)
[2026-05-01T22:00:27.082015+00:00] [INFO]   cycle 1009 done in 1.9s, 0 actions
[2026-05-01T22:00:27.082511+00:00] [INFO]   sleeping 900s until next cycle
[2026-05-01T22:15:27.232277+00:00] [INFO] === cycle 1010 ===
[2026-05-01T22:15:29.824500+00:00] [INFO] === roadmap-driver cycle ===
[2026-05-01T22:15:30.234447+00:00] [INFO] budget check: budget block at 68.5%
[2026-05-01T22:15:30.254071+00:00] [INFO]   PUSHED roadmap_edge_track_record_in_briefing  sev=LOW  Verify morning briefing edge-weight track record line is wir
[2026-05-01T22:15:30.256890+00:00] [INFO] === done — pushed 1 tasks, queue now 1 ===
[2026-05-01T22:15:30.257154+00:00] [INFO]   ROADMAP-DRIVER: pushed 1 build tasks (queue depth now 1)
[2026-05-01T22:15:30.326955+00:00] [INFO]   wrote session briefing (15 capability groups, 0 broken integrations)
[2026-05-01T22:15:30.327282+00:00] [INFO]   cycle 1010 done in 3.1s, 1 actions
[2026-05-01T22:15:30.327784+00:00] [INFO]   sleeping 120s until next cycle
[2026-05-01T22:17:30.375756+00:00] [INFO] === cycle 1011 ===
[2026-05-01T22:17:32.063159+00:00] [INFO] === roadmap-driver cycle ===
[2026-05-01T22:17:32.467052+00:00] [INFO] budget check: budget block at 79.5% >= 70% threshold
[2026-05-01T22:17:32.467191+00:00] [INFO] SKIP — budget threshold exceeded
[2026-05-01T22:17:32.467428+00:00] [INFO]   ROADMAP-DRIVER status: skipped_budget
[2026-05-01T22:17:32.522768+00:00] [INFO]   wrote session briefing (15 capability groups, 0 broken integrations)
[2026-05-01T22:17:32.523098+00:00] [INFO]   cycle 1011 done in 2.1s, 0 actions
[2026-05-01T22:17:32.523610+00:00] [INFO]   sleeping 900s until next cycle
[2026-05-01T22:32:32.550599+00:00] [INFO] === cycle 1012 ===
[2026-05-01T22:32:33.795983+00:00] [INFO] === roadmap-driver cycle ===
[2026-05-01T22:32:34.201923+00:00] [INFO] budget check: budget block at 79.0% >= 70% threshold
[2026-05-01T22:32:34.202032+00:00] [INFO] SKIP — budget threshold exceeded
[2026-05-01T22:32:34.202093+00:00] [INFO]   ROADMAP-DRIVER status: skipped_budget
[2026-05-01T22:32:34.266838+00:00] [INFO]   wrote session briefing (15 capability groups, 0 broken integrations)
[2026-05-01T22:32:34.267170+00:00] [INFO]   cycle 1012 done in 1.7s, 0 actions
[2026-05-01T22:32:34.267719+00:00] [INFO]   sleeping 900s until next cycle
[2026-05-01T22:47:34.290475+00:00] [INFO] === cycle 1013 ===
[2026-05-01T22:47:35.609307+00:00] [INFO] === roadmap-driver cycle ===
[2026-05-01T22:47:36.010010+00:00] [INFO] budget check: budget block at 78.0% >= 70% threshold
[2026-05-01T22:47:36.010138+00:00] [INFO] SKIP — budget threshold exceeded
[2026-05-01T22:47:36.010363+00:00] [INFO]   ROADMAP-DRIVER status: skipped_budget
[2026-05-01T22:47:36.066568+00:00] [INFO]   wrote session briefing (15 capability groups, 0 broken integrations)
[2026-05-01T22:47:36.066866+00:00] [INFO]   cycle 1013 done in 1.8s, 0 actions
[2026-05-01T22:47:36.067421+00:00] [INFO]   sleeping 900s until next cycle
[2026-05-01T23:02:36.093645+00:00] [INFO] === cycle 1014 ===
[2026-05-01T23:02:37.444738+00:00] [INFO] === roadmap-driver cycle ===
[2026-05-01T23:02:37.851375+00:00] [INFO] budget check: budget block at 78.0% >= 70% threshold
[2026-05-01T23:02:37.851517+00:00] [INFO] SKIP — budget threshold exceeded
[2026-05-01T23:02:37.851744+00:00] [INFO]   ROADMAP-DRIVER status: skipped_budget
[2026-05-01T23:02:37.920933+00:00] [INFO]   wrote session briefing (15 capability groups, 0 broken integrations)
[2026-05-01T23:02:37.921257+00:00] [INFO]   cycle 1014 done in 1.8s, 0 actions
[2026-05-01T23:02:37.921741+00:00] [INFO]   sleeping 900s until next cycle
[2026-05-01T23:17:37.944366+00:00] [INFO] === cycle 1015 ===
[2026-05-01T23:17:39.223616+00:00] [INFO] === roadmap-driver cycle ===
[2026-05-01T23:17:39.620505+00:00] [INFO] budget check: budget block at 78.5% >= 70% threshold
[2026-05-01T23:17:39.620647+00:00] [INFO] SKIP — budget threshold exceeded
[2026-05-01T23:17:39.620874+00:00] [INFO]   ROADMAP-DRIVER status: skipped_budget
[2026-05-01T23:17:39.699814+00:00] [INFO]   wrote session briefing (15 capability groups, 0 broken integrations)
[2026-05-01T23:17:39.700127+00:00] [INFO]   cycle 1015 done in 1.8s, 0 actions
[2026-05-01T23:17:39.700670+00:00] [INFO]   sleeping 900s until next cycle
[2026-05-01T23:32:39.751557+00:00] [INFO] === cycle 1016 ===
[2026-05-01T23:32:41.077966+00:00] [INFO] === roadmap-driver cycle ===
[2026-05-01T23:32:41.474796+00:00] [INFO] budget check: budget block at 79.0% >= 70% threshold
[2026-05-01T23:32:41.474938+00:00] [INFO] SKIP — budget threshold exceeded
[2026-05-01T23:32:41.475163+00:00] [INFO]   ROADMAP-DRIVER status: skipped_budget
[2026-05-01T23:32:41.576525+00:00] [INFO]   wrote session briefing (15 capability groups, 0 broken integrations)
[2026-05-01T23:32:41.576707+00:00] [INFO]   cycle 1016 done in 1.8s, 0 actions
[2026-05-01T23:32:41.577226+00:00] [INFO]   sleeping 900s until next cycle
[2026-05-01T23:47:41.693759+00:00] [INFO] === cycle 1017 ===
[2026-05-01T23:47:42.939031+00:00] [INFO] === roadmap-driver cycle ===
[2026-05-01T23:47:43.336550+00:00] [INFO] budget check: budget block at 80.0% >= 70% threshold
[2026-05-01T23:47:43.336689+00:00] [INFO] SKIP — budget threshold exceeded
[2026-05-01T23:47:43.336920+00:00] [INFO]   ROADMAP-DRIVER status: skipped_budget
[2026-05-01T23:47:43.411688+00:00] [INFO]   wrote session briefing (15 capability groups, 0 broken integrations)
[2026-05-01T23:47:43.412015+00:00] [INFO]   cycle 1017 done in 1.7s, 0 actions
[2026-05-01T23:47:43.412556+00:00] [INFO]   sleeping 900s until next cycle
[2026-05-02T00:02:43.430937+00:00] [INFO] === cycle 1018 ===
[2026-05-02T00:02:44.718244+00:00] [INFO] === roadmap-driver cycle ===
[2026-05-02T00:02:45.118651+00:00] [INFO] budget check: budget block at 80.5% >= 70% threshold
[2026-05-02T00:02:45.118763+00:00] [INFO] SKIP — budget threshold exceeded
[2026-05-02T00:02:45.118830+00:00] [INFO]   ROADMAP-DRIVER status: skipped_budget
[2026-05-02T00:02:45.195145+00:00] [INFO]   wrote session briefing (15 capability groups, 0 broken integrations)
[2026-05-02T00:02:45.196593+00:00] [INFO]   cycle 1018 done in 1.8s, 0 actions
[2026-05-02T00:02:45.197192+00:00] [INFO]   sleeping 900s until next cycle
[2026-05-02T00:17:45.246560+00:00] [INFO] === cycle 1019 ===
[2026-05-02T00:17:46.470888+00:00] [INFO] === roadmap-driver cycle ===
[2026-05-02T00:17:46.880659+00:00] [INFO] budget check: budget block at 81.0% >= 70% threshold
[2026-05-02T00:17:46.880790+00:00] [INFO] SKIP — budget threshold exceeded
[2026-05-02T00:17:46.881017+00:00] [INFO]   ROADMAP-DRIVER status: skipped_budget
[2026-05-02T00:17:46.953597+00:00] [INFO]   wrote session briefing (15 capability groups, 0 broken integrations)
[2026-05-02T00:17:46.953922+00:00] [INFO]   cycle 1019 done in 1.7s, 0 actions
[2026-05-02T00:17:46.954442+00:00] [INFO]   sleeping 900s until next cycle
[2026-05-02T00:32:47.077553+00:00] [INFO] === cycle 1020 ===
[2026-05-02T00:32:48.398973+00:00] [INFO] === roadmap-driver cycle ===
[2026-05-02T00:32:48.810827+00:00] [INFO] budget check: budget block at 85.5% >= 70% threshold
[2026-05-02T00:32:48.810896+00:00] [INFO] SKIP — budget threshold exceeded
[2026-05-02T00:32:48.810962+00:00] [INFO]   ROADMAP-DRIVER status: skipped_budget
[2026-05-02T00:32:48.866765+00:00] [INFO]   wrote session briefing (15 capability groups, 0 broken integrations)
[2026-05-02T00:32:48.867069+00:00] [INFO]   cycle 1020 done in 1.8s, 0 actions
[2026-05-02T00:32:48.867593+00:00] [INFO]   sleeping 900s until next cycle
[2026-05-02T00:47:49.006269+00:00] [INFO] === cycle 1021 ===
[2026-05-02T00:47:50.243245+00:00] [INFO] === roadmap-driver cycle ===
[2026-05-02T00:47:50.647723+00:00] [INFO] budget check: budget block at 87.5% >= 70% threshold
[2026-05-02T00:47:50.647879+00:00] [INFO] SKIP — budget threshold exceeded
[2026-05-02T00:47:50.648100+00:00] [INFO]   ROADMAP-DRIVER status: skipped_budget
[2026-05-02T00:47:50.712728+00:00] [INFO]   wrote session briefing (15 capability groups, 0 broken integrations)
[2026-05-02T00:47:50.713024+00:00] [INFO]   cycle 1021 done in 1.7s, 0 actions
[2026-05-02T00:47:50.713637+00:00] [INFO]   sleeping 900s until next cycle
[2026-05-02T01:02:50.837349+00:00] [INFO] === cycle 1022 ===
[2026-05-02T01:02:51.987858+00:00] [INFO]   PEER-SUPERVISOR: 1 findings (STALE)
[2026-05-02T01:02:51.988384+00:00] [INFO] === roadmap-driver cycle ===
[2026-05-02T01:02:52.398596+00:00] [INFO] budget check: budget block at 86.0% >= 70% threshold
[2026-05-02T01:02:52.398749+00:00] [INFO] SKIP — budget threshold exceeded
[2026-05-02T01:02:52.398965+00:00] [INFO]   ROADMAP-DRIVER status: skipped_budget
[2026-05-02T01:02:52.473065+00:00] [INFO]   wrote session briefing (15 capability groups, 0 broken integrations)
[2026-05-02T01:02:52.473421+00:00] [INFO]   cycle 1022 done in 1.6s, 1 actions
[2026-05-02T01:02:52.474049+00:00] [INFO]   sleeping 120s until next cycle
[2026-05-02T01:04:52.481607+00:00] [INFO] === cycle 1023 ===
[2026-05-02T01:04:54.068406+00:00] [INFO]   PEER-SUPERVISOR: 1 findings (STALE)
[2026-05-02T01:04:54.068818+00:00] [INFO] === roadmap-driver cycle ===
[2026-05-02T01:04:54.479302+00:00] [INFO] budget check: budget block at 86.0% >= 70% threshold
[2026-05-02T01:04:54.479457+00:00] [INFO] SKIP — budget threshold exceeded
[2026-05-02T01:04:54.479727+00:00] [INFO]   ROADMAP-DRIVER status: skipped_budget
[2026-05-02T01:04:54.544319+00:00] [INFO]   wrote session briefing (15 capability groups, 0 broken integrations)
[2026-05-02T01:04:54.544672+00:00] [INFO]   cycle 1023 done in 2.1s, 1 actions
[2026-05-02T01:04:54.545220+00:00] [INFO]   sleeping 120s until next cycle
[2026-05-02T01:06:54.578640+00:00] [INFO] === cycle 1024 ===
[2026-05-02T01:06:55.953039+00:00] [INFO]   PEER-SUPERVISOR: 1 findings (STALE)
[2026-05-02T01:06:55.953543+00:00] [INFO] === roadmap-driver cycle ===
[2026-05-02T01:06:56.358439+00:00] [INFO] budget check: budget block at 86.0% >= 70% threshold
[2026-05-02T01:06:56.358593+00:00] [INFO] SKIP — budget threshold exceeded
[2026-05-02T01:06:56.358806+00:00] [INFO]   ROADMAP-DRIVER status: skipped_budget
[2026-05-02T01:06:56.422785+00:00] [INFO]   wrote session briefing (15 capability groups, 0 broken integrations)
[2026-05-02T01:06:56.423109+00:00] [INFO]   cycle 1024 done in 1.8s, 1 actions
[2026-05-02T01:06:56.423646+00:00] [INFO]   sleeping 120s until next cycle
[2026-05-02T01:08:56.495498+00:00] [INFO] === cycle 1025 ===
[2026-05-02T01:08:57.952393+00:00] [INFO]   PEER-SUPERVISOR: 1 findings (STALE)
[2026-05-02T01:08:57.952794+00:00] [INFO] === roadmap-driver cycle ===
[2026-05-02T01:08:58.364280+00:00] [INFO] budget check: budget block at 88.0% >= 70% threshold
[2026-05-02T01:08:58.364392+00:00] [INFO] SKIP — budget threshold exceeded
[2026-05-02T01:08:58.364448+00:00] [INFO]   ROADMAP-DRIVER status: skipped_budget
[2026-05-02T01:08:58.414239+00:00] [INFO]   wrote session briefing (15 capability groups, 0 broken integrations)
[2026-05-02T01:08:58.414544+00:00] [INFO]   cycle 1025 done in 1.9s, 1 actions
[2026-05-02T01:08:58.415067+00:00] [INFO]   sleeping 120s until next cycle
[2026-05-02T01:10:58.560080+00:00] [INFO] === cycle 1026 ===
[2026-05-02T01:10:59.905829+00:00] [INFO]   PEER-SUPERVISOR: 1 findings (STALE)
[2026-05-02T01:10:59.906364+00:00] [INFO] === roadmap-driver cycle ===
[2026-05-02T01:11:00.310685+00:00] [INFO] budget check: budget block at 88.0% >= 70% threshold
[2026-05-02T01:11:00.310832+00:00] [INFO] SKIP — budget threshold exceeded
[2026-05-02T01:11:00.311065+00:00] [INFO]   ROADMAP-DRIVER status: skipped_budget
[2026-05-02T01:11:00.385232+00:00] [INFO]   wrote session briefing (15 capability groups, 0 broken integrations)
[2026-05-02T01:11:00.385549+00:00] [INFO]   cycle 1026 done in 1.8s, 1 actions
[2026-05-02T01:11:00.386069+00:00] [INFO]   sleeping 120s until next cycle
[2026-05-02T01:13:00.485894+00:00] [INFO] === cycle 1027 ===
[2026-05-02T01:13:01.691589+00:00] [INFO]   PEER-SUPERVISOR: 1 findings (STALE)
[2026-05-02T01:13:01.692119+00:00] [INFO] === roadmap-driver cycle ===
[2026-05-02T01:13:02.102433+00:00] [INFO] budget check: budget block at 88.0% >= 70% threshold
[2026-05-02T01:13:02.102579+00:00] [INFO] SKIP — budget threshold exceeded
[2026-05-02T01:13:02.102794+00:00] [INFO]   ROADMAP-DRIVER status: skipped_budget
[2026-05-02T01:13:02.168787+00:00] [INFO]   wrote session briefing (15 capability groups, 0 broken integrations)
[2026-05-02T01:13:02.169114+00:00] [INFO]   cycle 1027 done in 1.7s, 1 actions
[2026-05-02T01:13:02.169660+00:00] [INFO]   sleeping 120s until next cycle
[2026-05-02T01:15:02.274944+00:00] [INFO] === cycle 1028 ===
[2026-05-02T01:15:04.413326+00:00] [INFO]   PEER-SUPERVISOR: 1 findings (STALE)
[2026-05-02T01:15:04.413787+00:00] [INFO] === roadmap-driver cycle ===
[2026-05-02T01:15:04.879187+00:00] [INFO] budget check: budget block at 85.5% >= 70% threshold
[2026-05-02T01:15:04.879342+00:00] [INFO] SKIP — budget threshold exceeded
[2026-05-02T01:15:04.879545+00:00] [INFO]   ROADMAP-DRIVER status: skipped_budget
[2026-05-02T01:15:04.938005+00:00] [INFO]   wrote session briefing (15 capability groups, 0 broken integrations)
[2026-05-02T01:15:04.938336+00:00] [INFO]   cycle 1028 done in 2.7s, 1 actions
[2026-05-02T01:15:04.938825+00:00] [INFO]   sleeping 120s until next cycle
[2026-05-02T01:17:05.083405+00:00] [INFO] === cycle 1029 ===
[2026-05-02T01:17:06.268519+00:00] [INFO]   PEER-SUPERVISOR: 1 findings (STALE)
[2026-05-02T01:17:06.268926+00:00] [INFO] === roadmap-driver cycle ===
[2026-05-02T01:17:06.674737+00:00] [INFO] budget check: budget block at 85.5% >= 70% threshold
[2026-05-02T01:17:06.674857+00:00] [INFO] SKIP — budget threshold exceeded
[2026-05-02T01:17:06.674923+00:00] [INFO]   ROADMAP-DRIVER status: skipped_budget
[2026-05-02T01:17:06.730522+00:00] [INFO]   wrote session briefing (15 capability groups, 0 broken integrations)
[2026-05-02T01:17:06.730891+00:00] [INFO]   cycle 1029 done in 1.6s, 1 actions
[2026-05-02T01:17:06.731432+00:00] [INFO]   sleeping 120s until next cycle
[2026-05-02T01:19:06.793180+00:00] [INFO] === cycle 1030 ===
[2026-05-02T01:19:08.299698+00:00] [INFO]   PEER-SUPERVISOR: 1 findings (STALE)
[2026-05-02T01:19:08.300098+00:00] [INFO] === roadmap-driver cycle ===
[2026-05-02T01:19:08.708698+00:00] [INFO] budget check: budget block at 86.0% >= 70% threshold
[2026-05-02T01:19:08.708848+00:00] [INFO] SKIP — budget threshold exceeded
[2026-05-02T01:19:08.709071+00:00] [INFO]   ROADMAP-DRIVER status: skipped_budget
[2026-05-02T01:19:08.769868+00:00] [INFO]   wrote session briefing (15 capability groups, 0 broken integrations)
[2026-05-02T01:19:08.770182+00:00] [INFO]   cycle 1030 done in 2.0s, 1 actions
[2026-05-02T01:19:08.770721+00:00] [INFO]   sleeping 120s until next cycle
[2026-05-02T01:21:08.875439+00:00] [INFO] === cycle 1031 ===
[2026-05-02T01:21:10.711488+00:00] [INFO]   PEER-SUPERVISOR: 1 findings (STALE)
[2026-05-02T01:21:10.711897+00:00] [INFO] === roadmap-driver cycle ===
[2026-05-02T01:21:11.191104+00:00] [INFO] budget check: budget block at 89.0% >= 70% threshold
[2026-05-02T01:21:11.191216+00:00] [INFO] SKIP — budget threshold exceeded
[2026-05-02T01:21:11.191261+00:00] [INFO]   ROADMAP-DRIVER status: skipped_budget
[2026-05-02T01:21:11.252046+00:00] [INFO]   wrote session briefing (15 capability groups, 0 broken integrations)
[2026-05-02T01:21:11.252350+00:00] [INFO]   cycle 1031 done in 2.4s, 1 actions
[2026-05-02T01:21:11.252902+00:00] [INFO]   sleeping 120s until next cycle
[2026-05-02T01:23:11.368388+00:00] [INFO] === cycle 1032 ===
[2026-05-02T01:23:12.736542+00:00] [INFO]   PEER-SUPERVISOR: 1 findings (STALE)
[2026-05-02T01:23:12.736963+00:00] [INFO] === roadmap-driver cycle ===
[2026-05-02T01:23:13.153789+00:00] [INFO] budget check: budget block at 89.0% >= 70% threshold
[2026-05-02T01:23:13.153936+00:00] [INFO] SKIP — budget threshold exceeded
[2026-05-02T01:23:13.154160+00:00] [INFO]   ROADMAP-DRIVER status: skipped_budget
[2026-05-02T01:23:13.226096+00:00] [INFO]   wrote session briefing (15 capability groups, 0 broken integrations)
[2026-05-02T01:23:13.226265+00:00] [INFO]   cycle 1032 done in 1.9s, 1 actions
[2026-05-02T01:23:13.226813+00:00] [INFO]   sleeping 120s until next cycle
[2026-05-02T01:25:13.336833+00:00] [INFO] === cycle 1033 ===
[2026-05-02T01:25:14.937707+00:00] [INFO]   PEER-SUPERVISOR: 1 findings (STALE)
[2026-05-02T01:25:14.938118+00:00] [INFO] === roadmap-driver cycle ===
[2026-05-02T01:25:15.347794+00:00] [INFO] budget check: budget block at 87.0% >= 70% threshold
[2026-05-02T01:25:15.347907+00:00] [INFO] SKIP — budget threshold exceeded
[2026-05-02T01:25:15.347946+00:00] [INFO]   ROADMAP-DRIVER status: skipped_budget
[2026-05-02T01:25:15.399352+00:00] [INFO]   wrote session briefing (15 capability groups, 0 broken integrations)
[2026-05-02T01:25:15.399665+00:00] [INFO]   cycle 1033 done in 2.1s, 1 actions
[2026-05-02T01:25:15.400172+00:00] [INFO]   sleeping 120s until next cycle
[2026-05-02T01:27:15.527444+00:00] [INFO] === cycle 1034 ===
[2026-05-02T01:27:17.340786+00:00] [INFO]   PEER-SUPERVISOR: 1 findings (STALE)
[2026-05-02T01:27:17.341241+00:00] [INFO] === roadmap-driver cycle ===
[2026-05-02T01:27:17.748221+00:00] [INFO] budget check: budget block at 87.0% >= 70% threshold
[2026-05-02T01:27:17.748357+00:00] [INFO] SKIP — budget threshold exceeded
[2026-05-02T01:27:17.748581+00:00] [INFO]   ROADMAP-DRIVER status: skipped_budget
[2026-05-02T01:27:17.821319+00:00] [INFO]   wrote session briefing (15 capability groups, 0 broken integrations)
[2026-05-02T01:27:17.821736+00:00] [INFO]   cycle 1034 done in 2.3s, 1 actions
[2026-05-02T01:27:17.822308+00:00] [INFO]   sleeping 120s until next cycle
[2026-05-02T01:29:17.830601+00:00] [INFO] === cycle 1035 ===
[2026-05-02T01:29:19.663549+00:00] [INFO] === roadmap-driver cycle ===
[2026-05-02T01:29:20.071602+00:00] [INFO] budget check: budget block at 87.0% >= 70% threshold
[2026-05-02T01:29:20.071739+00:00] [INFO] SKIP — budget threshold exceeded
[2026-05-02T01:29:20.071962+00:00] [INFO]   ROADMAP-DRIVER status: skipped_budget
[2026-05-02T01:29:20.124800+00:00] [INFO]   wrote session briefing (15 capability groups, 0 broken integrations)
[2026-05-02T01:29:20.125197+00:00] [INFO]   cycle 1035 done in 2.3s, 0 actions
[2026-05-02T01:29:20.125767+00:00] [INFO]   sleeping 900s until next cycle
[2026-05-02T01:44:20.207810+00:00] [INFO] === cycle 1036 ===
[2026-05-02T01:44:22.475149+00:00] [INFO]   PEER-SUPERVISOR: 1 findings (STALE)
[2026-05-02T01:44:22.475614+00:00] [INFO] === roadmap-driver cycle ===
[2026-05-02T01:44:22.892739+00:00] [INFO] budget check: budget block at 91.5% >= 70% threshold
[2026-05-02T01:44:22.892864+00:00] [INFO] SKIP — budget threshold exceeded
[2026-05-02T01:44:22.892909+00:00] [INFO]   ROADMAP-DRIVER status: skipped_budget
[2026-05-02T01:44:22.947276+00:00] [INFO]   wrote session briefing (15 capability groups, 0 broken integrations)
[2026-05-02T01:44:22.947592+00:00] [INFO]   cycle 1036 done in 2.7s, 1 actions
[2026-05-02T01:44:22.948166+00:00] [INFO]   sleeping 3600s until next cycle
[2026-05-02T02:44:23.088761+00:00] [INFO] === cycle 1037 ===
[2026-05-02T02:44:23.091202+00:00] [INFO]   refreshing capability manifest
[2026-05-02T02:44:26.433960+00:00] [INFO]   LEARNED from 1 completed tasks (tracking 25 action types)
[2026-05-02T02:44:26.448028+00:00] [INFO]   PEER-SUPERVISOR: 2 findings (STALE, STALE)
[2026-05-02T02:44:26.448539+00:00] [INFO] === roadmap-driver cycle ===
[2026-05-02T02:44:26.879828+00:00] [INFO] budget check: budget block at 89.0% >= 70% threshold
[2026-05-02T02:44:26.879982+00:00] [INFO] SKIP — budget threshold exceeded
[2026-05-02T02:44:26.880204+00:00] [INFO]   ROADMAP-DRIVER status: skipped_budget
[2026-05-02T02:44:26.943848+00:00] [INFO]   wrote session briefing (15 capability groups, 0 broken integrations)
[2026-05-02T02:44:26.944148+00:00] [INFO]   cycle 1037 done in 3.9s, 2 actions
[2026-05-02T02:44:26.944655+00:00] [INFO]   sleeping 120s until next cycle
[2026-05-02T02:46:27.073479+00:00] [INFO] === cycle 1038 ===
[2026-05-02T02:46:29.656428+00:00] [INFO]   PEER-SUPERVISOR: 1 findings (STALE)
[2026-05-02T02:46:29.656950+00:00] [INFO] === roadmap-driver cycle ===
[2026-05-02T02:46:30.078050+00:00] [INFO] budget check: budget block at 104.0% >= 70% threshold
[2026-05-02T02:46:30.078193+00:00] [INFO] SKIP — budget threshold exceeded
[2026-05-02T02:46:30.078419+00:00] [INFO]   ROADMAP-DRIVER status: skipped_budget
[2026-05-02T02:46:30.157241+00:00] [INFO]   wrote session briefing (15 capability groups, 0 broken integrations)
[2026-05-02T02:46:30.157556+00:00] [INFO]   cycle 1038 done in 3.1s, 1 actions
[2026-05-02T02:46:30.158106+00:00] [INFO]   sleeping 3600s until next cycle
[2026-05-02T03:46:30.307983+00:00] [INFO] === cycle 1039 ===
[2026-05-02T03:46:32.824403+00:00] [INFO]   PEER-SUPERVISOR: 2 findings (STALE, STALE)
[2026-05-02T03:46:32.824837+00:00] [INFO] === roadmap-driver cycle ===
[2026-05-02T03:46:33.238066+00:00] [INFO] budget check: budget block at 104.5% >= 70% threshold
[2026-05-02T03:46:33.238180+00:00] [INFO] SKIP — budget threshold exceeded
[2026-05-02T03:46:33.238244+00:00] [INFO]   ROADMAP-DRIVER status: skipped_budget
[2026-05-02T03:46:33.335061+00:00] [INFO]   wrote session briefing (15 capability groups, 0 broken integrations)
[2026-05-02T03:46:33.337171+00:00] [INFO]   cycle 1039 done in 3.0s, 2 actions
[2026-05-02T03:46:33.337742+00:00] [INFO]   sleeping 3600s until next cycle
[2026-05-02T04:46:33.466902+00:00] [INFO] === cycle 1040 ===
[2026-05-02T04:46:35.977741+00:00] [INFO]   PEER-SUPERVISOR: 2 findings (STALE, STALE)
[2026-05-02T04:46:35.978257+00:00] [INFO] === roadmap-driver cycle ===
[2026-05-02T04:46:36.400483+00:00] [INFO] budget check: budget block at 107.0% >= 70% threshold
[2026-05-02T04:46:36.400624+00:00] [INFO] SKIP — budget threshold exceeded
[2026-05-02T04:46:36.400846+00:00] [INFO]   ROADMAP-DRIVER status: skipped_budget
[2026-05-02T04:46:36.474322+00:00] [INFO]   wrote session briefing (15 capability groups, 0 broken integrations)
[2026-05-02T04:46:36.474630+00:00] [INFO]   cycle 1040 done in 3.0s, 2 actions
[2026-05-02T04:46:36.475186+00:00] [INFO]   sleeping 3600s until next cycle
[2026-05-02T05:46:36.532935+00:00] [INFO] === cycle 1041 ===
[2026-05-02T05:46:38.334803+00:00] [INFO]   PEER-SUPERVISOR: 2 findings (STALE, STALE)
[2026-05-02T05:46:38.335344+00:00] [INFO] === roadmap-driver cycle ===
[2026-05-02T05:46:38.763364+00:00] [INFO] budget check: budget block at 107.0% >= 70% threshold
[2026-05-02T05:46:38.763496+00:00] [INFO] SKIP — budget threshold exceeded
[2026-05-02T05:46:38.763706+00:00] [INFO]   ROADMAP-DRIVER status: skipped_budget
[2026-05-02T05:46:38.818434+00:00] [INFO]   wrote session briefing (15 capability groups, 0 broken integrations)
[2026-05-02T05:46:38.818751+00:00] [INFO]   cycle 1041 done in 2.3s, 2 actions
[2026-05-02T05:46:38.819306+00:00] [INFO]   sleeping 3600s until next cycle
[2026-05-02T06:46:38.938267+00:00] [INFO] === cycle 1042 ===
[2026-05-02T06:46:38.941803+00:00] [INFO]   refreshing capability manifest
[2026-05-02T06:46:43.797915+00:00] [INFO]   PEER-SUPERVISOR: 2 findings (STALE, STALE)
[2026-05-02T06:46:43.798335+00:00] [INFO] === roadmap-driver cycle ===
[2026-05-02T06:46:44.224474+00:00] [INFO] budget check: budget block at 101.0% >= 70% threshold
[2026-05-02T06:46:44.224600+00:00] [INFO] SKIP — budget threshold exceeded
[2026-05-02T06:46:44.224810+00:00] [INFO]   ROADMAP-DRIVER status: skipped_budget
[2026-05-02T06:46:44.284991+00:00] [INFO]   wrote session briefing (15 capability groups, 0 broken integrations)
[2026-05-02T06:46:44.285352+00:00] [INFO]   cycle 1042 done in 5.3s, 2 actions
[2026-05-02T06:46:44.285853+00:00] [INFO]   sleeping 3600s until next cycle
[2026-05-02T07:46:44.337083+00:00] [INFO] === cycle 1043 ===
[2026-05-02T07:46:46.695146+00:00] [INFO]   PEER-SUPERVISOR: 2 findings (STALE, STALE)
[2026-05-02T07:46:46.695702+00:00] [INFO] === roadmap-driver cycle ===
[2026-05-02T07:46:47.139188+00:00] [INFO] budget check: budget block at 66.5%
[2026-05-02T07:46:47.165246+00:00] [INFO]   roadmap_edge_track_record_in_briefing: in cooldown (attempted within last 12h)
[2026-05-02T07:46:47.165768+00:00] [INFO] nothing to push — all roadmap items either complete or in cooldown
[2026-05-02T07:46:47.239469+00:00] [INFO]   wrote session briefing (15 capability groups, 0 broken integrations)
[2026-05-02T07:46:47.239787+00:00] [INFO]   cycle 1043 done in 2.9s, 2 actions
[2026-05-02T07:46:47.240424+00:00] [INFO]   sleeping 120s until next cycle
[2026-05-02T07:48:47.319940+00:00] [INFO] === cycle 1044 ===
[2026-05-02T07:48:48.634893+00:00] [INFO]   PEER-SUPERVISOR: 1 findings (STALE)
[2026-05-02T07:48:48.635401+00:00] [INFO] === roadmap-driver cycle ===
[2026-05-02T07:48:49.060141+00:00] [INFO] budget check: budget block at 62.5%
[2026-05-02T07:48:49.081051+00:00] [INFO]   roadmap_edge_track_record_in_briefing: in cooldown (attempted within last 12h)
[2026-05-02T07:48:49.081665+00:00] [INFO] nothing to push — all roadmap items either complete or in cooldown
[2026-05-02T07:48:49.159865+00:00] [INFO]   wrote session briefing (15 capability groups, 0 broken integrations)
[2026-05-02T07:48:49.160188+00:00] [INFO]   cycle 1044 done in 1.8s, 1 actions
[2026-05-02T07:48:49.160772+00:00] [INFO]   sleeping 120s until next cycle
[2026-05-02T07:50:49.301447+00:00] [INFO] === cycle 1045 ===
[2026-05-02T07:50:50.629420+00:00] [INFO]   PEER-SUPERVISOR: 1 findings (STALE)
[2026-05-02T07:50:50.629956+00:00] [INFO] === roadmap-driver cycle ===
[2026-05-02T07:50:51.058487+00:00] [INFO] budget check: budget block at 62.5%
[2026-05-02T07:50:51.079811+00:00] [INFO]   roadmap_edge_track_record_in_briefing: in cooldown (attempted within last 12h)
[2026-05-02T07:50:51.080322+00:00] [INFO] nothing to push — all roadmap items either complete or in cooldown
[2026-05-02T07:50:51.162346+00:00] [INFO]   wrote session briefing (15 capability groups, 0 broken integrations)
[2026-05-02T07:50:51.162639+00:00] [INFO]   cycle 1045 done in 1.9s, 1 actions
[2026-05-02T07:50:51.163176+00:00] [INFO]   sleeping 120s until next cycle
[2026-05-02T07:52:51.274768+00:00] [INFO] === cycle 1046 ===
[2026-05-02T07:52:53.281610+00:00] [INFO]   PEER-SUPERVISOR: 1 findings (STALE)
[2026-05-02T07:52:53.282010+00:00] [INFO] === roadmap-driver cycle ===
[2026-05-02T07:52:53.703926+00:00] [INFO] budget check: budget block at 60.0%
[2026-05-02T07:52:53.723739+00:00] [INFO]   roadmap_edge_track_record_in_briefing: in cooldown (attempted within last 12h)
[2026-05-02T07:52:53.724112+00:00] [INFO] nothing to push — all roadmap items either complete or in cooldown
[2026-05-02T07:52:53.780142+00:00] [INFO]   wrote session briefing (15 capability groups, 0 broken integrations)
[2026-05-02T07:52:53.780472+00:00] [INFO]   cycle 1046 done in 2.5s, 1 actions
[2026-05-02T07:52:53.781010+00:00] [INFO]   sleeping 120s until next cycle
[2026-05-02T07:54:53.863828+00:00] [INFO] === cycle 1047 ===
[2026-05-02T07:54:56.641636+00:00] [INFO]   PEER-SUPERVISOR: 1 findings (STALE)
[2026-05-02T07:54:56.642148+00:00] [INFO] === roadmap-driver cycle ===
[2026-05-02T07:54:57.088408+00:00] [INFO] budget check: budget block at 60.0%
[2026-05-02T07:54:57.113977+00:00] [INFO]   roadmap_edge_track_record_in_briefing: in cooldown (attempted within last 12h)
[2026-05-02T07:54:57.116348+00:00] [INFO] nothing to push — all roadmap items either complete or in cooldown
[2026-05-02T07:54:57.203768+00:00] [INFO]   wrote session briefing (15 capability groups, 0 broken integrations)
[2026-05-02T07:54:57.204086+00:00] [INFO]   cycle 1047 done in 3.3s, 1 actions
[2026-05-02T07:54:57.204739+00:00] [INFO]   sleeping 120s until next cycle
[2026-05-02T07:56:57.212447+00:00] [INFO] === cycle 1048 ===
[2026-05-02T07:56:59.172927+00:00] [INFO]   PEER-SUPERVISOR: 1 findings (STALE)
[2026-05-02T07:56:59.173472+00:00] [INFO] === roadmap-driver cycle ===
[2026-05-02T07:56:59.595696+00:00] [INFO] budget check: budget block at 60.0%
[2026-05-02T07:56:59.619098+00:00] [INFO]   roadmap_edge_track_record_in_briefing: in cooldown (attempted within last 12h)
[2026-05-02T07:56:59.619607+00:00] [INFO] nothing to push — all roadmap items either complete or in cooldown
[2026-05-02T07:56:59.691119+00:00] [INFO]   wrote session briefing (15 capability groups, 0 broken integrations)
[2026-05-02T07:56:59.691432+00:00] [INFO]   cycle 1048 done in 2.5s, 1 actions
[2026-05-02T07:56:59.691989+00:00] [INFO]   sleeping 120s until next cycle
[2026-05-02T07:58:59.798967+00:00] [INFO] === cycle 1049 ===
[2026-05-02T07:59:01.149277+00:00] [INFO]   PEER-SUPERVISOR: 1 findings (STALE)
[2026-05-02T07:59:01.149690+00:00] [INFO] === roadmap-driver cycle ===
[2026-05-02T07:59:01.572722+00:00] [INFO] budget check: budget block at 60.0%
[2026-05-02T07:59:01.590442+00:00] [INFO]   roadmap_edge_track_record_in_briefing: in cooldown (attempted within last 12h)
[2026-05-02T07:59:01.590973+00:00] [INFO] nothing to push — all roadmap items either complete or in cooldown
[2026-05-02T07:59:01.641123+00:00] [INFO]   wrote session briefing (15 capability groups, 0 broken integrations)
[2026-05-02T07:59:01.641447+00:00] [INFO]   cycle 1049 done in 1.8s, 1 actions
[2026-05-02T07:59:01.642037+00:00] [INFO]   sleeping 120s until next cycle
[2026-05-02T08:01:01.730335+00:00] [INFO] === cycle 1050 ===
[2026-05-02T08:01:03.033247+00:00] [INFO]   PEER-SUPERVISOR: 1 findings (STALE)
[2026-05-02T08:01:03.033890+00:00] [INFO] === roadmap-driver cycle ===
[2026-05-02T08:01:03.462466+00:00] [INFO] budget check: budget block at 61.5%
[2026-05-02T08:01:03.505194+00:00] [INFO]   roadmap_edge_track_record_in_briefing: in cooldown (attempted within last 12h)
[2026-05-02T08:01:03.505696+00:00] [INFO] nothing to push — all roadmap items either complete or in cooldown
[2026-05-02T08:01:03.562129+00:00] [INFO]   wrote session briefing (15 capability groups, 0 broken integrations)
[2026-05-02T08:01:03.562426+00:00] [INFO]   cycle 1050 done in 1.8s, 1 actions
[2026-05-02T08:01:03.562924+00:00] [INFO]   sleeping 120s until next cycle
[2026-05-02T08:03:03.672351+00:00] [INFO] === cycle 1051 ===
[2026-05-02T08:03:05.999091+00:00] [INFO]   PEER-SUPERVISOR: 1 findings (STALE)
[2026-05-02T08:03:05.999488+00:00] [INFO] === roadmap-driver cycle ===
[2026-05-02T08:03:06.425230+00:00] [INFO] budget check: budget block at 58.0%
[2026-05-02T08:03:06.444291+00:00] [INFO]   roadmap_edge_track_record_in_briefing: in cooldown (attempted within last 12h)
[2026-05-02T08:03:06.444687+00:00] [INFO] nothing to push — all roadmap items either complete or in cooldown
[2026-05-02T08:03:06.514250+00:00] [INFO]   wrote session briefing (15 capability groups, 0 broken integrations)
[2026-05-02T08:03:06.514582+00:00] [INFO]   cycle 1051 done in 2.8s, 1 actions
[2026-05-02T08:03:06.515146+00:00] [INFO]   sleeping 120s until next cycle
[2026-05-02T08:05:06.520600+00:00] [INFO] === cycle 1052 ===
[2026-05-02T08:05:08.514961+00:00] [INFO]   PEER-SUPERVISOR: 1 findings (STALE)
[2026-05-02T08:05:08.515368+00:00] [INFO] === roadmap-driver cycle ===
[2026-05-02T08:05:08.941386+00:00] [INFO] budget check: budget block at 57.5%
[2026-05-02T08:05:08.960979+00:00] [INFO]   roadmap_edge_track_record_in_briefing: in cooldown (attempted within last 12h)
[2026-05-02T08:05:08.961368+00:00] [INFO] nothing to push — all roadmap items either complete or in cooldown
[2026-05-02T08:05:09.031899+00:00] [INFO]   wrote session briefing (15 capability groups, 0 broken integrations)
[2026-05-02T08:05:09.032232+00:00] [INFO]   cycle 1052 done in 2.5s, 1 actions
[2026-05-02T08:05:09.032823+00:00] [INFO]   sleeping 120s until next cycle
[2026-05-02T08:07:09.166459+00:00] [INFO] === cycle 1053 ===
[2026-05-02T08:07:11.539804+00:00] [INFO]   PEER-SUPERVISOR: 1 findings (STALE)
[2026-05-02T08:07:11.540341+00:00] [INFO] === roadmap-driver cycle ===
[2026-05-02T08:07:12.044811+00:00] [INFO] budget check: budget block at 57.5%
[2026-05-02T08:07:12.082451+00:00] [INFO]   roadmap_edge_track_record_in_briefing: in cooldown (attempted within last 12h)
[2026-05-02T08:07:12.082974+00:00] [INFO] nothing to push — all roadmap items either complete or in cooldown
[2026-05-02T08:07:12.147723+00:00] [INFO]   wrote session briefing (15 capability groups, 0 broken integrations)
[2026-05-02T08:07:12.148199+00:00] [INFO]   cycle 1053 done in 3.0s, 1 actions
[2026-05-02T08:07:12.149818+00:00] [INFO]   sleeping 120s until next cycle
[2026-05-02T08:09:12.248325+00:00] [INFO] === cycle 1054 ===
[2026-05-02T08:09:14.365002+00:00] [INFO]   PEER-SUPERVISOR: 1 findings (STALE)
[2026-05-02T08:09:14.365462+00:00] [INFO] === roadmap-driver cycle ===
[2026-05-02T08:09:14.791705+00:00] [INFO] budget check: budget block at 57.5%
[2026-05-02T08:09:14.813557+00:00] [INFO]   roadmap_edge_track_record_in_briefing: in cooldown (attempted within last 12h)
[2026-05-02T08:09:14.813928+00:00] [INFO] nothing to push — all roadmap items either complete or in cooldown
[2026-05-02T08:09:14.871555+00:00] [INFO]   wrote session briefing (15 capability groups, 0 broken integrations)
[2026-05-02T08:09:14.871873+00:00] [INFO]   cycle 1054 done in 2.6s, 1 actions
[2026-05-02T08:09:14.872408+00:00] [INFO]   sleeping 120s until next cycle
[2026-05-02T08:11:14.902928+00:00] [INFO] === cycle 1055 ===
[2026-05-02T08:11:16.293442+00:00] [INFO]   PEER-SUPERVISOR: 1 findings (STALE)
[2026-05-02T08:11:16.293971+00:00] [INFO] === roadmap-driver cycle ===
[2026-05-02T08:11:16.727375+00:00] [INFO] budget check: budget block at 58.0%
[2026-05-02T08:11:16.748719+00:00] [INFO]   roadmap_edge_track_record_in_briefing: in cooldown (attempted within last 12h)
[2026-05-02T08:11:16.749285+00:00] [INFO] nothing to push — all roadmap items either complete or in cooldown
[2026-05-02T08:11:16.825603+00:00] [INFO]   wrote session briefing (15 capability groups, 0 broken integrations)
[2026-05-02T08:11:16.825906+00:00] [INFO]   cycle 1055 done in 1.9s, 1 actions
[2026-05-02T08:11:16.826447+00:00] [INFO]   sleeping 120s until next cycle
[2026-05-02T08:13:16.966181+00:00] [INFO] === cycle 1056 ===
[2026-05-02T08:13:19.276669+00:00] [INFO]   PEER-SUPERVISOR: 1 findings (STALE)
[2026-05-02T08:13:19.277071+00:00] [INFO] === roadmap-driver cycle ===
[2026-05-02T08:13:19.698344+00:00] [INFO] budget check: budget block at 58.0%
[2026-05-02T08:13:19.718435+00:00] [INFO]   roadmap_edge_track_record_in_briefing: in cooldown (attempted within last 12h)
[2026-05-02T08:13:19.718830+00:00] [INFO] nothing to push — all roadmap items either complete or in cooldown
[2026-05-02T08:13:19.786541+00:00] [INFO]   wrote session briefing (15 capability groups, 0 broken integrations)
[2026-05-02T08:13:19.786870+00:00] [INFO]   cycle 1056 done in 2.8s, 1 actions
[2026-05-02T08:13:19.787430+00:00] [INFO]   sleeping 120s until next cycle
[2026-05-02T08:15:19.917200+00:00] [INFO] === cycle 1057 ===
[2026-05-02T08:15:21.437924+00:00] [INFO]   PEER-SUPERVISOR: 1 findings (STALE)
[2026-05-02T08:15:21.438350+00:00] [INFO] === roadmap-driver cycle ===
[2026-05-02T08:15:21.937926+00:00] [INFO] budget check: budget block at 56.5%
[2026-05-02T08:15:21.961095+00:00] [INFO]   roadmap_edge_track_record_in_briefing: in cooldown (attempted within last 12h)
[2026-05-02T08:15:21.961611+00:00] [INFO] nothing to push — all roadmap items either complete or in cooldown
[2026-05-02T08:15:22.017318+00:00] [INFO]   wrote session briefing (15 capability groups, 0 broken integrations)
[2026-05-02T08:15:22.017630+00:00] [INFO]   cycle 1057 done in 2.1s, 1 actions
[2026-05-02T08:15:22.018195+00:00] [INFO]   sleeping 120s until next cycle
[2026-05-02T08:17:22.038266+00:00] [INFO] === cycle 1058 ===
[2026-05-02T08:17:24.430665+00:00] [INFO]   PEER-SUPERVISOR: 1 findings (STALE)
[2026-05-02T08:17:24.431199+00:00] [INFO] === roadmap-driver cycle ===
[2026-05-02T08:17:24.863766+00:00] [INFO] budget check: budget block at 56.5%
[2026-05-02T08:17:24.883309+00:00] [INFO]   roadmap_edge_track_record_in_briefing: in cooldown (attempted within last 12h)
[2026-05-02T08:17:24.883867+00:00] [INFO] nothing to push — all roadmap items either complete or in cooldown
[2026-05-02T08:17:24.941886+00:00] [INFO]   wrote session briefing (15 capability groups, 0 broken integrations)
[2026-05-02T08:17:24.942175+00:00] [INFO]   cycle 1058 done in 2.9s, 1 actions
[2026-05-02T08:17:24.942690+00:00] [INFO]   sleeping 120s until next cycle
[2026-05-02T08:19:25.047363+00:00] [INFO] === cycle 1059 ===
[2026-05-02T08:19:26.348090+00:00] [INFO]   PEER-SUPERVISOR: 1 findings (STALE)
[2026-05-02T08:19:26.348472+00:00] [INFO] === roadmap-driver cycle ===
[2026-05-02T08:19:26.768629+00:00] [INFO] budget check: budget block at 56.5%
[2026-05-02T08:19:26.790723+00:00] [INFO]   roadmap_edge_track_record_in_briefing: in cooldown (attempted within last 12h)
[2026-05-02T08:19:26.791128+00:00] [INFO] nothing to push — all roadmap items either complete or in cooldown
[2026-05-02T08:19:26.861152+00:00] [INFO]   wrote session briefing (15 capability groups, 0 broken integrations)
[2026-05-02T08:19:26.861483+00:00] [INFO]   cycle 1059 done in 1.8s, 1 actions
[2026-05-02T08:19:26.862057+00:00] [INFO]   sleeping 120s until next cycle
[2026-05-02T08:21:27.012902+00:00] [INFO] === cycle 1060 ===
[2026-05-02T08:21:28.962759+00:00] [INFO]   PEER-SUPERVISOR: 1 findings (STALE)
[2026-05-02T08:21:28.963294+00:00] [INFO] === roadmap-driver cycle ===
[2026-05-02T08:21:29.398108+00:00] [INFO] budget check: budget block at 57.0%
[2026-05-02T08:21:29.415926+00:00] [INFO]   roadmap_edge_track_record_in_briefing: in cooldown (attempted within last 12h)
[2026-05-02T08:21:29.418502+00:00] [INFO] nothing to push — all roadmap items either complete or in cooldown
[2026-05-02T08:21:29.503873+00:00] [INFO]   wrote session briefing (15 capability groups, 0 broken integrations)
[2026-05-02T08:21:29.504194+00:00] [INFO]   cycle 1060 done in 2.5s, 1 actions
[2026-05-02T08:21:29.504797+00:00] [INFO]   sleeping 120s until next cycle
[2026-05-02T08:23:29.562598+00:00] [INFO] === cycle 1061 ===
[2026-05-02T08:23:31.476768+00:00] [INFO]   PEER-SUPERVISOR: 1 findings (STALE)
[2026-05-02T08:23:31.477176+00:00] [INFO] === roadmap-driver cycle ===
[2026-05-02T08:23:31.918772+00:00] [INFO] budget check: budget block at 58.0%
[2026-05-02T08:23:31.940628+00:00] [INFO]   roadmap_edge_track_record_in_briefing: in cooldown (attempted within last 12h)
[2026-05-02T08:23:31.941050+00:00] [INFO] nothing to push — all roadmap items either complete or in cooldown
[2026-05-02T08:23:31.998900+00:00] [INFO]   wrote session briefing (15 capability groups, 0 broken integrations)
[2026-05-02T08:23:31.999230+00:00] [INFO]   cycle 1061 done in 2.4s, 1 actions
[2026-05-02T08:23:31.999797+00:00] [INFO]   sleeping 120s until next cycle
[2026-05-02T08:25:32.048647+00:00] [INFO] === cycle 1062 ===
[2026-05-02T08:25:33.325860+00:00] [INFO]   PEER-SUPERVISOR: 1 findings (STALE)
[2026-05-02T08:25:33.326367+00:00] [INFO] === roadmap-driver cycle ===
[2026-05-02T08:25:33.748346+00:00] [INFO] budget check: budget block at 56.0%
[2026-05-02T08:25:33.769523+00:00] [INFO]   roadmap_edge_track_record_in_briefing: in cooldown (attempted within last 12h)
[2026-05-02T08:25:33.770051+00:00] [INFO] nothing to push — all roadmap items either complete or in cooldown
[2026-05-02T08:25:33.838849+00:00] [INFO]   wrote session briefing (15 capability groups, 0 broken integrations)
[2026-05-02T08:25:33.839150+00:00] [INFO]   cycle 1062 done in 1.8s, 1 actions
[2026-05-02T08:25:33.839722+00:00] [INFO]   sleeping 120s until next cycle
[2026-05-02T08:27:33.967060+00:00] [INFO] === cycle 1063 ===
[2026-05-02T08:27:35.869741+00:00] [INFO]   PEER-SUPERVISOR: 1 findings (STALE)
[2026-05-02T08:27:35.870129+00:00] [INFO] === roadmap-driver cycle ===
[2026-05-02T08:27:36.290670+00:00] [INFO] budget check: budget block at 56.0%
[2026-05-02T08:27:36.309130+00:00] [INFO]   roadmap_edge_track_record_in_briefing: in cooldown (attempted within last 12h)
[2026-05-02T08:27:36.309530+00:00] [INFO] nothing to push — all roadmap items either complete or in cooldown
[2026-05-02T08:27:36.366187+00:00] [INFO]   wrote session briefing (15 capability groups, 0 broken integrations)
[2026-05-02T08:27:36.366519+00:00] [INFO]   cycle 1063 done in 2.4s, 1 actions
[2026-05-02T08:27:36.367058+00:00] [INFO]   sleeping 120s until next cycle
[2026-05-02T08:29:36.465179+00:00] [INFO] === cycle 1064 ===
[2026-05-02T08:29:38.684796+00:00] [INFO]   PEER-SUPERVISOR: 1 findings (STALE)
[2026-05-02T08:29:38.685240+00:00] [INFO] === roadmap-driver cycle ===
[2026-05-02T08:29:39.110624+00:00] [INFO] budget check: budget block at 56.0%
[2026-05-02T08:29:39.128342+00:00] [INFO]   roadmap_edge_track_record_in_briefing: in cooldown (attempted within last 12h)
[2026-05-02T08:29:39.130044+00:00] [INFO] nothing to push — all roadmap items either complete or in cooldown
[2026-05-02T08:29:39.182545+00:00] [INFO]   wrote session briefing (15 capability groups, 0 broken integrations)
[2026-05-02T08:29:39.182724+00:00] [INFO]   cycle 1064 done in 2.7s, 1 actions
[2026-05-02T08:29:39.183274+00:00] [INFO]   sleeping 120s until next cycle
[2026-05-02T08:31:39.225135+00:00] [INFO] === cycle 1065 ===
[2026-05-02T08:31:40.713847+00:00] [INFO] === roadmap-driver cycle ===
[2026-05-02T08:31:41.243620+00:00] [INFO] budget check: budget block at 56.0%
[2026-05-02T08:31:41.265204+00:00] [INFO]   roadmap_edge_track_record_in_briefing: in cooldown (attempted within last 12h)
[2026-05-02T08:31:41.266689+00:00] [INFO] nothing to push — all roadmap items either complete or in cooldown
[2026-05-02T08:31:41.324359+00:00] [INFO]   wrote session briefing (15 capability groups, 0 broken integrations)
[2026-05-02T08:31:41.324770+00:00] [INFO]   cycle 1065 done in 2.1s, 0 actions
[2026-05-02T08:31:41.325345+00:00] [INFO]   sleeping 900s until next cycle
[2026-05-02T08:46:41.330663+00:00] [INFO] === cycle 1066 ===
[2026-05-02T08:46:42.552326+00:00] [INFO]   PEER-SUPERVISOR: 1 findings (STALE)
[2026-05-02T08:46:42.552724+00:00] [INFO] === roadmap-driver cycle ===
[2026-05-02T08:46:42.978649+00:00] [INFO] budget check: budget block at 57.5%
[2026-05-02T08:46:42.997480+00:00] [INFO]   roadmap_edge_track_record_in_briefing: in cooldown (attempted within last 12h)
[2026-05-02T08:46:42.998048+00:00] [INFO] nothing to push — all roadmap items either complete or in cooldown
[2026-05-02T08:46:43.053219+00:00] [INFO]   wrote session briefing (15 capability groups, 0 broken integrations)
[2026-05-02T08:46:43.053527+00:00] [INFO]   cycle 1066 done in 1.7s, 1 actions
[2026-05-02T08:46:43.054062+00:00] [INFO]   sleeping 120s until next cycle
[2026-05-02T08:48:43.200698+00:00] [INFO] === cycle 1067 ===
[2026-05-02T08:48:44.246826+00:00] [INFO]   DETECT spark idle (0.5%)
[2026-05-02T08:48:44.253767+00:00] [INFO]   PEER-SUPERVISOR: 1 findings (STALE)
[2026-05-02T08:48:44.254163+00:00] [INFO] === roadmap-driver cycle ===
[2026-05-02T08:48:44.670697+00:00] [INFO] budget check: budget block at 55.0%
[2026-05-02T08:48:44.689889+00:00] [INFO]   roadmap_edge_track_record_in_briefing: in cooldown (attempted within last 12h)
[2026-05-02T08:48:44.690290+00:00] [INFO] nothing to push — all roadmap items either complete or in cooldown
[2026-05-02T08:48:44.747693+00:00] [INFO]   wrote session briefing (15 capability groups, 0 broken integrations)
[2026-05-02T08:48:44.748019+00:00] [INFO]   cycle 1067 done in 1.5s, 1 actions
[2026-05-02T08:48:44.748578+00:00] [INFO]   sleeping 120s until next cycle
[2026-05-02T08:50:44.766744+00:00] [INFO] === cycle 1068 ===
[2026-05-02T08:50:45.989292+00:00] [INFO]   PEER-SUPERVISOR: 1 findings (STALE)
[2026-05-02T08:50:45.989696+00:00] [INFO] === roadmap-driver cycle ===
[2026-05-02T08:50:46.409894+00:00] [INFO] budget check: budget block at 55.0%
[2026-05-02T08:50:46.429124+00:00] [INFO]   roadmap_edge_track_record_in_briefing: in cooldown (attempted within last 12h)
[2026-05-02T08:50:46.429522+00:00] [INFO] nothing to push — all roadmap items either complete or in cooldown
[2026-05-02T08:50:46.487077+00:00] [INFO]   wrote session briefing (15 capability groups, 0 broken integrations)
[2026-05-02T08:50:46.487257+00:00] [INFO]   cycle 1068 done in 1.7s, 1 actions
[2026-05-02T08:50:46.487807+00:00] [INFO]   sleeping 120s until next cycle
[2026-05-02T08:52:46.628856+00:00] [INFO] === cycle 1069 ===
[2026-05-02T08:52:48.363182+00:00] [INFO]   PEER-SUPERVISOR: 1 findings (STALE)
[2026-05-02T08:52:48.363582+00:00] [INFO] === roadmap-driver cycle ===
[2026-05-02T08:52:48.790558+00:00] [INFO] budget check: budget block at 55.0%
[2026-05-02T08:52:48.811367+00:00] [INFO]   roadmap_edge_track_record_in_briefing: in cooldown (attempted within last 12h)
[2026-05-02T08:52:48.811797+00:00] [INFO] nothing to push — all roadmap items either complete or in cooldown
[2026-05-02T08:52:48.870329+00:00] [INFO]   wrote session briefing (15 capability groups, 0 broken integrations)
[2026-05-02T08:52:48.870644+00:00] [INFO]   cycle 1069 done in 2.2s, 1 actions
[2026-05-02T08:52:48.871188+00:00] [INFO]   sleeping 120s until next cycle
[2026-05-02T08:54:48.949767+00:00] [INFO] === cycle 1070 ===
[2026-05-02T08:54:51.638658+00:00] [INFO]   PEER-SUPERVISOR: 1 findings (STALE)
[2026-05-02T08:54:51.668566+00:00] [INFO] === roadmap-driver cycle ===
[2026-05-02T08:54:52.602749+00:00] [INFO] budget check: budget block at 55.5%
[2026-05-02T08:54:52.667146+00:00] [INFO]   roadmap_edge_track_record_in_briefing: in cooldown (attempted within last 12h)
[2026-05-02T08:54:52.668965+00:00] [INFO] nothing to push — all roadmap items either complete or in cooldown
[2026-05-02T08:54:52.880646+00:00] [INFO]   wrote session briefing (15 capability groups, 0 broken integrations)
[2026-05-02T08:54:52.883851+00:00] [INFO]   cycle 1070 done in 3.9s, 1 actions
[2026-05-02T08:54:52.885008+00:00] [INFO]   sleeping 120s until next cycle
[2026-05-02T08:56:53.096767+00:00] [INFO] === cycle 1071 ===
[2026-05-02T08:57:10.065448+00:00] [INFO]   PEER-SUPERVISOR: 1 findings (STALE)
[2026-05-02T08:57:10.068831+00:00] [INFO] === roadmap-driver cycle ===
[2026-05-02T08:57:11.175025+00:00] [INFO] budget check: budget block at 57.5%
[2026-05-02T08:57:11.502460+00:00] [INFO]   roadmap_edge_track_record_in_briefing: in cooldown (attempted within last 12h)
[2026-05-02T08:57:11.509279+00:00] [INFO] nothing to push — all roadmap items either complete or in cooldown
[2026-05-02T08:57:11.976133+00:00] [INFO]   wrote session briefing (15 capability groups, 0 broken integrations)
[2026-05-02T08:57:11.982942+00:00] [INFO]   cycle 1071 done in 18.9s, 1 actions
[2026-05-02T08:57:11.984691+00:00] [INFO]   sleeping 120s until next cycle
[2026-05-02T08:59:12.324707+00:00] [INFO] === cycle 1072 ===
[2026-05-02T08:59:32.565214+00:00] [INFO]   PEER-SUPERVISOR: 1 findings (STALE)
[2026-05-02T08:59:32.577124+00:00] [INFO] === roadmap-driver cycle ===
[2026-05-02T08:59:33.594248+00:00] [INFO] budget check: budget block at 55.5%
[2026-05-02T08:59:33.739032+00:00] [INFO]   roadmap_edge_track_record_in_briefing: in cooldown (attempted within last 12h)
[2026-05-02T08:59:33.773449+00:00] [INFO] nothing to push — all roadmap items either complete or in cooldown
[2026-05-02T08:59:34.309419+00:00] [INFO]   wrote session briefing (15 capability groups, 0 broken integrations)
[2026-05-02T08:59:34.317664+00:00] [INFO]   cycle 1072 done in 22.1s, 1 actions
[2026-05-02T08:59:34.319477+00:00] [INFO]   sleeping 120s until next cycle
[2026-05-02T09:01:34.467825+00:00] [INFO] === cycle 1073 ===
[2026-05-02T09:01:35.518092+00:00] [INFO] === roadmap-driver cycle ===
[2026-05-02T09:01:35.946039+00:00] [INFO] budget check: budget block at 55.5%
[2026-05-02T09:01:35.962165+00:00] [INFO]   roadmap_edge_track_record_in_briefing: in cooldown (attempted within last 12h)
[2026-05-02T09:01:35.962370+00:00] [INFO] nothing to push — all roadmap items either complete or in cooldown
[2026-05-02T09:01:36.012510+00:00] [INFO]   wrote session briefing (15 capability groups, 0 broken integrations)
[2026-05-02T09:01:36.012702+00:00] [INFO]   cycle 1073 done in 1.5s, 0 actions
[2026-05-02T09:01:36.013266+00:00] [INFO]   sleeping 900s until next cycle
[2026-05-02T09:16:36.112637+00:00] [INFO] === cycle 1074 ===
[2026-05-02T09:16:37.431530+00:00] [INFO] === roadmap-driver cycle ===
[2026-05-02T09:16:37.855704+00:00] [INFO] budget check: budget block at 56.0%
[2026-05-02T09:16:37.876207+00:00] [INFO]   roadmap_edge_track_record_in_briefing: in cooldown (attempted within last 12h)
[2026-05-02T09:16:37.876755+00:00] [INFO] nothing to push — all roadmap items either complete or in cooldown
[2026-05-02T09:16:37.934398+00:00] [INFO]   wrote session briefing (15 capability groups, 0 broken integrations)
[2026-05-02T09:16:37.934729+00:00] [INFO]   cycle 1074 done in 1.8s, 0 actions
[2026-05-02T09:16:37.935281+00:00] [INFO]   sleeping 900s until next cycle
[2026-05-02T09:31:37.955622+00:00] [INFO] === cycle 1075 ===
[2026-05-02T09:31:39.186713+00:00] [INFO] === roadmap-driver cycle ===
[2026-05-02T09:31:39.607845+00:00] [INFO] budget check: budget block at 58.0%
[2026-05-02T09:31:39.626518+00:00] [INFO]   roadmap_edge_track_record_in_briefing: in cooldown (attempted within last 12h)
[2026-05-02T09:31:39.626923+00:00] [INFO] nothing to push — all roadmap items either complete or in cooldown
[2026-05-02T09:31:39.679547+00:00] [INFO]   wrote session briefing (15 capability groups, 0 broken integrations)
[2026-05-02T09:31:39.679886+00:00] [INFO]   cycle 1075 done in 1.7s, 0 actions
[2026-05-02T09:31:39.680472+00:00] [INFO]   sleeping 900s until next cycle
[2026-05-02T09:46:39.691954+00:00] [INFO] === cycle 1076 ===
[2026-05-02T09:46:40.993212+00:00] [INFO] === roadmap-driver cycle ===
[2026-05-02T09:46:41.412925+00:00] [INFO] budget check: budget block at 55.0%
[2026-05-02T09:46:41.429713+00:00] [INFO]   roadmap_edge_track_record_in_briefing: in cooldown (attempted within last 12h)
[2026-05-02T09:46:41.430222+00:00] [INFO] nothing to push — all roadmap items either complete or in cooldown
[2026-05-02T09:46:41.488346+00:00] [INFO]   wrote session briefing (15 capability groups, 0 broken integrations)
[2026-05-02T09:46:41.488661+00:00] [INFO]   cycle 1076 done in 1.8s, 0 actions
[2026-05-02T09:46:41.489216+00:00] [INFO]   sleeping 900s until next cycle
[2026-05-02T10:01:41.614910+00:00] [INFO] === cycle 1077 ===
[2026-05-02T10:01:42.840456+00:00] [INFO]   PEER-SUPERVISOR: 1 findings (STALE)
[2026-05-02T10:01:42.840979+00:00] [INFO] === roadmap-driver cycle ===
[2026-05-02T10:01:43.259755+00:00] [INFO] budget check: budget block at 53.0%
[2026-05-02T10:01:43.281576+00:00] [INFO]   roadmap_edge_track_record_in_briefing: in cooldown (attempted within last 12h)
[2026-05-02T10:01:43.282183+00:00] [INFO] nothing to push — all roadmap items either complete or in cooldown
[2026-05-02T10:01:43.338031+00:00] [INFO]   wrote session briefing (15 capability groups, 0 broken integrations)
[2026-05-02T10:01:43.338370+00:00] [INFO]   cycle 1077 done in 1.7s, 1 actions
[2026-05-02T10:01:43.338978+00:00] [INFO]   sleeping 120s until next cycle
[2026-05-02T10:03:43.489501+00:00] [INFO] === cycle 1078 ===
[2026-05-02T10:03:44.806332+00:00] [INFO]   PEER-SUPERVISOR: 1 findings (STALE)
[2026-05-02T10:03:44.806853+00:00] [INFO] === roadmap-driver cycle ===
[2026-05-02T10:03:45.226213+00:00] [INFO] budget check: budget block at 53.0%
[2026-05-02T10:03:45.247978+00:00] [INFO]   roadmap_edge_track_record_in_briefing: in cooldown (attempted within last 12h)
[2026-05-02T10:03:45.248551+00:00] [INFO] nothing to push — all roadmap items either complete or in cooldown
[2026-05-02T10:03:45.314257+00:00] [INFO]   wrote session briefing (15 capability groups, 0 broken integrations)
[2026-05-02T10:03:45.314588+00:00] [INFO]   cycle 1078 done in 1.8s, 1 actions
[2026-05-02T10:03:45.315156+00:00] [INFO]   sleeping 120s until next cycle
[2026-05-02T10:05:45.459389+00:00] [INFO] === cycle 1079 ===
[2026-05-02T10:05:47.295038+00:00] [INFO]   PEER-SUPERVISOR: 1 findings (STALE)
[2026-05-02T10:05:47.295439+00:00] [INFO] === roadmap-driver cycle ===
[2026-05-02T10:05:47.725632+00:00] [INFO] budget check: budget block at 54.5%
[2026-05-02T10:05:47.746638+00:00] [INFO]   roadmap_edge_track_record_in_briefing: in cooldown (attempted within last 12h)
[2026-05-02T10:05:47.747052+00:00] [INFO] nothing to push — all roadmap items either complete or in cooldown
[2026-05-02T10:05:47.814228+00:00] [INFO]   wrote session briefing (15 capability groups, 0 broken integrations)
[2026-05-02T10:05:47.814554+00:00] [INFO]   cycle 1079 done in 2.4s, 1 actions
[2026-05-02T10:05:47.815082+00:00] [INFO]   sleeping 120s until next cycle
[2026-05-02T10:07:47.877773+00:00] [INFO] === cycle 1080 ===
[2026-05-02T10:07:49.080183+00:00] [INFO]   PEER-SUPERVISOR: 1 findings (STALE)
[2026-05-02T10:07:49.080571+00:00] [INFO] === roadmap-driver cycle ===
[2026-05-02T10:07:49.499887+00:00] [INFO] budget check: budget block at 53.0%
[2026-05-02T10:07:49.519997+00:00] [INFO]   roadmap_edge_track_record_in_briefing: in cooldown (attempted within last 12h)
[2026-05-02T10:07:49.520405+00:00] [INFO] nothing to push — all roadmap items either complete or in cooldown
[2026-05-02T10:07:49.576360+00:00] [INFO]   wrote session briefing (15 capability groups, 0 broken integrations)
[2026-05-02T10:07:49.576705+00:00] [INFO]   cycle 1080 done in 1.7s, 1 actions
[2026-05-02T10:07:49.577261+00:00] [INFO]   sleeping 120s until next cycle
[2026-05-02T10:09:49.648272+00:00] [INFO] === cycle 1081 ===
[2026-05-02T10:09:50.860654+00:00] [INFO]   PEER-SUPERVISOR: 1 findings (STALE)
[2026-05-02T10:09:50.861041+00:00] [INFO] === roadmap-driver cycle ===
[2026-05-02T10:09:51.277084+00:00] [INFO] budget check: budget block at 51.5%
[2026-05-02T10:09:51.297515+00:00] [INFO]   roadmap_edge_track_record_in_briefing: in cooldown (attempted within last 12h)
[2026-05-02T10:09:51.297917+00:00] [INFO] nothing to push — all roadmap items either complete or in cooldown
[2026-05-02T10:09:51.353851+00:00] [INFO]   wrote session briefing (15 capability groups, 0 broken integrations)
[2026-05-02T10:09:51.354177+00:00] [INFO]   cycle 1081 done in 1.7s, 1 actions
[2026-05-02T10:09:51.354765+00:00] [INFO]   sleeping 120s until next cycle
[2026-05-02T10:11:51.392804+00:00] [INFO] === cycle 1082 ===
[2026-05-02T10:11:52.670681+00:00] [INFO]   PEER-SUPERVISOR: 1 findings (STALE)
[2026-05-02T10:11:52.671225+00:00] [INFO] === roadmap-driver cycle ===
[2026-05-02T10:11:53.098732+00:00] [INFO] budget check: budget block at 51.5%
[2026-05-02T10:11:53.127559+00:00] [INFO]   roadmap_edge_track_record_in_briefing: in cooldown (attempted within last 12h)
[2026-05-02T10:11:53.128170+00:00] [INFO] nothing to push — all roadmap items either complete or in cooldown
[2026-05-02T10:11:53.184498+00:00] [INFO]   wrote session briefing (15 capability groups, 0 broken integrations)
[2026-05-02T10:11:53.184680+00:00] [INFO]   cycle 1082 done in 1.8s, 1 actions
[2026-05-02T10:11:53.185176+00:00] [INFO]   sleeping 120s until next cycle
[2026-05-02T10:13:53.220905+00:00] [INFO] === cycle 1083 ===
[2026-05-02T10:13:54.780248+00:00] [INFO]   PEER-SUPERVISOR: 1 findings (STALE)
[2026-05-02T10:13:54.780650+00:00] [INFO] === roadmap-driver cycle ===
[2026-05-02T10:13:55.199233+00:00] [INFO] budget check: budget block at 51.5%
[2026-05-02T10:13:55.219277+00:00] [INFO]   roadmap_edge_track_record_in_briefing: in cooldown (attempted within last 12h)
[2026-05-02T10:13:55.219704+00:00] [INFO] nothing to push — all roadmap items either complete or in cooldown
[2026-05-02T10:13:55.276378+00:00] [INFO]   wrote session briefing (15 capability groups, 0 broken integrations)
[2026-05-02T10:13:55.276726+00:00] [INFO]   cycle 1083 done in 2.1s, 1 actions
[2026-05-02T10:13:55.277239+00:00] [INFO]   sleeping 120s until next cycle
[2026-05-02T10:15:55.316396+00:00] [INFO] === cycle 1084 ===
[2026-05-02T10:15:56.526136+00:00] [INFO]   PEER-SUPERVISOR: 1 findings (STALE)
[2026-05-02T10:15:56.526676+00:00] [INFO] === roadmap-driver cycle ===
[2026-05-02T10:15:56.946733+00:00] [INFO] budget check: budget block at 52.0%
[2026-05-02T10:15:56.966580+00:00] [INFO]   roadmap_edge_track_record_in_briefing: in cooldown (attempted within last 12h)
[2026-05-02T10:15:56.967094+00:00] [INFO] nothing to push — all roadmap items either complete or in cooldown
[2026-05-02T10:15:57.023145+00:00] [INFO]   wrote session briefing (15 capability groups, 0 broken integrations)
[2026-05-02T10:15:57.023453+00:00] [INFO]   cycle 1084 done in 1.7s, 1 actions
[2026-05-02T10:15:57.024010+00:00] [INFO]   sleeping 120s until next cycle
[2026-05-02T10:17:57.121951+00:00] [INFO] === cycle 1085 ===
[2026-05-02T10:17:58.317635+00:00] [INFO]   PEER-SUPERVISOR: 1 findings (STALE)
[2026-05-02T10:17:58.318028+00:00] [INFO] === roadmap-driver cycle ===
[2026-05-02T10:17:58.738672+00:00] [INFO] budget check: budget block at 52.0%
[2026-05-02T10:17:58.759668+00:00] [INFO]   PUSHED roadmap_edge_track_record_in_briefing  sev=LOW  Verify morning briefing edge-weight track record line is wir
[2026-05-02T10:17:58.762539+00:00] [INFO] === done — pushed 1 tasks, queue now 1 ===
[2026-05-02T10:17:58.762825+00:00] [INFO]   ROADMAP-DRIVER: pushed 1 build tasks (queue depth now 1)
[2026-05-02T10:17:58.818847+00:00] [INFO]   wrote session briefing (15 capability groups, 0 broken integrations)
[2026-05-02T10:17:58.819022+00:00] [INFO]   cycle 1085 done in 1.7s, 2 actions
[2026-05-02T10:17:58.819572+00:00] [INFO]   sleeping 120s until next cycle
[2026-05-02T10:19:58.924506+00:00] [INFO] === cycle 1086 ===
[2026-05-02T10:20:00.197226+00:00] [INFO]   PEER-SUPERVISOR: 1 findings (STALE)
[2026-05-02T10:20:00.197612+00:00] [INFO] === roadmap-driver cycle ===
[2026-05-02T10:20:00.619619+00:00] [INFO] budget check: budget block at 56.5%
[2026-05-02T10:20:00.638704+00:00] [INFO]   roadmap_edge_track_record_in_briefing: already in pending queue
[2026-05-02T10:20:00.639239+00:00] [INFO] nothing to push — all roadmap items either complete or in cooldown
[2026-05-02T10:20:00.697918+00:00] [INFO]   wrote session briefing (15 capability groups, 0 broken integrations)
[2026-05-02T10:20:00.698264+00:00] [INFO]   cycle 1086 done in 1.8s, 1 actions
[2026-05-02T10:20:00.698849+00:00] [INFO]   sleeping 120s until next cycle
[2026-05-02T10:22:00.725356+00:00] [INFO] === cycle 1087 ===
[2026-05-02T10:22:01.877661+00:00] [INFO]   PEER-SUPERVISOR: 1 findings (STALE)
[2026-05-02T10:22:01.878048+00:00] [INFO] === roadmap-driver cycle ===
[2026-05-02T10:22:02.299757+00:00] [INFO] budget check: budget block at 56.5%
[2026-05-02T10:22:02.325773+00:00] [INFO]   roadmap_edge_track_record_in_briefing: in cooldown (attempted within last 12h)
[2026-05-02T10:22:02.326152+00:00] [INFO] nothing to push — all roadmap items either complete or in cooldown
[2026-05-02T10:22:02.382972+00:00] [INFO]   wrote session briefing (15 capability groups, 0 broken integrations)
[2026-05-02T10:22:02.383364+00:00] [INFO]   cycle 1087 done in 1.7s, 1 actions
[2026-05-02T10:22:02.383897+00:00] [INFO]   sleeping 120s until next cycle
[2026-05-02T10:24:02.523434+00:00] [INFO] === cycle 1088 ===
[2026-05-02T10:24:03.735660+00:00] [INFO]   PEER-SUPERVISOR: 1 findings (STALE)
[2026-05-02T10:24:03.736067+00:00] [INFO] === roadmap-driver cycle ===
[2026-05-02T10:24:04.154063+00:00] [INFO] budget check: budget block at 56.5%
[2026-05-02T10:24:04.170531+00:00] [INFO]   roadmap_edge_track_record_in_briefing: in cooldown (attempted within last 12h)
[2026-05-02T10:24:04.170915+00:00] [INFO] nothing to push — all roadmap items either complete or in cooldown
[2026-05-02T10:24:04.218250+00:00] [INFO]   wrote session briefing (15 capability groups, 0 broken integrations)
[2026-05-02T10:24:04.218446+00:00] [INFO]   cycle 1088 done in 1.7s, 1 actions
[2026-05-02T10:24:04.219026+00:00] [INFO]   sleeping 120s until next cycle
[2026-05-02T10:26:04.318336+00:00] [INFO] === cycle 1089 ===
[2026-05-02T10:26:05.518665+00:00] [INFO]   PEER-SUPERVISOR: 1 findings (STALE)
[2026-05-02T10:26:05.519189+00:00] [INFO] === roadmap-driver cycle ===
[2026-05-02T10:26:05.946881+00:00] [INFO] budget check: budget block at 58.0%
[2026-05-02T10:26:05.965248+00:00] [INFO]   roadmap_edge_track_record_in_briefing: in cooldown (attempted within last 12h)
[2026-05-02T10:26:05.965866+00:00] [INFO] nothing to push — all roadmap items either complete or in cooldown
[2026-05-02T10:26:06.016568+00:00] [INFO]   wrote session briefing (15 capability groups, 0 broken integrations)
[2026-05-02T10:26:06.016995+00:00] [INFO]   cycle 1089 done in 1.7s, 1 actions
[2026-05-02T10:26:06.017572+00:00] [INFO]   sleeping 120s until next cycle
[2026-05-02T10:28:06.038441+00:00] [INFO] === cycle 1090 ===
[2026-05-02T10:28:07.235893+00:00] [INFO]   PEER-SUPERVISOR: 1 findings (STALE)
[2026-05-02T10:28:07.236279+00:00] [INFO] === roadmap-driver cycle ===
[2026-05-02T10:28:07.656777+00:00] [INFO] budget check: budget block at 58.0%
[2026-05-02T10:28:07.675214+00:00] [INFO]   roadmap_edge_track_record_in_briefing: in cooldown (attempted within last 12h)
[2026-05-02T10:28:07.675621+00:00] [INFO] nothing to push — all roadmap items either complete or in cooldown
[2026-05-02T10:28:07.740505+00:00] [INFO]   wrote session briefing (15 capability groups, 0 broken integrations)
[2026-05-02T10:28:07.740859+00:00] [INFO]   cycle 1090 done in 1.7s, 1 actions
[2026-05-02T10:28:07.741371+00:00] [INFO]   sleeping 120s until next cycle
[2026-05-02T10:30:07.744619+00:00] [INFO] === cycle 1091 ===
[2026-05-02T10:30:08.941592+00:00] [INFO]   PEER-SUPERVISOR: 1 findings (STALE)
[2026-05-02T10:30:08.941974+00:00] [INFO] === roadmap-driver cycle ===
[2026-05-02T10:30:09.360912+00:00] [INFO] budget check: budget block at 58.0%
[2026-05-02T10:30:09.378548+00:00] [INFO]   roadmap_edge_track_record_in_briefing: in cooldown (attempted within last 12h)
[2026-05-02T10:30:09.378956+00:00] [INFO] nothing to push — all roadmap items either complete or in cooldown
[2026-05-02T10:30:09.432030+00:00] [INFO]   wrote session briefing (15 capability groups, 0 broken integrations)
[2026-05-02T10:30:09.432214+00:00] [INFO]   cycle 1091 done in 1.7s, 1 actions
[2026-05-02T10:30:09.432695+00:00] [INFO]   sleeping 120s until next cycle
[2026-05-02T10:32:09.491424+00:00] [INFO] === cycle 1092 ===
[2026-05-02T10:32:10.715881+00:00] [INFO]   PEER-SUPERVISOR: 1 findings (STALE)
[2026-05-02T10:32:10.716396+00:00] [INFO] === roadmap-driver cycle ===
[2026-05-02T10:32:11.133196+00:00] [INFO] budget check: budget block at 54.5%
[2026-05-02T10:32:11.153830+00:00] [INFO]   roadmap_edge_track_record_in_briefing: in cooldown (attempted within last 12h)
[2026-05-02T10:32:11.154433+00:00] [INFO] nothing to push — all roadmap items either complete or in cooldown
[2026-05-02T10:32:11.212313+00:00] [INFO]   wrote session briefing (15 capability groups, 0 broken integrations)
[2026-05-02T10:32:11.212681+00:00] [INFO]   cycle 1092 done in 1.7s, 1 actions
[2026-05-02T10:32:11.213181+00:00] [INFO]   sleeping 120s until next cycle
[2026-05-02T10:34:11.245804+00:00] [INFO] === cycle 1093 ===
[2026-05-02T10:34:12.554758+00:00] [INFO]   PEER-SUPERVISOR: 1 findings (STALE)
[2026-05-02T10:34:12.555145+00:00] [INFO] === roadmap-driver cycle ===
[2026-05-02T10:34:12.984595+00:00] [INFO] budget check: budget block at 54.5%
[2026-05-02T10:34:13.003644+00:00] [INFO]   roadmap_edge_track_record_in_briefing: in cooldown (attempted within last 12h)
[2026-05-02T10:34:13.004250+00:00] [INFO] nothing to push — all roadmap items either complete or in cooldown
[2026-05-02T10:34:13.069660+00:00] [INFO]   wrote session briefing (15 capability groups, 0 broken integrations)
[2026-05-02T10:34:13.070003+00:00] [INFO]   cycle 1093 done in 1.8s, 1 actions
[2026-05-02T10:34:13.070586+00:00] [INFO]   sleeping 120s until next cycle
[2026-05-02T10:36:13.210128+00:00] [INFO] === cycle 1094 ===
[2026-05-02T10:36:14.570898+00:00] [INFO]   PEER-SUPERVISOR: 1 findings (STALE)
[2026-05-02T10:36:14.571422+00:00] [INFO] === roadmap-driver cycle ===
[2026-05-02T10:36:14.998475+00:00] [INFO] budget check: budget block at 55.0%
[2026-05-02T10:36:15.015939+00:00] [INFO]   roadmap_edge_track_record_in_briefing: in cooldown (attempted within last 12h)
[2026-05-02T10:36:15.016451+00:00] [INFO] nothing to push — all roadmap items either complete or in cooldown
[2026-05-02T10:36:15.072811+00:00] [INFO]   wrote session briefing (15 capability groups, 0 broken integrations)
[2026-05-02T10:36:15.073252+00:00] [INFO]   cycle 1094 done in 1.9s, 1 actions
[2026-05-02T10:36:15.073821+00:00] [INFO]   sleeping 120s until next cycle
[2026-05-02T10:38:15.158389+00:00] [INFO] === cycle 1095 ===
[2026-05-02T10:38:16.413925+00:00] [INFO]   PEER-SUPERVISOR: 1 findings (STALE)
[2026-05-02T10:38:16.414307+00:00] [INFO] === roadmap-driver cycle ===
[2026-05-02T10:38:16.836430+00:00] [INFO] budget check: budget block at 55.0%
[2026-05-02T10:38:16.856841+00:00] [INFO]   roadmap_edge_track_record_in_briefing: in cooldown (attempted within last 12h)
[2026-05-02T10:38:16.857253+00:00] [INFO] nothing to push — all roadmap items either complete or in cooldown
[2026-05-02T10:38:16.914771+00:00] [INFO]   wrote session briefing (15 capability groups, 0 broken integrations)
[2026-05-02T10:38:16.915089+00:00] [INFO]   cycle 1095 done in 1.8s, 1 actions
[2026-05-02T10:38:16.915608+00:00] [INFO]   sleeping 120s until next cycle
[2026-05-02T10:40:16.925951+00:00] [INFO] === cycle 1096 ===
[2026-05-02T10:40:18.083239+00:00] [INFO]   PEER-SUPERVISOR: 1 findings (STALE)
[2026-05-02T10:40:18.084224+00:00] [INFO] === roadmap-driver cycle ===
[2026-05-02T10:40:18.504533+00:00] [INFO] budget check: budget block at 55.0%
[2026-05-02T10:40:18.521336+00:00] [INFO]   roadmap_edge_track_record_in_briefing: in cooldown (attempted within last 12h)
[2026-05-02T10:40:18.521730+00:00] [INFO] nothing to push — all roadmap items either complete or in cooldown
[2026-05-02T10:40:18.575283+00:00] [INFO]   wrote session briefing (15 capability groups, 0 broken integrations)
[2026-05-02T10:40:18.575626+00:00] [INFO]   cycle 1096 done in 1.6s, 1 actions
[2026-05-02T10:40:18.576143+00:00] [INFO]   sleeping 120s until next cycle
[2026-05-02T10:42:18.703172+00:00] [INFO] === cycle 1097 ===
[2026-05-02T10:42:19.956869+00:00] [INFO]   PEER-SUPERVISOR: 1 findings (STALE)
[2026-05-02T10:42:19.957263+00:00] [INFO] === roadmap-driver cycle ===
[2026-05-02T10:42:20.374127+00:00] [INFO] budget check: budget block at 55.0%
[2026-05-02T10:42:20.393101+00:00] [INFO]   roadmap_edge_track_record_in_briefing: in cooldown (attempted within last 12h)
[2026-05-02T10:42:20.393489+00:00] [INFO] nothing to push — all roadmap items either complete or in cooldown
[2026-05-02T10:42:20.448561+00:00] [INFO]   wrote session briefing (15 capability groups, 0 broken integrations)
[2026-05-02T10:42:20.448898+00:00] [INFO]   cycle 1097 done in 1.7s, 1 actions
[2026-05-02T10:42:20.449425+00:00] [INFO]   sleeping 120s until next cycle
[2026-05-02T10:44:20.574798+00:00] [INFO] === cycle 1098 ===
[2026-05-02T10:44:22.226493+00:00] [INFO]   PEER-SUPERVISOR: 1 findings (STALE)
[2026-05-02T10:44:22.227355+00:00] [INFO] === roadmap-driver cycle ===
[2026-05-02T10:44:22.665457+00:00] [INFO] budget check: budget block at 51.5%
[2026-05-02T10:44:22.686571+00:00] [INFO]   roadmap_edge_track_record_in_briefing: in cooldown (attempted within last 12h)
[2026-05-02T10:44:22.686969+00:00] [INFO] nothing to push — all roadmap items either complete or in cooldown
[2026-05-02T10:44:22.755171+00:00] [INFO]   wrote session briefing (15 capability groups, 0 broken integrations)
[2026-05-02T10:44:22.755491+00:00] [INFO]   cycle 1098 done in 2.2s, 1 actions
[2026-05-02T10:44:22.756055+00:00] [INFO]   sleeping 120s until next cycle
[2026-05-02T10:46:22.885164+00:00] [INFO] === cycle 1099 ===
[2026-05-02T10:46:24.327005+00:00] [INFO]   PEER-SUPERVISOR: 1 findings (STALE)
[2026-05-02T10:46:24.327491+00:00] [INFO] === roadmap-driver cycle ===
[2026-05-02T10:46:24.760605+00:00] [INFO] budget check: budget block at 51.5%
[2026-05-02T10:46:24.780668+00:00] [INFO]   roadmap_edge_track_record_in_briefing: in cooldown (attempted within last 12h)
[2026-05-02T10:46:24.781186+00:00] [INFO] nothing to push — all roadmap items either complete or in cooldown
[2026-05-02T10:46:24.837336+00:00] [INFO]   wrote session briefing (15 capability groups, 0 broken integrations)
[2026-05-02T10:46:24.837653+00:00] [INFO]   cycle 1099 done in 2.0s, 1 actions
[2026-05-02T10:46:24.838256+00:00] [INFO]   sleeping 120s until next cycle
[2026-05-02T10:48:24.910085+00:00] [INFO] === cycle 1100 ===
[2026-05-02T10:48:24.912632+00:00] [INFO]   refreshing capability manifest
[2026-05-02T10:48:28.587895+00:00] [INFO]   PEER-SUPERVISOR: 1 findings (STALE)
[2026-05-02T10:48:28.588312+00:00] [INFO] === roadmap-driver cycle ===
[2026-05-02T10:48:29.007483+00:00] [INFO] budget check: budget block at 53.0%
[2026-05-02T10:48:29.033675+00:00] [INFO]   roadmap_edge_track_record_in_briefing: in cooldown (attempted within last 12h)
[2026-05-02T10:48:29.033882+00:00] [INFO] nothing to push — all roadmap items either complete or in cooldown
[2026-05-02T10:48:29.088410+00:00] [INFO]   wrote session briefing (15 capability groups, 0 broken integrations)
[2026-05-02T10:48:29.088736+00:00] [INFO]   cycle 1100 done in 4.2s, 1 actions
[2026-05-02T10:48:29.089232+00:00] [INFO]   sleeping 120s until next cycle
[2026-05-02T10:50:29.200364+00:00] [INFO] === cycle 1101 ===
[2026-05-02T10:50:30.467284+00:00] [INFO]   PEER-SUPERVISOR: 1 findings (STALE)
[2026-05-02T10:50:30.467692+00:00] [INFO] === roadmap-driver cycle ===
[2026-05-02T10:50:30.887515+00:00] [INFO] budget check: budget block at 53.0%
[2026-05-02T10:50:30.907267+00:00] [INFO]   roadmap_edge_track_record_in_briefing: in cooldown (attempted within last 12h)
[2026-05-02T10:50:30.907916+00:00] [INFO] nothing to push — all roadmap items either complete or in cooldown
[2026-05-02T10:50:30.975307+00:00] [INFO]   wrote session briefing (15 capability groups, 0 broken integrations)
[2026-05-02T10:50:30.975661+00:00] [INFO]   cycle 1101 done in 1.8s, 1 actions
[2026-05-02T10:50:30.976181+00:00] [INFO]   sleeping 120s until next cycle
[2026-05-02T10:52:31.036721+00:00] [INFO] === cycle 1102 ===
[2026-05-02T10:52:32.617309+00:00] [INFO]   PEER-SUPERVISOR: 1 findings (STALE)
[2026-05-02T10:52:32.617813+00:00] [INFO] === roadmap-driver cycle ===
[2026-05-02T10:52:33.052885+00:00] [INFO] budget check: budget block at 53.0%
[2026-05-02T10:52:33.082236+00:00] [INFO]   roadmap_edge_track_record_in_briefing: in cooldown (attempted within last 12h)
[2026-05-02T10:52:33.082801+00:00] [INFO] nothing to push — all roadmap items either complete or in cooldown
[2026-05-02T10:52:33.150483+00:00] [INFO]   wrote session briefing (15 capability groups, 0 broken integrations)
[2026-05-02T10:52:33.150804+00:00] [INFO]   cycle 1102 done in 2.1s, 1 actions
[2026-05-02T10:52:33.151388+00:00] [INFO]   sleeping 120s until next cycle
[2026-05-02T10:54:33.216051+00:00] [INFO] === cycle 1103 ===
[2026-05-02T10:54:34.472448+00:00] [INFO]   PEER-SUPERVISOR: 1 findings (STALE)
[2026-05-02T10:54:34.472826+00:00] [INFO] === roadmap-driver cycle ===
[2026-05-02T10:54:34.890712+00:00] [INFO] budget check: budget block at 53.0%
[2026-05-02T10:54:34.911317+00:00] [INFO]   roadmap_edge_track_record_in_briefing: in cooldown (attempted within last 12h)
[2026-05-02T10:54:34.911693+00:00] [INFO] nothing to push — all roadmap items either complete or in cooldown
[2026-05-02T10:54:34.978403+00:00] [INFO]   wrote session briefing (15 capability groups, 0 broken integrations)
[2026-05-02T10:54:34.978721+00:00] [INFO]   cycle 1103 done in 1.8s, 1 actions
[2026-05-02T10:54:34.979283+00:00] [INFO]   sleeping 120s until next cycle
[2026-05-02T10:56:35.128108+00:00] [INFO] === cycle 1104 ===
[2026-05-02T10:56:36.406683+00:00] [INFO]   PEER-SUPERVISOR: 1 findings (STALE)
[2026-05-02T10:56:36.407219+00:00] [INFO] === roadmap-driver cycle ===
[2026-05-02T10:56:36.826164+00:00] [INFO] budget check: budget block at 51.0%
[2026-05-02T10:56:36.849304+00:00] [INFO]   roadmap_edge_track_record_in_briefing: in cooldown (attempted within last 12h)
[2026-05-02T10:56:36.850925+00:00] [INFO] nothing to push — all roadmap items either complete or in cooldown
[2026-05-02T10:56:36.927983+00:00] [INFO]   wrote session briefing (15 capability groups, 0 broken integrations)
[2026-05-02T10:56:36.928288+00:00] [INFO]   cycle 1104 done in 1.8s, 1 actions
[2026-05-02T10:56:36.928870+00:00] [INFO]   sleeping 120s until next cycle
[2026-05-02T10:58:36.939500+00:00] [INFO] === cycle 1105 ===
[2026-05-02T10:58:38.417275+00:00] [INFO]   PEER-SUPERVISOR: 1 findings (STALE)
[2026-05-02T10:58:38.417798+00:00] [INFO] === roadmap-driver cycle ===
[2026-05-02T10:58:38.837650+00:00] [INFO] budget check: budget block at 51.5%
[2026-05-02T10:58:38.858862+00:00] [INFO]   roadmap_edge_track_record_in_briefing: in cooldown (attempted within last 12h)
[2026-05-02T10:58:38.859381+00:00] [INFO] nothing to push — all roadmap items either complete or in cooldown
[2026-05-02T10:58:38.928397+00:00] [INFO]   wrote session briefing (15 capability groups, 0 broken integrations)
[2026-05-02T10:58:38.928734+00:00] [INFO]   cycle 1105 done in 2.0s, 1 actions
[2026-05-02T10:58:38.929278+00:00] [INFO]   sleeping 120s until next cycle
[2026-05-02T11:00:39.004580+00:00] [INFO] === cycle 1106 ===
[2026-05-02T11:00:40.598640+00:00] [INFO] === roadmap-driver cycle ===
[2026-05-02T11:00:41.019686+00:00] [INFO] budget check: budget block at 52.5%
[2026-05-02T11:00:41.038891+00:00] [INFO]   roadmap_edge_track_record_in_briefing: in cooldown (attempted within last 12h)
[2026-05-02T11:00:41.039275+00:00] [INFO] nothing to push — all roadmap items either complete or in cooldown
[2026-05-02T11:00:41.091076+00:00] [INFO]   wrote session briefing (15 capability groups, 0 broken integrations)
[2026-05-02T11:00:41.091393+00:00] [INFO]   cycle 1106 done in 2.1s, 0 actions
[2026-05-02T11:00:41.091924+00:00] [INFO]   sleeping 900s until next cycle
[2026-05-02T11:15:41.200597+00:00] [INFO] === cycle 1107 ===
[2026-05-02T11:15:43.018948+00:00] [INFO]   PEER-SUPERVISOR: 1 findings (STALE)
[2026-05-02T11:15:43.019357+00:00] [INFO] === roadmap-driver cycle ===
[2026-05-02T11:15:43.435556+00:00] [INFO] budget check: budget block at 51.0%
[2026-05-02T11:15:43.454665+00:00] [INFO]   roadmap_edge_track_record_in_briefing: in cooldown (attempted within last 12h)
[2026-05-02T11:15:43.455210+00:00] [INFO] nothing to push — all roadmap items either complete or in cooldown
[2026-05-02T11:15:43.508479+00:00] [INFO]   wrote session briefing (15 capability groups, 0 broken integrations)
[2026-05-02T11:15:43.508800+00:00] [INFO]   cycle 1107 done in 2.3s, 1 actions
[2026-05-02T11:15:43.509334+00:00] [INFO]   sleeping 120s until next cycle
[2026-05-02T11:17:43.609146+00:00] [INFO] === cycle 1108 ===
[2026-05-02T11:17:44.869763+00:00] [INFO]   PEER-SUPERVISOR: 1 findings (STALE)
[2026-05-02T11:17:44.870211+00:00] [INFO] === roadmap-driver cycle ===
[2026-05-02T11:17:45.285933+00:00] [INFO] budget check: budget block at 51.0%
[2026-05-02T11:17:45.305649+00:00] [INFO]   roadmap_edge_track_record_in_briefing: in cooldown (attempted within last 12h)
[2026-05-02T11:17:45.306061+00:00] [INFO] nothing to push — all roadmap items either complete or in cooldown
[2026-05-02T11:17:45.370182+00:00] [INFO]   wrote session briefing (15 capability groups, 0 broken integrations)
[2026-05-02T11:17:45.370362+00:00] [INFO]   cycle 1108 done in 1.8s, 1 actions
[2026-05-02T11:17:45.370912+00:00] [INFO]   sleeping 120s until next cycle
[2026-05-02T11:19:45.376763+00:00] [INFO] === cycle 1109 ===
[2026-05-02T11:19:46.741632+00:00] [INFO]   PEER-SUPERVISOR: 1 findings (STALE)
[2026-05-02T11:19:46.742028+00:00] [INFO] === roadmap-driver cycle ===
[2026-05-02T11:19:47.157875+00:00] [INFO] budget check: budget block at 49.0%
[2026-05-02T11:19:47.178193+00:00] [INFO]   roadmap_edge_track_record_in_briefing: in cooldown (attempted within last 12h)
[2026-05-02T11:19:47.178583+00:00] [INFO] nothing to push — all roadmap items either complete or in cooldown
[2026-05-02T11:19:47.236030+00:00] [INFO]   wrote session briefing (15 capability groups, 0 broken integrations)
[2026-05-02T11:19:47.236337+00:00] [INFO]   cycle 1109 done in 1.9s, 1 actions
[2026-05-02T11:19:47.236863+00:00] [INFO]   sleeping 120s until next cycle
[2026-05-02T11:21:47.331458+00:00] [INFO] === cycle 1110 ===
[2026-05-02T11:21:48.611949+00:00] [INFO]   PEER-SUPERVISOR: 1 findings (STALE)
[2026-05-02T11:21:48.612487+00:00] [INFO] === roadmap-driver cycle ===
[2026-05-02T11:21:49.028702+00:00] [INFO] budget check: budget block at 50.0%
[2026-05-02T11:21:49.046391+00:00] [INFO]   roadmap_edge_track_record_in_briefing: in cooldown (attempted within last 12h)
[2026-05-02T11:21:49.046870+00:00] [INFO] nothing to push — all roadmap items either complete or in cooldown
[2026-05-02T11:21:49.099053+00:00] [INFO]   wrote session briefing (15 capability groups, 0 broken integrations)
[2026-05-02T11:21:49.099365+00:00] [INFO]   cycle 1110 done in 1.8s, 1 actions
[2026-05-02T11:21:49.099877+00:00] [INFO]   sleeping 120s until next cycle
[2026-05-02T11:23:49.115630+00:00] [INFO] === cycle 1111 ===
[2026-05-02T11:23:50.400315+00:00] [INFO]   PEER-SUPERVISOR: 1 findings (STALE)
[2026-05-02T11:23:50.400719+00:00] [INFO] === roadmap-driver cycle ===
[2026-05-02T11:23:50.815628+00:00] [INFO] budget check: budget block at 50.0%
[2026-05-02T11:23:50.834842+00:00] [INFO]   roadmap_edge_track_record_in_briefing: in cooldown (attempted within last 12h)
[2026-05-02T11:23:50.835257+00:00] [INFO] nothing to push — all roadmap items either complete or in cooldown
[2026-05-02T11:23:50.892175+00:00] [INFO]   wrote session briefing (15 capability groups, 0 broken integrations)
[2026-05-02T11:23:50.892360+00:00] [INFO]   cycle 1111 done in 1.8s, 1 actions
[2026-05-02T11:23:50.892874+00:00] [INFO]   sleeping 120s until next cycle
[2026-05-02T11:25:50.894238+00:00] [INFO] === cycle 1112 ===
[2026-05-02T11:25:52.482921+00:00] [INFO]   PEER-SUPERVISOR: 1 findings (STALE)
[2026-05-02T11:25:52.483325+00:00] [INFO] === roadmap-driver cycle ===
[2026-05-02T11:25:52.899112+00:00] [INFO] budget check: budget block at 50.0%
[2026-05-02T11:25:52.918292+00:00] [INFO]   roadmap_edge_track_record_in_briefing: in cooldown (attempted within last 12h)
[2026-05-02T11:25:52.918692+00:00] [INFO] nothing to push — all roadmap items either complete or in cooldown
[2026-05-02T11:25:52.988347+00:00] [INFO]   wrote session briefing (15 capability groups, 0 broken integrations)
[2026-05-02T11:25:52.988711+00:00] [INFO]   cycle 1112 done in 2.1s, 1 actions
[2026-05-02T11:25:52.989234+00:00] [INFO]   sleeping 120s until next cycle
[2026-05-02T11:27:53.107708+00:00] [INFO] === cycle 1113 ===
[2026-05-02T11:27:54.597992+00:00] [INFO]   PEER-SUPERVISOR: 1 findings (STALE)
[2026-05-02T11:27:54.598505+00:00] [INFO] === roadmap-driver cycle ===
[2026-05-02T11:27:55.015334+00:00] [INFO] budget check: budget block at 50.0%
[2026-05-02T11:27:55.035243+00:00] [INFO]   roadmap_edge_track_record_in_briefing: in cooldown (attempted within last 12h)
[2026-05-02T11:27:55.035767+00:00] [INFO] nothing to push — all roadmap items either complete or in cooldown
[2026-05-02T11:27:55.114579+00:00] [INFO]   wrote session briefing (15 capability groups, 0 broken integrations)
[2026-05-02T11:27:55.114870+00:00] [INFO]   cycle 1113 done in 2.0s, 1 actions
[2026-05-02T11:27:55.115457+00:00] [INFO]   sleeping 120s until next cycle
[2026-05-02T11:29:55.259723+00:00] [INFO] === cycle 1114 ===
[2026-05-02T11:29:56.705022+00:00] [INFO]   PEER-SUPERVISOR: 1 findings (STALE)
[2026-05-02T11:29:56.705406+00:00] [INFO] === roadmap-driver cycle ===
[2026-05-02T11:29:57.121543+00:00] [INFO] budget check: budget block at 48.0%
[2026-05-02T11:29:57.138437+00:00] [INFO]   roadmap_edge_track_record_in_briefing: in cooldown (attempted within last 12h)
[2026-05-02T11:29:57.138847+00:00] [INFO] nothing to push — all roadmap items either complete or in cooldown
[2026-05-02T11:29:57.194708+00:00] [INFO]   wrote session briefing (15 capability groups, 0 broken integrations)
[2026-05-02T11:29:57.194886+00:00] [INFO]   cycle 1114 done in 1.9s, 1 actions
[2026-05-02T11:29:57.195428+00:00] [INFO]   sleeping 120s until next cycle
[2026-05-02T11:31:57.270953+00:00] [INFO] === cycle 1115 ===
[2026-05-02T11:31:58.567929+00:00] [INFO] === roadmap-driver cycle ===
[2026-05-02T11:31:58.983094+00:00] [INFO] budget check: budget block at 47.5%
[2026-05-02T11:31:59.003560+00:00] [INFO]   roadmap_edge_track_record_in_briefing: in cooldown (attempted within last 12h)
[2026-05-02T11:31:59.004099+00:00] [INFO] nothing to push — all roadmap items either complete or in cooldown
[2026-05-02T11:31:59.082430+00:00] [INFO]   wrote session briefing (15 capability groups, 0 broken integrations)
[2026-05-02T11:31:59.082850+00:00] [INFO]   cycle 1115 done in 1.8s, 0 actions
[2026-05-02T11:31:59.083371+00:00] [INFO]   sleeping 900s until next cycle
[2026-05-02T11:46:59.213348+00:00] [INFO] === cycle 1116 ===
[2026-05-02T11:47:00.491920+00:00] [INFO]   PEER-SUPERVISOR: 1 findings (STALE)
[2026-05-02T11:47:00.492452+00:00] [INFO] === roadmap-driver cycle ===
[2026-05-02T11:47:00.907156+00:00] [INFO] budget check: budget block at 49.0%
[2026-05-02T11:47:00.931290+00:00] [INFO]   roadmap_edge_track_record_in_briefing: in cooldown (attempted within last 12h)
[2026-05-02T11:47:00.931807+00:00] [INFO] nothing to push — all roadmap items either complete or in cooldown
[2026-05-02T11:47:01.001532+00:00] [INFO]   wrote session briefing (15 capability groups, 0 broken integrations)
[2026-05-02T11:47:01.001833+00:00] [INFO]   cycle 1116 done in 1.8s, 1 actions
[2026-05-02T11:47:01.002344+00:00] [INFO]   sleeping 120s until next cycle
[2026-05-02T11:49:01.128893+00:00] [INFO] === cycle 1117 ===
[2026-05-02T11:49:02.298757+00:00] [INFO]   PEER-SUPERVISOR: 1 findings (STALE)
[2026-05-02T11:49:02.299143+00:00] [INFO] === roadmap-driver cycle ===
[2026-05-02T11:49:02.715147+00:00] [INFO] budget check: budget block at 49.0%
[2026-05-02T11:49:02.733531+00:00] [INFO]   roadmap_edge_track_record_in_briefing: in cooldown (attempted within last 12h)
[2026-05-02T11:49:02.733921+00:00] [INFO] nothing to push — all roadmap items either complete or in cooldown
[2026-05-02T11:49:02.783772+00:00] [INFO]   wrote session briefing (15 capability groups, 0 broken integrations)
[2026-05-02T11:49:02.784118+00:00] [INFO]   cycle 1117 done in 1.7s, 1 actions
[2026-05-02T11:49:02.784648+00:00] [INFO]   sleeping 120s until next cycle
[2026-05-02T11:51:02.844852+00:00] [INFO] === cycle 1118 ===
[2026-05-02T11:51:04.274347+00:00] [INFO]   PEER-SUPERVISOR: 1 findings (STALE)
[2026-05-02T11:51:04.274861+00:00] [INFO] === roadmap-driver cycle ===
[2026-05-02T11:51:04.686915+00:00] [INFO] budget check: budget block at 49.0%
[2026-05-02T11:51:04.706585+00:00] [INFO]   roadmap_edge_track_record_in_briefing: in cooldown (attempted within last 12h)
[2026-05-02T11:51:04.706987+00:00] [INFO] nothing to push — all roadmap items either complete or in cooldown
[2026-05-02T11:51:04.766349+00:00] [INFO]   wrote session briefing (15 capability groups, 0 broken integrations)
[2026-05-02T11:51:04.766540+00:00] [INFO]   cycle 1118 done in 1.9s, 1 actions
[2026-05-02T11:51:04.767115+00:00] [INFO]   sleeping 120s until next cycle
[2026-05-02T11:53:04.784778+00:00] [INFO] === cycle 1119 ===
[2026-05-02T11:53:06.373518+00:00] [INFO]   PEER-SUPERVISOR: 1 findings (STALE)
[2026-05-02T11:53:06.374046+00:00] [INFO] === roadmap-driver cycle ===
[2026-05-02T11:53:06.790204+00:00] [INFO] budget check: budget block at 46.0%
[2026-05-02T11:53:06.811478+00:00] [INFO]   roadmap_edge_track_record_in_briefing: in cooldown (attempted within last 12h)
[2026-05-02T11:53:06.812020+00:00] [INFO] nothing to push — all roadmap items either complete or in cooldown
[2026-05-02T11:53:06.881704+00:00] [INFO]   wrote session briefing (15 capability groups, 0 broken integrations)
[2026-05-02T11:53:06.882064+00:00] [INFO]   cycle 1119 done in 2.1s, 1 actions
[2026-05-02T11:53:06.882631+00:00] [INFO]   sleeping 120s until next cycle
[2026-05-02T11:55:06.927997+00:00] [INFO] === cycle 1120 ===
[2026-05-02T11:55:08.513832+00:00] [INFO]   PEER-SUPERVISOR: 1 findings (STALE)
[2026-05-02T11:55:08.514321+00:00] [INFO] === roadmap-driver cycle ===
[2026-05-02T11:55:09.024488+00:00] [INFO] budget check: budget block at 47.0%
[2026-05-02T11:55:09.043842+00:00] [INFO]   roadmap_edge_track_record_in_briefing: in cooldown (attempted within last 12h)
[2026-05-02T11:55:09.044380+00:00] [INFO] nothing to push — all roadmap items either complete or in cooldown
[2026-05-02T11:55:09.100717+00:00] [INFO]   wrote session briefing (15 capability groups, 0 broken integrations)
[2026-05-02T11:55:09.101078+00:00] [INFO]   cycle 1120 done in 2.2s, 1 actions
[2026-05-02T11:55:09.101637+00:00] [INFO]   sleeping 120s until next cycle
[2026-05-02T11:57:09.237039+00:00] [INFO] === cycle 1121 ===
[2026-05-02T11:57:10.448505+00:00] [INFO]   PEER-SUPERVISOR: 1 findings (STALE)
[2026-05-02T11:57:10.448893+00:00] [INFO] === roadmap-driver cycle ===
[2026-05-02T11:57:10.868878+00:00] [INFO] budget check: budget block at 47.0%
[2026-05-02T11:57:10.887655+00:00] [INFO]   roadmap_edge_track_record_in_briefing: in cooldown (attempted within last 12h)
[2026-05-02T11:57:10.888042+00:00] [INFO] nothing to push — all roadmap items either complete or in cooldown
[2026-05-02T11:57:10.952960+00:00] [INFO]   wrote session briefing (15 capability groups, 0 broken integrations)
[2026-05-02T11:57:10.953326+00:00] [INFO]   cycle 1121 done in 1.7s, 1 actions
[2026-05-02T11:57:10.953838+00:00] [INFO]   sleeping 120s until next cycle
[2026-05-02T11:59:11.057632+00:00] [INFO] === cycle 1122 ===
[2026-05-02T11:59:12.276927+00:00] [INFO]   DETECT spark idle (9.4%)
[2026-05-02T11:59:12.283710+00:00] [INFO]   PEER-SUPERVISOR: 1 findings (STALE)
[2026-05-02T11:59:12.284109+00:00] [INFO] === roadmap-driver cycle ===
[2026-05-02T11:59:12.716175+00:00] [INFO] budget check: budget block at 47.0%
[2026-05-02T11:59:12.734335+00:00] [INFO]   roadmap_edge_track_record_in_briefing: in cooldown (attempted within last 12h)
[2026-05-02T11:59:12.734720+00:00] [INFO] nothing to push — all roadmap items either complete or in cooldown
[2026-05-02T11:59:12.802602+00:00] [INFO]   wrote session briefing (15 capability groups, 0 broken integrations)
[2026-05-02T11:59:12.802968+00:00] [INFO]   cycle 1122 done in 1.7s, 1 actions
[2026-05-02T11:59:12.803490+00:00] [INFO]   sleeping 120s until next cycle
[2026-05-02T12:01:12.808078+00:00] [INFO] === cycle 1123 ===
[2026-05-02T12:01:14.364941+00:00] [INFO] === roadmap-driver cycle ===
[2026-05-02T12:01:14.779557+00:00] [INFO] budget check: budget block at 47.0%
[2026-05-02T12:01:14.801646+00:00] [INFO]   roadmap_edge_track_record_in_briefing: in cooldown (attempted within last 12h)
[2026-05-02T12:01:14.802032+00:00] [INFO] nothing to push — all roadmap items either complete or in cooldown
[2026-05-02T12:01:14.871301+00:00] [INFO]   wrote session briefing (15 capability groups, 0 broken integrations)
[2026-05-02T12:01:14.871739+00:00] [INFO]   cycle 1123 done in 2.1s, 0 actions
[2026-05-02T12:01:14.872335+00:00] [INFO]   sleeping 900s until next cycle
[2026-05-02T12:16:14.957335+00:00] [INFO] === cycle 1124 ===
[2026-05-02T12:16:17.495347+00:00] [INFO]   PEER-SUPERVISOR: 1 findings (STALE)
[2026-05-02T12:16:17.495765+00:00] [INFO] === roadmap-driver cycle ===
[2026-05-02T12:16:17.922443+00:00] [INFO] budget check: budget block at 45.0%
[2026-05-02T12:16:17.954566+00:00] [INFO]   roadmap_edge_track_record_in_briefing: in cooldown (attempted within last 12h)
[2026-05-02T12:16:17.955110+00:00] [INFO] nothing to push — all roadmap items either complete or in cooldown
[2026-05-02T12:16:18.022099+00:00] [INFO]   wrote session briefing (15 capability groups, 0 broken integrations)
[2026-05-02T12:16:18.022414+00:00] [INFO]   cycle 1124 done in 3.1s, 1 actions
[2026-05-02T12:16:18.022969+00:00] [INFO]   sleeping 120s until next cycle
[2026-05-02T12:18:18.082275+00:00] [INFO] === cycle 1125 ===
[2026-05-02T12:18:19.627109+00:00] [INFO]   PEER-SUPERVISOR: 1 findings (STALE)
[2026-05-02T12:18:19.627657+00:00] [INFO] === roadmap-driver cycle ===
[2026-05-02T12:18:20.045271+00:00] [INFO] budget check: budget block at 47.0%
[2026-05-02T12:18:20.065186+00:00] [INFO]   roadmap_edge_track_record_in_briefing: in cooldown (attempted within last 12h)
[2026-05-02T12:18:20.065704+00:00] [INFO] nothing to push — all roadmap items either complete or in cooldown
[2026-05-02T12:18:20.133814+00:00] [INFO]   wrote session briefing (15 capability groups, 0 broken integrations)
[2026-05-02T12:18:20.134121+00:00] [INFO]   cycle 1125 done in 2.1s, 1 actions
[2026-05-02T12:18:20.134614+00:00] [INFO]   sleeping 120s until next cycle
[2026-05-02T12:20:20.216610+00:00] [INFO] === cycle 1126 ===
[2026-05-02T12:20:21.562036+00:00] [INFO]   PEER-SUPERVISOR: 1 findings (STALE)
[2026-05-02T12:20:21.562440+00:00] [INFO] === roadmap-driver cycle ===
[2026-05-02T12:20:21.980870+00:00] [INFO] budget check: budget block at 48.0%
[2026-05-02T12:20:21.999601+00:00] [INFO]   roadmap_edge_track_record_in_briefing: in cooldown (attempted within last 12h)
[2026-05-02T12:20:21.999998+00:00] [INFO] nothing to push — all roadmap items either complete or in cooldown
[2026-05-02T12:20:22.054570+00:00] [INFO]   wrote session briefing (15 capability groups, 0 broken integrations)
[2026-05-02T12:20:22.054922+00:00] [INFO]   cycle 1126 done in 1.8s, 1 actions
[2026-05-02T12:20:22.055450+00:00] [INFO]   sleeping 120s until next cycle
[2026-05-02T12:22:22.191225+00:00] [INFO] === cycle 1127 ===
[2026-05-02T12:22:23.652971+00:00] [INFO]   PEER-SUPERVISOR: 1 findings (STALE)
[2026-05-02T12:22:23.653507+00:00] [INFO] === roadmap-driver cycle ===
[2026-05-02T12:22:24.076259+00:00] [INFO] budget check: budget block at 48.0%
[2026-05-02T12:22:24.098519+00:00] [INFO]   roadmap_edge_track_record_in_briefing: in cooldown (attempted within last 12h)
[2026-05-02T12:22:24.099139+00:00] [INFO] nothing to push — all roadmap items either complete or in cooldown
[2026-05-02T12:22:24.159856+00:00] [INFO]   wrote session briefing (15 capability groups, 0 broken integrations)
[2026-05-02T12:22:24.160173+00:00] [INFO]   cycle 1127 done in 2.0s, 1 actions
[2026-05-02T12:22:24.160673+00:00] [INFO]   sleeping 120s until next cycle
[2026-05-02T12:24:24.270240+00:00] [INFO] === cycle 1128 ===
[2026-05-02T12:24:25.695228+00:00] [INFO]   PEER-SUPERVISOR: 1 findings (STALE)
[2026-05-02T12:24:25.695640+00:00] [INFO] === roadmap-driver cycle ===
[2026-05-02T12:24:26.108480+00:00] [INFO] budget check: budget block at 48.0%
[2026-05-02T12:24:26.130506+00:00] [INFO]   roadmap_edge_track_record_in_briefing: in cooldown (attempted within last 12h)
[2026-05-02T12:24:26.131050+00:00] [INFO] nothing to push — all roadmap items either complete or in cooldown
[2026-05-02T12:24:26.186844+00:00] [INFO]   wrote session briefing (15 capability groups, 0 broken integrations)
[2026-05-02T12:24:26.187146+00:00] [INFO]   cycle 1128 done in 1.9s, 1 actions
[2026-05-02T12:24:26.187720+00:00] [INFO]   sleeping 120s until next cycle
[2026-05-02T12:26:26.271020+00:00] [INFO] === cycle 1129 ===
[2026-05-02T12:26:27.527261+00:00] [INFO]   PEER-SUPERVISOR: 1 findings (STALE)
[2026-05-02T12:26:27.527821+00:00] [INFO] === roadmap-driver cycle ===
[2026-05-02T12:26:27.942568+00:00] [INFO] budget check: budget block at 48.0%
[2026-05-02T12:26:27.966377+00:00] [INFO]   roadmap_edge_track_record_in_briefing: in cooldown (attempted within last 12h)
[2026-05-02T12:26:27.968273+00:00] [INFO] nothing to push — all roadmap items either complete or in cooldown
[2026-05-02T12:26:28.034344+00:00] [INFO]   wrote session briefing (15 capability groups, 0 broken integrations)
[2026-05-02T12:26:28.034676+00:00] [INFO]   cycle 1129 done in 1.8s, 1 actions
[2026-05-02T12:26:28.035237+00:00] [INFO]   sleeping 120s until next cycle
[2026-05-02T12:28:28.185836+00:00] [INFO] === cycle 1130 ===
[2026-05-02T12:28:29.640595+00:00] [INFO]   PEER-SUPERVISOR: 1 findings (STALE)
[2026-05-02T12:28:29.640977+00:00] [INFO] === roadmap-driver cycle ===
[2026-05-02T12:28:30.065346+00:00] [INFO] budget check: budget block at 47.0%
[2026-05-02T12:28:30.085538+00:00] [INFO]   roadmap_edge_track_record_in_briefing: in cooldown (attempted within last 12h)
[2026-05-02T12:28:30.085921+00:00] [INFO] nothing to push — all roadmap items either complete or in cooldown
[2026-05-02T12:28:30.144655+00:00] [INFO]   wrote session briefing (15 capability groups, 0 broken integrations)
[2026-05-02T12:28:30.145001+00:00] [INFO]   cycle 1130 done in 2.0s, 1 actions
[2026-05-02T12:28:30.145508+00:00] [INFO]   sleeping 120s until next cycle
[2026-05-02T12:30:30.173120+00:00] [INFO] === cycle 1131 ===
[2026-05-02T12:30:32.577530+00:00] [INFO]   PEER-SUPERVISOR: 1 findings (STALE)
[2026-05-02T12:30:32.578036+00:00] [INFO] === roadmap-driver cycle ===
[2026-05-02T12:30:33.054827+00:00] [INFO] budget check: budget block at 48.5%
[2026-05-02T12:30:33.074961+00:00] [INFO]   roadmap_edge_track_record_in_briefing: in cooldown (attempted within last 12h)
[2026-05-02T12:30:33.075497+00:00] [INFO] nothing to push — all roadmap items either complete or in cooldown
[2026-05-02T12:30:33.136679+00:00] [INFO]   wrote session briefing (15 capability groups, 0 broken integrations)
[2026-05-02T12:30:33.137018+00:00] [INFO]   cycle 1131 done in 3.0s, 1 actions
[2026-05-02T12:30:33.137547+00:00] [INFO]   sleeping 120s until next cycle
[2026-05-02T12:32:33.285185+00:00] [INFO] === cycle 1132 ===
[2026-05-02T12:32:34.522696+00:00] [INFO] === roadmap-driver cycle ===
[2026-05-02T12:32:34.934354+00:00] [INFO] budget check: budget block at 49.5%
[2026-05-02T12:32:34.954730+00:00] [INFO]   roadmap_edge_track_record_in_briefing: in cooldown (attempted within last 12h)
[2026-05-02T12:32:34.955120+00:00] [INFO] nothing to push — all roadmap items either complete or in cooldown
[2026-05-02T12:32:35.032228+00:00] [INFO]   wrote session briefing (15 capability groups, 0 broken integrations)
[2026-05-02T12:32:35.032540+00:00] [INFO]   cycle 1132 done in 1.7s, 0 actions
[2026-05-02T12:32:35.033050+00:00] [INFO]   sleeping 900s until next cycle
[2026-05-02T12:47:35.081436+00:00] [INFO] === cycle 1133 ===
[2026-05-02T12:47:36.350036+00:00] [INFO]   PEER-SUPERVISOR: 1 findings (STALE)
[2026-05-02T12:47:36.350586+00:00] [INFO] === roadmap-driver cycle ===
[2026-05-02T12:47:36.765280+00:00] [INFO] budget check: budget block at 48.5%
[2026-05-02T12:47:36.789419+00:00] [INFO]   roadmap_edge_track_record_in_briefing: in cooldown (attempted within last 12h)
[2026-05-02T12:47:36.789927+00:00] [INFO] nothing to push — all roadmap items either complete or in cooldown
[2026-05-02T12:47:36.859849+00:00] [INFO]   wrote session briefing (15 capability groups, 0 broken integrations)
[2026-05-02T12:47:36.860165+00:00] [INFO]   cycle 1133 done in 1.8s, 1 actions
[2026-05-02T12:47:36.860744+00:00] [INFO]   sleeping 120s until next cycle
[2026-05-02T12:49:36.965458+00:00] [INFO] === cycle 1134 ===
[2026-05-02T12:49:38.572477+00:00] [INFO]   PEER-SUPERVISOR: 1 findings (STALE)
[2026-05-02T12:49:38.572891+00:00] [INFO] === roadmap-driver cycle ===
[2026-05-02T12:49:38.985171+00:00] [INFO] budget check: budget block at 48.0%
[2026-05-02T12:49:39.004330+00:00] [INFO]   roadmap_edge_track_record_in_briefing: in cooldown (attempted within last 12h)
[2026-05-02T12:49:39.004712+00:00] [INFO] nothing to push — all roadmap items either complete or in cooldown
[2026-05-02T12:49:39.067270+00:00] [INFO]   wrote session briefing (15 capability groups, 0 broken integrations)
[2026-05-02T12:49:39.067606+00:00] [INFO]   cycle 1134 done in 2.1s, 1 actions
[2026-05-02T12:49:39.068152+00:00] [INFO]   sleeping 120s until next cycle
[2026-05-02T12:51:39.156131+00:00] [INFO] === cycle 1135 ===
[2026-05-02T12:51:40.359292+00:00] [INFO]   PEER-SUPERVISOR: 1 findings (STALE)
[2026-05-02T12:51:40.359832+00:00] [INFO] === roadmap-driver cycle ===
[2026-05-02T12:51:40.780221+00:00] [INFO] budget check: budget block at 48.0%
[2026-05-02T12:51:40.800842+00:00] [INFO]   roadmap_edge_track_record_in_briefing: in cooldown (attempted within last 12h)
[2026-05-02T12:51:40.801307+00:00] [INFO] nothing to push — all roadmap items either complete or in cooldown
[2026-05-02T12:51:40.858477+00:00] [INFO]   wrote session briefing (15 capability groups, 0 broken integrations)
[2026-05-02T12:51:40.858784+00:00] [INFO]   cycle 1135 done in 1.7s, 1 actions
[2026-05-02T12:51:40.859316+00:00] [INFO]   sleeping 120s until next cycle
[2026-05-02T12:53:40.878301+00:00] [INFO] === cycle 1136 ===
[2026-05-02T12:53:42.518873+00:00] [INFO]   PEER-SUPERVISOR: 1 findings (STALE)
[2026-05-02T12:53:42.519434+00:00] [INFO] === roadmap-driver cycle ===
[2026-05-02T12:53:42.936731+00:00] [INFO] budget check: budget block at 48.5%
[2026-05-02T12:53:42.958710+00:00] [INFO]   roadmap_edge_track_record_in_briefing: in cooldown (attempted within last 12h)
[2026-05-02T12:53:42.959250+00:00] [INFO] nothing to push — all roadmap items either complete or in cooldown
[2026-05-02T12:53:43.041830+00:00] [INFO]   wrote session briefing (15 capability groups, 0 broken integrations)
[2026-05-02T12:53:43.042136+00:00] [INFO]   cycle 1136 done in 2.2s, 1 actions
[2026-05-02T12:53:43.042706+00:00] [INFO]   sleeping 120s until next cycle
[2026-05-02T12:55:43.193371+00:00] [INFO] === cycle 1137 ===
[2026-05-02T12:55:44.365687+00:00] [INFO]   PEER-SUPERVISOR: 1 findings (STALE)
[2026-05-02T12:55:44.366091+00:00] [INFO] === roadmap-driver cycle ===
[2026-05-02T12:55:44.778418+00:00] [INFO] budget check: budget block at 48.5%
[2026-05-02T12:55:44.797851+00:00] [INFO]   roadmap_edge_track_record_in_briefing: in cooldown (attempted within last 12h)
[2026-05-02T12:55:44.798265+00:00] [INFO] nothing to push — all roadmap items either complete or in cooldown
[2026-05-02T12:55:44.856675+00:00] [INFO]   wrote session briefing (15 capability groups, 0 broken integrations)
[2026-05-02T12:55:44.857002+00:00] [INFO]   cycle 1137 done in 1.7s, 1 actions
[2026-05-02T12:55:44.857552+00:00] [INFO]   sleeping 120s until next cycle
[2026-05-02T12:57:44.989375+00:00] [INFO] === cycle 1138 ===
[2026-05-02T12:57:46.409151+00:00] [INFO]   PEER-SUPERVISOR: 1 findings (STALE)
[2026-05-02T12:57:46.409700+00:00] [INFO] === roadmap-driver cycle ===
[2026-05-02T12:57:46.820368+00:00] [INFO] budget check: budget block at 48.5%
[2026-05-02T12:57:46.842310+00:00] [INFO]   roadmap_edge_track_record_in_briefing: in cooldown (attempted within last 12h)
[2026-05-02T12:57:46.842905+00:00] [INFO] nothing to push — all roadmap items either complete or in cooldown
[2026-05-02T12:57:46.911771+00:00] [INFO]   wrote session briefing (15 capability groups, 0 broken integrations)
[2026-05-02T12:57:46.912089+00:00] [INFO]   cycle 1138 done in 1.9s, 1 actions
[2026-05-02T12:57:46.912667+00:00] [INFO]   sleeping 120s until next cycle
[2026-05-02T12:59:47.063821+00:00] [INFO] === cycle 1139 ===
[2026-05-02T12:59:48.392648+00:00] [INFO]   PEER-SUPERVISOR: 1 findings (STALE)
[2026-05-02T12:59:48.393066+00:00] [INFO] === roadmap-driver cycle ===
[2026-05-02T12:59:48.805814+00:00] [INFO] budget check: budget block at 47.0%
[2026-05-02T12:59:48.825921+00:00] [INFO]   roadmap_edge_track_record_in_briefing: in cooldown (attempted within last 12h)
[2026-05-02T12:59:48.826334+00:00] [INFO] nothing to push — all roadmap items either complete or in cooldown
[2026-05-02T12:59:48.883107+00:00] [INFO]   wrote session briefing (15 capability groups, 0 broken integrations)
[2026-05-02T12:59:48.883288+00:00] [INFO]   cycle 1139 done in 1.8s, 1 actions
[2026-05-02T12:59:48.883855+00:00] [INFO]   sleeping 120s until next cycle
[2026-05-02T13:01:48.951825+00:00] [INFO] === cycle 1140 ===
[2026-05-02T13:01:50.141841+00:00] [INFO] === roadmap-driver cycle ===
[2026-05-02T13:01:50.553497+00:00] [INFO] budget check: budget block at 47.0%
[2026-05-02T13:01:50.571323+00:00] [INFO]   roadmap_edge_track_record_in_briefing: in cooldown (attempted within last 12h)
[2026-05-02T13:01:50.571720+00:00] [INFO] nothing to push — all roadmap items either complete or in cooldown
[2026-05-02T13:01:50.627156+00:00] [INFO]   wrote session briefing (15 capability groups, 0 broken integrations)
[2026-05-02T13:01:50.627506+00:00] [INFO]   cycle 1140 done in 1.7s, 0 actions
[2026-05-02T13:01:50.628060+00:00] [INFO]   sleeping 900s until next cycle
[2026-05-02T13:16:50.749737+00:00] [INFO] === cycle 1141 ===
[2026-05-02T13:16:51.982700+00:00] [INFO]   PEER-SUPERVISOR: 1 findings (STALE)
[2026-05-02T13:16:51.983131+00:00] [INFO] === roadmap-driver cycle ===
[2026-05-02T13:16:52.409427+00:00] [INFO] budget check: budget block at 48.5%
[2026-05-02T13:16:52.428648+00:00] [INFO]   roadmap_edge_track_record_in_briefing: in cooldown (attempted within last 12h)
[2026-05-02T13:16:52.431418+00:00] [INFO] nothing to push — all roadmap items either complete or in cooldown
[2026-05-02T13:16:52.520760+00:00] [INFO]   wrote session briefing (15 capability groups, 0 broken integrations)
[2026-05-02T13:16:52.521093+00:00] [INFO]   cycle 1141 done in 1.8s, 1 actions
[2026-05-02T13:16:52.521612+00:00] [INFO]   sleeping 120s until next cycle
[2026-05-02T13:18:52.578250+00:00] [INFO] === cycle 1142 ===
[2026-05-02T13:18:53.765319+00:00] [INFO]   PEER-SUPERVISOR: 1 findings (STALE)
[2026-05-02T13:18:53.765722+00:00] [INFO] === roadmap-driver cycle ===
[2026-05-02T13:18:54.174088+00:00] [INFO] budget check: budget block at 48.5%
[2026-05-02T13:18:54.190640+00:00] [INFO]   roadmap_edge_track_record_in_briefing: in cooldown (attempted within last 12h)
[2026-05-02T13:18:54.191050+00:00] [INFO] nothing to push — all roadmap items either complete or in cooldown
[2026-05-02T13:18:54.258291+00:00] [INFO]   wrote session briefing (15 capability groups, 0 broken integrations)
[2026-05-02T13:18:54.258579+00:00] [INFO]   cycle 1142 done in 1.7s, 1 actions
[2026-05-02T13:18:54.259088+00:00] [INFO]   sleeping 120s until next cycle
[2026-05-02T13:20:54.378827+00:00] [INFO] === cycle 1143 ===
[2026-05-02T13:20:56.164736+00:00] [INFO]   PEER-SUPERVISOR: 1 findings (STALE)
[2026-05-02T13:20:56.165151+00:00] [INFO] === roadmap-driver cycle ===
[2026-05-02T13:20:56.577152+00:00] [INFO] budget check: budget block at 47.5%
[2026-05-02T13:20:56.600167+00:00] [INFO]   roadmap_edge_track_record_in_briefing: in cooldown (attempted within last 12h)
[2026-05-02T13:20:56.600551+00:00] [INFO] nothing to push — all roadmap items either complete or in cooldown
[2026-05-02T13:20:56.670199+00:00] [INFO]   wrote session briefing (15 capability groups, 0 broken integrations)
[2026-05-02T13:20:56.670530+00:00] [INFO]   cycle 1143 done in 2.3s, 1 actions
[2026-05-02T13:20:56.671109+00:00] [INFO]   sleeping 120s until next cycle
[2026-05-02T13:22:56.779386+00:00] [INFO] === cycle 1144 ===
[2026-05-02T13:22:58.258284+00:00] [INFO]   PEER-SUPERVISOR: 1 findings (STALE)
[2026-05-02T13:22:58.258882+00:00] [INFO] === roadmap-driver cycle ===
[2026-05-02T13:22:58.669466+00:00] [INFO] budget check: budget block at 47.0%
[2026-05-02T13:22:58.690249+00:00] [INFO]   roadmap_edge_track_record_in_briefing: in cooldown (attempted within last 12h)
[2026-05-02T13:22:58.690782+00:00] [INFO] nothing to push — all roadmap items either complete or in cooldown
[2026-05-02T13:22:58.751718+00:00] [INFO]   wrote session briefing (15 capability groups, 0 broken integrations)
[2026-05-02T13:22:58.752033+00:00] [INFO]   cycle 1144 done in 2.0s, 1 actions
[2026-05-02T13:22:58.752606+00:00] [INFO]   sleeping 120s until next cycle
[2026-05-02T13:24:58.783580+00:00] [INFO] === cycle 1145 ===
[2026-05-02T13:25:00.157905+00:00] [INFO]   PEER-SUPERVISOR: 1 findings (STALE)
[2026-05-02T13:25:00.158323+00:00] [INFO] === roadmap-driver cycle ===
[2026-05-02T13:25:00.570374+00:00] [INFO] budget check: budget block at 48.0%
[2026-05-02T13:25:00.588964+00:00] [INFO]   roadmap_edge_track_record_in_briefing: in cooldown (attempted within last 12h)
[2026-05-02T13:25:00.589484+00:00] [INFO] nothing to push — all roadmap items either complete or in cooldown
[2026-05-02T13:25:00.644351+00:00] [INFO]   wrote session briefing (15 capability groups, 0 broken integrations)
[2026-05-02T13:25:00.644649+00:00] [INFO]   cycle 1145 done in 1.9s, 1 actions
[2026-05-02T13:25:00.645146+00:00] [INFO]   sleeping 120s until next cycle
[2026-05-02T13:27:00.795846+00:00] [INFO] === cycle 1146 ===
[2026-05-02T13:27:01.941280+00:00] [INFO]   PEER-SUPERVISOR: 1 findings (STALE)
[2026-05-02T13:27:01.941686+00:00] [INFO] === roadmap-driver cycle ===
[2026-05-02T13:27:02.353966+00:00] [INFO] budget check: budget block at 48.0%
[2026-05-02T13:27:02.373946+00:00] [INFO]   roadmap_edge_track_record_in_briefing: in cooldown (attempted within last 12h)
[2026-05-02T13:27:02.374325+00:00] [INFO] nothing to push — all roadmap items either complete or in cooldown
[2026-05-02T13:27:02.444285+00:00] [INFO]   wrote session briefing (15 capability groups, 0 broken integrations)
[2026-05-02T13:27:02.444582+00:00] [INFO]   cycle 1146 done in 1.6s, 1 actions
[2026-05-02T13:27:02.445109+00:00] [INFO]   sleeping 120s until next cycle
[2026-05-02T13:29:02.527214+00:00] [INFO] === cycle 1147 ===
[2026-05-02T13:29:04.118479+00:00] [INFO]   PEER-SUPERVISOR: 1 findings (STALE)
[2026-05-02T13:29:04.118914+00:00] [INFO] === roadmap-driver cycle ===
[2026-05-02T13:29:04.528406+00:00] [INFO] budget check: budget block at 48.0%
[2026-05-02T13:29:04.545540+00:00] [INFO]   roadmap_edge_track_record_in_briefing: in cooldown (attempted within last 12h)
[2026-05-02T13:29:04.545921+00:00] [INFO] nothing to push — all roadmap items either complete or in cooldown
[2026-05-02T13:29:04.597909+00:00] [INFO]   wrote session briefing (15 capability groups, 0 broken integrations)
[2026-05-02T13:29:04.598220+00:00] [INFO]   cycle 1147 done in 2.1s, 1 actions
[2026-05-02T13:29:04.598798+00:00] [INFO]   sleeping 120s until next cycle
[2026-05-02T13:31:04.727643+00:00] [INFO] === cycle 1148 ===
[2026-05-02T13:31:06.127321+00:00] [INFO]   PEER-SUPERVISOR: 1 findings (STALE)
[2026-05-02T13:31:06.127848+00:00] [INFO] === roadmap-driver cycle ===
[2026-05-02T13:31:06.541301+00:00] [INFO] budget check: budget block at 48.0%
[2026-05-02T13:31:06.560693+00:00] [INFO]   roadmap_edge_track_record_in_briefing: in cooldown (attempted within last 12h)
[2026-05-02T13:31:06.561213+00:00] [INFO] nothing to push — all roadmap items either complete or in cooldown
[2026-05-02T13:31:06.616189+00:00] [INFO]   wrote session briefing (15 capability groups, 0 broken integrations)
[2026-05-02T13:31:06.616572+00:00] [INFO]   cycle 1148 done in 1.9s, 1 actions
[2026-05-02T13:31:06.617143+00:00] [INFO]   sleeping 120s until next cycle
[2026-05-02T13:33:06.708904+00:00] [INFO] === cycle 1149 ===
[2026-05-02T13:33:08.135894+00:00] [INFO] === roadmap-driver cycle ===
[2026-05-02T13:33:08.550432+00:00] [INFO] budget check: budget block at 46.0%
[2026-05-02T13:33:08.570781+00:00] [INFO]   roadmap_edge_track_record_in_briefing: in cooldown (attempted within last 12h)
[2026-05-02T13:33:08.571288+00:00] [INFO] nothing to push — all roadmap items either complete or in cooldown
[2026-05-02T13:33:08.641160+00:00] [INFO]   wrote session briefing (15 capability groups, 0 broken integrations)
[2026-05-02T13:33:08.641451+00:00] [INFO]   cycle 1149 done in 1.9s, 0 actions
[2026-05-02T13:33:08.641955+00:00] [INFO]   sleeping 900s until next cycle
[2026-05-02T13:48:08.725792+00:00] [INFO] === cycle 1150 ===
[2026-05-02T13:48:10.031097+00:00] [INFO]   PEER-SUPERVISOR: 1 findings (STALE)
[2026-05-02T13:48:10.031645+00:00] [INFO] === roadmap-driver cycle ===
[2026-05-02T13:48:10.445974+00:00] [INFO] budget check: budget block at 47.0%
[2026-05-02T13:48:10.466529+00:00] [INFO]   roadmap_edge_track_record_in_briefing: in cooldown (attempted within last 12h)
[2026-05-02T13:48:10.467073+00:00] [INFO] nothing to push — all roadmap items either complete or in cooldown
[2026-05-02T13:48:10.535369+00:00] [INFO]   wrote session briefing (15 capability groups, 0 broken integrations)
[2026-05-02T13:48:10.536160+00:00] [INFO]   cycle 1150 done in 1.8s, 1 actions
[2026-05-02T13:48:10.536684+00:00] [INFO]   sleeping 120s until next cycle
[2026-05-02T13:50:10.537440+00:00] [INFO] === cycle 1151 ===
[2026-05-02T13:50:11.674417+00:00] [INFO]   PEER-SUPERVISOR: 1 findings (STALE)
[2026-05-02T13:50:11.674831+00:00] [INFO] === roadmap-driver cycle ===
[2026-05-02T13:50:12.109961+00:00] [INFO] budget check: budget block at 47.0%
[2026-05-02T13:50:12.179454+00:00] [INFO]   roadmap_edge_track_record_in_briefing: in cooldown (attempted within last 12h)
[2026-05-02T13:50:12.180422+00:00] [INFO] nothing to push — all roadmap items either complete or in cooldown
[2026-05-02T13:50:12.249629+00:00] [INFO]   wrote session briefing (15 capability groups, 0 broken integrations)
[2026-05-02T13:50:12.249958+00:00] [INFO]   cycle 1151 done in 1.7s, 1 actions
[2026-05-02T13:50:12.250538+00:00] [INFO]   sleeping 120s until next cycle
[2026-05-02T13:52:12.283671+00:00] [INFO] === cycle 1152 ===
[2026-05-02T13:52:13.592951+00:00] [INFO]   PEER-SUPERVISOR: 1 findings (STALE)
[2026-05-02T13:52:13.593357+00:00] [INFO] === roadmap-driver cycle ===
[2026-05-02T13:52:14.006636+00:00] [INFO] budget check: budget block at 47.0%
[2026-05-02T13:52:14.027382+00:00] [INFO]   roadmap_edge_track_record_in_briefing: in cooldown (attempted within last 12h)
[2026-05-02T13:52:14.027769+00:00] [INFO] nothing to push — all roadmap items either complete or in cooldown
[2026-05-02T13:52:14.097512+00:00] [INFO]   wrote session briefing (15 capability groups, 0 broken integrations)
[2026-05-02T13:52:14.097811+00:00] [INFO]   cycle 1152 done in 1.8s, 1 actions
[2026-05-02T13:52:14.098359+00:00] [INFO]   sleeping 120s until next cycle
[2026-05-02T13:54:14.181097+00:00] [INFO] === cycle 1153 ===
[2026-05-02T13:54:15.490330+00:00] [INFO]   PEER-SUPERVISOR: 1 findings (STALE)
[2026-05-02T13:54:15.490764+00:00] [INFO] === roadmap-driver cycle ===
[2026-05-02T13:54:15.901013+00:00] [INFO] budget check: budget block at 47.0%
[2026-05-02T13:54:15.922051+00:00] [INFO]   roadmap_edge_track_record_in_briefing: in cooldown (attempted within last 12h)
[2026-05-02T13:54:15.922581+00:00] [INFO] nothing to push — all roadmap items either complete or in cooldown
[2026-05-02T13:54:15.992848+00:00] [INFO]   wrote session briefing (15 capability groups, 0 broken integrations)
[2026-05-02T13:54:15.993184+00:00] [INFO]   cycle 1153 done in 1.8s, 1 actions
[2026-05-02T13:54:15.993708+00:00] [INFO]   sleeping 120s until next cycle
[2026-05-02T13:56:16.028173+00:00] [INFO] === cycle 1154 ===
[2026-05-02T13:56:17.384070+00:00] [INFO]   PEER-SUPERVISOR: 1 findings (STALE)
[2026-05-02T13:56:17.384600+00:00] [INFO] === roadmap-driver cycle ===
[2026-05-02T13:56:17.808911+00:00] [INFO] budget check: budget block at 44.5%
[2026-05-02T13:56:17.839606+00:00] [INFO]   roadmap_edge_track_record_in_briefing: in cooldown (attempted within last 12h)
[2026-05-02T13:56:17.840127+00:00] [INFO] nothing to push — all roadmap items either complete or in cooldown
[2026-05-02T13:56:17.910245+00:00] [INFO]   wrote session briefing (15 capability groups, 0 broken integrations)
[2026-05-02T13:56:17.910550+00:00] [INFO]   cycle 1154 done in 1.9s, 1 actions
[2026-05-02T13:56:17.911061+00:00] [INFO]   sleeping 120s until next cycle
[2026-05-02T13:58:17.957722+00:00] [INFO] === cycle 1155 ===
[2026-05-02T13:58:19.420853+00:00] [INFO]   PEER-SUPERVISOR: 1 findings (STALE)
[2026-05-02T13:58:19.421416+00:00] [INFO] === roadmap-driver cycle ===
[2026-05-02T13:58:19.832934+00:00] [INFO] budget check: budget block at 45.0%
[2026-05-02T13:58:19.861580+00:00] [INFO]   roadmap_edge_track_record_in_briefing: in cooldown (attempted within last 12h)
[2026-05-02T13:58:19.862123+00:00] [INFO] nothing to push — all roadmap items either complete or in cooldown
[2026-05-02T13:58:19.924935+00:00] [INFO]   wrote session briefing (15 capability groups, 0 broken integrations)
[2026-05-02T13:58:19.925241+00:00] [INFO]   cycle 1155 done in 2.0s, 1 actions
[2026-05-02T13:58:19.925759+00:00] [INFO]   sleeping 120s until next cycle
[2026-05-02T14:00:19.931937+00:00] [INFO] === cycle 1156 ===
[2026-05-02T14:00:21.177768+00:00] [INFO]   PEER-SUPERVISOR: 1 findings (STALE)
[2026-05-02T14:00:21.178186+00:00] [INFO] === roadmap-driver cycle ===
[2026-05-02T14:00:21.586990+00:00] [INFO] budget check: budget block at 45.0%
[2026-05-02T14:00:21.606910+00:00] [INFO]   roadmap_edge_track_record_in_briefing: in cooldown (attempted within last 12h)
[2026-05-02T14:00:21.607290+00:00] [INFO] nothing to push — all roadmap items either complete or in cooldown
[2026-05-02T14:00:21.662561+00:00] [INFO]   wrote session briefing (15 capability groups, 0 broken integrations)
[2026-05-02T14:00:21.662914+00:00] [INFO]   cycle 1156 done in 1.7s, 1 actions
[2026-05-02T14:00:21.663460+00:00] [INFO]   sleeping 120s until next cycle
[2026-05-02T14:02:21.794940+00:00] [INFO] === cycle 1157 ===
[2026-05-02T14:02:23.025805+00:00] [INFO] === roadmap-driver cycle ===
[2026-05-02T14:02:23.440743+00:00] [INFO] budget check: budget block at 45.0%
[2026-05-02T14:02:23.459919+00:00] [INFO]   roadmap_edge_track_record_in_briefing: in cooldown (attempted within last 12h)
[2026-05-02T14:02:23.460404+00:00] [INFO] nothing to push — all roadmap items either complete or in cooldown
[2026-05-02T14:02:23.522627+00:00] [INFO]   wrote session briefing (15 capability groups, 0 broken integrations)
[2026-05-02T14:02:23.522936+00:00] [INFO]   cycle 1157 done in 1.7s, 0 actions
[2026-05-02T14:02:23.523485+00:00] [INFO]   sleeping 900s until next cycle
[2026-05-02T14:17:23.563630+00:00] [INFO] === cycle 1158 ===
[2026-05-02T14:17:24.868305+00:00] [INFO]   PEER-SUPERVISOR: 1 findings (STALE)
[2026-05-02T14:17:24.868704+00:00] [INFO] === roadmap-driver cycle ===
[2026-05-02T14:17:25.279830+00:00] [INFO] budget check: budget block at 44.0%
[2026-05-02T14:17:25.326467+00:00] [INFO]   roadmap_edge_track_record_in_briefing: in cooldown (attempted within last 12h)
[2026-05-02T14:17:25.326970+00:00] [INFO] nothing to push — all roadmap items either complete or in cooldown
[2026-05-02T14:17:25.390647+00:00] [INFO]   wrote session briefing (15 capability groups, 0 broken integrations)
[2026-05-02T14:17:25.391764+00:00] [INFO]   cycle 1158 done in 1.8s, 1 actions
[2026-05-02T14:17:25.392328+00:00] [INFO]   sleeping 120s until next cycle
[2026-05-02T14:19:25.532497+00:00] [INFO] === cycle 1159 ===
[2026-05-02T14:19:26.893969+00:00] [INFO]   PEER-SUPERVISOR: 1 findings (STALE)
[2026-05-02T14:19:26.894379+00:00] [INFO] === roadmap-driver cycle ===
[2026-05-02T14:19:27.313077+00:00] [INFO] budget check: budget block at 44.5%
[2026-05-02T14:19:27.332913+00:00] [INFO]   roadmap_edge_track_record_in_briefing: in cooldown (attempted within last 12h)
[2026-05-02T14:19:27.333464+00:00] [INFO] nothing to push — all roadmap items either complete or in cooldown
[2026-05-02T14:19:27.384525+00:00] [INFO]   wrote session briefing (15 capability groups, 0 broken integrations)
[2026-05-02T14:19:27.384841+00:00] [INFO]   cycle 1159 done in 1.9s, 1 actions
[2026-05-02T14:19:27.385334+00:00] [INFO]   sleeping 120s until next cycle
[2026-05-02T14:21:27.519784+00:00] [INFO] === cycle 1160 ===
[2026-05-02T14:21:28.864936+00:00] [INFO]   PEER-SUPERVISOR: 1 findings (STALE)
[2026-05-02T14:21:28.865346+00:00] [INFO] === roadmap-driver cycle ===
[2026-05-02T14:21:29.282992+00:00] [INFO] budget check: budget block at 43.5%
[2026-05-02T14:21:29.302117+00:00] [INFO]   roadmap_edge_track_record_in_briefing: in cooldown (attempted within last 12h)
[2026-05-02T14:21:29.302498+00:00] [INFO] nothing to push — all roadmap items either complete or in cooldown
[2026-05-02T14:21:29.373037+00:00] [INFO]   wrote session briefing (15 capability groups, 0 broken integrations)
[2026-05-02T14:21:29.373340+00:00] [INFO]   cycle 1160 done in 1.9s, 1 actions
[2026-05-02T14:21:29.373880+00:00] [INFO]   sleeping 120s until next cycle
[2026-05-02T14:23:29.444020+00:00] [INFO] === cycle 1161 ===
[2026-05-02T14:23:30.674877+00:00] [INFO]   PEER-SUPERVISOR: 1 findings (STALE)
[2026-05-02T14:23:30.675296+00:00] [INFO] === roadmap-driver cycle ===
[2026-05-02T14:23:31.090082+00:00] [INFO] budget check: budget block at 43.5%
[2026-05-02T14:23:31.110438+00:00] [INFO]   roadmap_edge_track_record_in_briefing: in cooldown (attempted within last 12h)
[2026-05-02T14:23:31.110826+00:00] [INFO] nothing to push — all roadmap items either complete or in cooldown
[2026-05-02T14:23:31.167534+00:00] [INFO]   wrote session briefing (15 capability groups, 0 broken integrations)
[2026-05-02T14:23:31.167863+00:00] [INFO]   cycle 1161 done in 1.7s, 1 actions
[2026-05-02T14:23:31.168406+00:00] [INFO]   sleeping 120s until next cycle
[2026-05-02T14:25:31.301525+00:00] [INFO] === cycle 1162 ===
[2026-05-02T14:25:33.295459+00:00] [INFO]   PEER-SUPERVISOR: 1 findings (STALE)
[2026-05-02T14:25:33.295900+00:00] [INFO] === roadmap-driver cycle ===
[2026-05-02T14:25:33.713747+00:00] [INFO] budget check: budget block at 43.5%
[2026-05-02T14:25:33.734192+00:00] [INFO]   roadmap_edge_track_record_in_briefing: in cooldown (attempted within last 12h)
[2026-05-02T14:25:33.734614+00:00] [INFO] nothing to push — all roadmap items either complete or in cooldown
[2026-05-02T14:25:33.791008+00:00] [INFO]   wrote session briefing (15 capability groups, 0 broken integrations)
[2026-05-02T14:25:33.791348+00:00] [INFO]   cycle 1162 done in 2.5s, 1 actions
[2026-05-02T14:25:33.791915+00:00] [INFO]   sleeping 120s until next cycle
[2026-05-02T14:27:33.835036+00:00] [INFO] === cycle 1163 ===
[2026-05-02T14:27:35.132221+00:00] [INFO]   PEER-SUPERVISOR: 1 findings (STALE)
[2026-05-02T14:27:35.132780+00:00] [INFO] === roadmap-driver cycle ===
[2026-05-02T14:27:35.543065+00:00] [INFO] budget check: budget block at 43.5%
[2026-05-02T14:27:35.565126+00:00] [INFO]   roadmap_edge_track_record_in_briefing: in cooldown (attempted within last 12h)
[2026-05-02T14:27:35.565673+00:00] [INFO] nothing to push — all roadmap items either complete or in cooldown
[2026-05-02T14:27:35.632985+00:00] [INFO]   wrote session briefing (15 capability groups, 0 broken integrations)
[2026-05-02T14:27:35.633289+00:00] [INFO]   cycle 1163 done in 1.8s, 1 actions
[2026-05-02T14:27:35.633819+00:00] [INFO]   sleeping 120s until next cycle
[2026-05-02T14:29:35.770193+00:00] [INFO] === cycle 1164 ===
[2026-05-02T14:29:37.699765+00:00] [INFO]   PEER-SUPERVISOR: 1 findings (STALE)
[2026-05-02T14:29:37.700161+00:00] [INFO] === roadmap-driver cycle ===
[2026-05-02T14:29:38.112219+00:00] [INFO] budget check: budget block at 43.5%
[2026-05-02T14:29:38.128765+00:00] [INFO]   roadmap_edge_track_record_in_briefing: in cooldown (attempted within last 12h)
[2026-05-02T14:29:38.129150+00:00] [INFO] nothing to push — all roadmap items either complete or in cooldown
[2026-05-02T14:29:38.189048+00:00] [INFO]   wrote session briefing (15 capability groups, 0 broken integrations)
[2026-05-02T14:29:38.189346+00:00] [INFO]   cycle 1164 done in 2.4s, 1 actions
[2026-05-02T14:29:38.189879+00:00] [INFO]   sleeping 120s until next cycle
[2026-05-02T14:31:38.284778+00:00] [INFO] === cycle 1165 ===
[2026-05-02T14:31:39.884309+00:00] [INFO]   PEER-SUPERVISOR: 1 findings (STALE)
[2026-05-02T14:31:39.884867+00:00] [INFO] === roadmap-driver cycle ===
[2026-05-02T14:31:40.298142+00:00] [INFO] budget check: budget block at 43.5%
[2026-05-02T14:31:40.319291+00:00] [INFO]   roadmap_edge_track_record_in_briefing: in cooldown (attempted within last 12h)
[2026-05-02T14:31:40.319820+00:00] [INFO] nothing to push — all roadmap items either complete or in cooldown
[2026-05-02T14:31:40.370626+00:00] [INFO]   wrote session briefing (15 capability groups, 0 broken integrations)
[2026-05-02T14:31:40.370952+00:00] [INFO]   cycle 1165 done in 2.1s, 1 actions
[2026-05-02T14:31:40.371505+00:00] [INFO]   sleeping 120s until next cycle
[2026-05-02T14:33:40.455682+00:00] [INFO] === cycle 1166 ===
[2026-05-02T14:33:51.644212+00:00] [INFO] === roadmap-driver cycle ===
[2026-05-02T14:33:52.073736+00:00] [INFO] budget check: budget block at 43.0%
[2026-05-02T14:33:52.093492+00:00] [INFO]   roadmap_edge_track_record_in_briefing: in cooldown (attempted within last 12h)
[2026-05-02T14:33:52.093938+00:00] [INFO] nothing to push — all roadmap items either complete or in cooldown
[2026-05-02T14:33:52.151119+00:00] [INFO]   wrote session briefing (15 capability groups, 0 broken integrations)
[2026-05-02T14:33:52.151416+00:00] [INFO]   cycle 1166 done in 11.7s, 0 actions
[2026-05-02T14:33:52.151964+00:00] [INFO]   sleeping 900s until next cycle
[2026-05-02T14:48:52.258915+00:00] [INFO] === cycle 1167 ===
[2026-05-02T14:48:52.261592+00:00] [INFO]   refreshing capability manifest
[2026-05-02T14:48:55.960460+00:00] [INFO]   PEER-SUPERVISOR: 1 findings (STALE)
[2026-05-02T14:48:55.960917+00:00] [INFO] === roadmap-driver cycle ===
[2026-05-02T14:48:56.378885+00:00] [INFO] budget check: budget block at 64.5%
[2026-05-02T14:48:56.399053+00:00] [INFO]   roadmap_edge_track_record_in_briefing: in cooldown (attempted within last 12h)
[2026-05-02T14:48:56.399253+00:00] [INFO] nothing to push — all roadmap items either complete or in cooldown
[2026-05-02T14:48:56.458244+00:00] [INFO]   wrote session briefing (15 capability groups, 0 broken integrations)
[2026-05-02T14:48:56.458557+00:00] [INFO]   cycle 1167 done in 4.2s, 1 actions
[2026-05-02T14:48:56.459112+00:00] [INFO]   sleeping 120s until next cycle
[2026-05-02T14:50:56.523743+00:00] [INFO] === cycle 1168 ===
[2026-05-02T14:50:57.763860+00:00] [INFO]   PEER-SUPERVISOR: 1 findings (STALE)
[2026-05-02T14:50:57.764281+00:00] [INFO] === roadmap-driver cycle ===
[2026-05-02T14:50:58.178320+00:00] [INFO] budget check: budget block at 64.5%
[2026-05-02T14:50:58.198952+00:00] [INFO]   roadmap_edge_track_record_in_briefing: in cooldown (attempted within last 12h)
[2026-05-02T14:50:58.199554+00:00] [INFO] nothing to push — all roadmap items either complete or in cooldown
[2026-05-02T14:50:58.268124+00:00] [INFO]   wrote session briefing (15 capability groups, 0 broken integrations)
[2026-05-02T14:50:58.268301+00:00] [INFO]   cycle 1168 done in 1.7s, 1 actions
[2026-05-02T14:50:58.268837+00:00] [INFO]   sleeping 120s until next cycle
[2026-05-02T14:52:58.414697+00:00] [INFO] === cycle 1169 ===
[2026-05-02T14:52:59.723432+00:00] [INFO]   DETECT spark idle (9.4%)
[2026-05-02T14:52:59.731052+00:00] [INFO]   PEER-SUPERVISOR: 1 findings (STALE)
[2026-05-02T14:52:59.731592+00:00] [INFO] === roadmap-driver cycle ===
[2026-05-02T14:53:00.147732+00:00] [INFO] budget check: budget block at 64.5%
[2026-05-02T14:53:00.166854+00:00] [INFO]   roadmap_edge_track_record_in_briefing: in cooldown (attempted within last 12h)
[2026-05-02T14:53:00.167353+00:00] [INFO] nothing to push — all roadmap items either complete or in cooldown
[2026-05-02T14:53:00.240050+00:00] [INFO]   wrote session briefing (15 capability groups, 0 broken integrations)
[2026-05-02T14:53:00.240452+00:00] [INFO]   cycle 1169 done in 1.8s, 1 actions
[2026-05-02T14:53:00.240954+00:00] [INFO]   sleeping 120s until next cycle
[2026-05-02T14:55:00.283916+00:00] [INFO] === cycle 1170 ===
[2026-05-02T14:55:02.867632+00:00] [INFO]   DETECT spark idle (9.4%)
[2026-05-02T14:55:02.875441+00:00] [INFO]   PEER-SUPERVISOR: 1 findings (STALE)
[2026-05-02T14:55:02.875964+00:00] [INFO] === roadmap-driver cycle ===
[2026-05-02T14:55:03.296707+00:00] [INFO] budget check: budget block at 65.5%
[2026-05-02T14:55:03.317393+00:00] [INFO]   roadmap_edge_track_record_in_briefing: in cooldown (attempted within last 12h)
[2026-05-02T14:55:03.317771+00:00] [INFO] nothing to push — all roadmap items either complete or in cooldown
[2026-05-02T14:55:03.402764+00:00] [INFO]   wrote session briefing (15 capability groups, 0 broken integrations)
[2026-05-02T14:55:03.403056+00:00] [INFO]   cycle 1170 done in 3.1s, 1 actions
[2026-05-02T14:55:03.403599+00:00] [INFO]   sleeping 120s until next cycle
[2026-05-02T14:57:03.554335+00:00] [INFO] === cycle 1171 ===
[2026-05-02T14:57:04.877915+00:00] [INFO]   DETECT spark idle (9.4%)
[2026-05-02T14:57:04.885038+00:00] [INFO]   PEER-SUPERVISOR: 1 findings (STALE)
[2026-05-02T14:57:04.885463+00:00] [INFO] === roadmap-driver cycle ===
[2026-05-02T14:57:05.382236+00:00] [INFO] budget check: budget block at 65.5%
[2026-05-02T14:57:05.401966+00:00] [INFO]   roadmap_edge_track_record_in_briefing: in cooldown (attempted within last 12h)
[2026-05-02T14:57:05.402334+00:00] [INFO] nothing to push — all roadmap items either complete or in cooldown
[2026-05-02T14:57:05.458257+00:00] [INFO]   wrote session briefing (15 capability groups, 0 broken integrations)
[2026-05-02T14:57:05.458576+00:00] [INFO]   cycle 1171 done in 1.9s, 1 actions
[2026-05-02T14:57:05.459118+00:00] [INFO]   sleeping 120s until next cycle
[2026-05-02T14:59:05.564745+00:00] [INFO] === cycle 1172 ===
[2026-05-02T14:59:06.776086+00:00] [INFO]   DETECT spark idle (9.4%)
[2026-05-02T14:59:06.782976+00:00] [INFO]   PEER-SUPERVISOR: 1 findings (STALE)
[2026-05-02T14:59:06.783364+00:00] [INFO] === roadmap-driver cycle ===
[2026-05-02T14:59:07.202185+00:00] [INFO] budget check: budget block at 65.5%
[2026-05-02T14:59:07.218695+00:00] [INFO]   roadmap_edge_track_record_in_briefing: in cooldown (attempted within last 12h)
[2026-05-02T14:59:07.219068+00:00] [INFO] nothing to push — all roadmap items either complete or in cooldown
[2026-05-02T14:59:07.271796+00:00] [INFO]   wrote session briefing (15 capability groups, 0 broken integrations)
[2026-05-02T14:59:07.272143+00:00] [INFO]   cycle 1172 done in 1.7s, 1 actions
[2026-05-02T14:59:07.272641+00:00] [INFO]   sleeping 120s until next cycle
[2026-05-02T15:01:07.366676+00:00] [INFO] === cycle 1173 ===
[2026-05-02T15:01:08.506757+00:00] [INFO]   DETECT spark idle (9.4%)
[2026-05-02T15:01:08.513569+00:00] [INFO]   PEER-SUPERVISOR: 1 findings (STALE)
[2026-05-02T15:01:08.513989+00:00] [INFO] === roadmap-driver cycle ===
[2026-05-02T15:01:08.931962+00:00] [INFO] budget check: budget block at 65.5%
[2026-05-02T15:01:08.954408+00:00] [INFO]   roadmap_edge_track_record_in_briefing: in cooldown (attempted within last 12h)
[2026-05-02T15:01:08.954776+00:00] [INFO] nothing to push — all roadmap items either complete or in cooldown
[2026-05-02T15:01:09.015945+00:00] [INFO]   wrote session briefing (15 capability groups, 0 broken integrations)
[2026-05-02T15:01:09.016267+00:00] [INFO]   cycle 1173 done in 1.6s, 1 actions
[2026-05-02T15:01:09.016785+00:00] [INFO]   sleeping 120s until next cycle
[2026-05-02T15:03:09.151277+00:00] [INFO] === cycle 1174 ===
[2026-05-02T15:03:10.349369+00:00] [INFO] === roadmap-driver cycle ===
[2026-05-02T15:03:10.772618+00:00] [INFO] budget check: budget block at 65.5%
[2026-05-02T15:03:10.790596+00:00] [INFO]   roadmap_edge_track_record_in_briefing: in cooldown (attempted within last 12h)
[2026-05-02T15:03:10.791009+00:00] [INFO] nothing to push — all roadmap items either complete or in cooldown
[2026-05-02T15:03:10.844259+00:00] [INFO]   wrote session briefing (15 capability groups, 0 broken integrations)
[2026-05-02T15:03:10.844459+00:00] [INFO]   cycle 1174 done in 1.7s, 0 actions
[2026-05-02T15:03:10.844988+00:00] [INFO]   sleeping 900s until next cycle
[2026-05-02T15:18:10.946445+00:00] [INFO] === cycle 1175 ===
[2026-05-02T15:18:12.273328+00:00] [INFO]   PEER-SUPERVISOR: 1 findings (STALE)
[2026-05-02T15:18:12.274084+00:00] [INFO] === roadmap-driver cycle ===
[2026-05-02T15:18:12.711250+00:00] [INFO] budget check: budget block at 67.0%
[2026-05-02T15:18:12.738850+00:00] [INFO]   roadmap_edge_track_record_in_briefing: in cooldown (attempted within last 12h)
[2026-05-02T15:18:12.739407+00:00] [INFO] nothing to push — all roadmap items either complete or in cooldown
[2026-05-02T15:18:12.803511+00:00] [INFO]   wrote session briefing (15 capability groups, 0 broken integrations)
[2026-05-02T15:18:12.803850+00:00] [INFO]   cycle 1175 done in 1.9s, 1 actions
[2026-05-02T15:18:12.804398+00:00] [INFO]   sleeping 120s until next cycle
[2026-05-02T15:20:12.878067+00:00] [INFO] === cycle 1176 ===
[2026-05-02T15:20:14.119184+00:00] [INFO]   DETECT spark idle (0.0%)
[2026-05-02T15:20:14.126001+00:00] [INFO]   PEER-SUPERVISOR: 1 findings (STALE)
[2026-05-02T15:20:14.126405+00:00] [INFO] === roadmap-driver cycle ===
[2026-05-02T15:20:14.539090+00:00] [INFO] budget check: budget block at 59.5%
[2026-05-02T15:20:14.559933+00:00] [INFO]   roadmap_edge_track_record_in_briefing: in cooldown (attempted within last 12h)
[2026-05-02T15:20:14.560326+00:00] [INFO] nothing to push — all roadmap items either complete or in cooldown
[2026-05-02T15:20:14.618859+00:00] [INFO]   wrote session briefing (15 capability groups, 0 broken integrations)
[2026-05-02T15:20:14.619284+00:00] [INFO]   cycle 1176 done in 1.7s, 1 actions
[2026-05-02T15:20:14.619844+00:00] [INFO]   sleeping 120s until next cycle
[2026-05-02T15:22:14.641951+00:00] [INFO] === cycle 1177 ===
[2026-05-02T15:22:15.937392+00:00] [INFO]   PEER-SUPERVISOR: 1 findings (STALE)
[2026-05-02T15:22:15.937999+00:00] [INFO] === roadmap-driver cycle ===
[2026-05-02T15:22:16.365119+00:00] [INFO] budget check: budget block at 59.5%
[2026-05-02T15:22:16.385106+00:00] [INFO]   roadmap_edge_track_record_in_briefing: in cooldown (attempted within last 12h)
[2026-05-02T15:22:16.385721+00:00] [INFO] nothing to push — all roadmap items either complete or in cooldown
[2026-05-02T15:22:16.447707+00:00] [INFO]   wrote session briefing (15 capability groups, 0 broken integrations)
[2026-05-02T15:22:16.448043+00:00] [INFO]   cycle 1177 done in 1.8s, 1 actions
[2026-05-02T15:22:16.448572+00:00] [INFO]   sleeping 120s until next cycle
[2026-05-02T15:24:16.587095+00:00] [INFO] === cycle 1178 ===
[2026-05-02T15:24:18.061492+00:00] [INFO]   PEER-SUPERVISOR: 1 findings (STALE)
[2026-05-02T15:24:18.062081+00:00] [INFO] === roadmap-driver cycle ===
[2026-05-02T15:24:18.478116+00:00] [INFO] budget check: budget block at 59.5%
[2026-05-02T15:24:18.497722+00:00] [INFO]   roadmap_edge_track_record_in_briefing: in cooldown (attempted within last 12h)
[2026-05-02T15:24:18.498243+00:00] [INFO] nothing to push — all roadmap items either complete or in cooldown
[2026-05-02T15:24:18.557825+00:00] [INFO]   wrote session briefing (15 capability groups, 0 broken integrations)
[2026-05-02T15:24:18.558234+00:00] [INFO]   cycle 1178 done in 2.0s, 1 actions
[2026-05-02T15:24:18.558744+00:00] [INFO]   sleeping 120s until next cycle
[2026-05-02T15:26:18.651090+00:00] [INFO] === cycle 1179 ===
[2026-05-02T15:26:20.321464+00:00] [INFO]   PEER-SUPERVISOR: 1 findings (STALE)
[2026-05-02T15:26:20.321887+00:00] [INFO] === roadmap-driver cycle ===
[2026-05-02T15:26:20.737595+00:00] [INFO] budget check: budget block at 58.0%
[2026-05-02T15:26:20.757407+00:00] [INFO]   roadmap_edge_track_record_in_briefing: in cooldown (attempted within last 12h)
[2026-05-02T15:26:20.757799+00:00] [INFO] nothing to push — all roadmap items either complete or in cooldown
[2026-05-02T15:26:20.818322+00:00] [INFO]   wrote session briefing (15 capability groups, 0 broken integrations)
[2026-05-02T15:26:20.818636+00:00] [INFO]   cycle 1179 done in 2.2s, 1 actions
[2026-05-02T15:26:20.819220+00:00] [INFO]   sleeping 120s until next cycle
[2026-05-02T15:28:20.967608+00:00] [INFO] === cycle 1180 ===
[2026-05-02T15:28:22.473519+00:00] [INFO]   PEER-SUPERVISOR: 1 findings (STALE)
[2026-05-02T15:28:22.474085+00:00] [INFO] === roadmap-driver cycle ===
[2026-05-02T15:28:22.888668+00:00] [INFO] budget check: budget block at 58.5%
[2026-05-02T15:28:22.907972+00:00] [INFO]   roadmap_edge_track_record_in_briefing: in cooldown (attempted within last 12h)
[2026-05-02T15:28:22.908498+00:00] [INFO] nothing to push — all roadmap items either complete or in cooldown
[2026-05-02T15:28:22.978858+00:00] [INFO]   wrote session briefing (15 capability groups, 0 broken integrations)
[2026-05-02T15:28:22.979185+00:00] [INFO]   cycle 1180 done in 2.0s, 1 actions
[2026-05-02T15:28:22.979770+00:00] [INFO]   sleeping 120s until next cycle
[2026-05-02T15:30:23.003801+00:00] [INFO] === cycle 1181 ===
[2026-05-02T15:30:24.479994+00:00] [INFO]   PEER-SUPERVISOR: 1 findings (STALE)
[2026-05-02T15:30:24.480413+00:00] [INFO] === roadmap-driver cycle ===
[2026-05-02T15:30:24.898324+00:00] [INFO] budget check: budget block at 58.5%
[2026-05-02T15:30:24.919233+00:00] [INFO]   roadmap_edge_track_record_in_briefing: in cooldown (attempted within last 12h)
[2026-05-02T15:30:24.919637+00:00] [INFO] nothing to push — all roadmap items either complete or in cooldown
[2026-05-02T15:30:24.976178+00:00] [INFO]   wrote session briefing (15 capability groups, 0 broken integrations)
[2026-05-02T15:30:24.976492+00:00] [INFO]   cycle 1181 done in 2.0s, 1 actions
[2026-05-02T15:30:24.977012+00:00] [INFO]   sleeping 120s until next cycle
[2026-05-02T15:32:25.036402+00:00] [INFO] === cycle 1182 ===
[2026-05-02T15:32:26.298884+00:00] [INFO]   PEER-SUPERVISOR: 1 findings (STALE)
[2026-05-02T15:32:26.299424+00:00] [INFO] === roadmap-driver cycle ===
[2026-05-02T15:32:26.713755+00:00] [INFO] budget check: budget block at 58.5%
[2026-05-02T15:32:26.739172+00:00] [INFO]   roadmap_edge_track_record_in_briefing: in cooldown (attempted within last 12h)
[2026-05-02T15:32:26.739673+00:00] [INFO] nothing to push — all roadmap items either complete or in cooldown
[2026-05-02T15:32:26.822655+00:00] [INFO]   wrote session briefing (15 capability groups, 0 broken integrations)
[2026-05-02T15:32:26.822967+00:00] [INFO]   cycle 1182 done in 1.8s, 1 actions
[2026-05-02T15:32:26.823483+00:00] [INFO]   sleeping 120s until next cycle
[2026-05-02T15:34:26.967902+00:00] [INFO] === cycle 1183 ===
[2026-05-02T15:34:28.768337+00:00] [INFO] === roadmap-driver cycle ===
[2026-05-02T15:34:29.182208+00:00] [INFO] budget check: budget block at 58.5%
[2026-05-02T15:34:29.199829+00:00] [INFO]   roadmap_edge_track_record_in_briefing: in cooldown (attempted within last 12h)
[2026-05-02T15:34:29.200196+00:00] [INFO] nothing to push — all roadmap items either complete or in cooldown
[2026-05-02T15:34:29.264691+00:00] [INFO]   wrote session briefing (15 capability groups, 0 broken integrations)
[2026-05-02T15:34:29.265002+00:00] [INFO]   cycle 1183 done in 2.3s, 0 actions
[2026-05-02T15:34:29.265499+00:00] [INFO]   sleeping 900s until next cycle
[2026-05-02T15:49:29.340119+00:00] [INFO] === cycle 1184 ===
[2026-05-02T15:49:31.143511+00:00] [INFO]   PEER-SUPERVISOR: 1 findings (STALE)
[2026-05-02T15:49:31.143903+00:00] [INFO] === roadmap-driver cycle ===
[2026-05-02T15:49:31.561492+00:00] [INFO] budget check: budget block at 58.5%
[2026-05-02T15:49:31.585290+00:00] [INFO]   roadmap_edge_track_record_in_briefing: in cooldown (attempted within last 12h)
[2026-05-02T15:49:31.585814+00:00] [INFO] nothing to push — all roadmap items either complete or in cooldown
[2026-05-02T15:49:31.641822+00:00] [INFO]   wrote session briefing (15 capability groups, 0 broken integrations)
[2026-05-02T15:49:31.642120+00:00] [INFO]   cycle 1184 done in 2.3s, 1 actions
[2026-05-02T15:49:31.642676+00:00] [INFO]   sleeping 120s until next cycle
[2026-05-02T15:51:31.727556+00:00] [INFO] === cycle 1185 ===
[2026-05-02T15:51:33.661386+00:00] [INFO]   PEER-SUPERVISOR: 1 findings (STALE)
[2026-05-02T15:51:33.661815+00:00] [INFO] === roadmap-driver cycle ===
[2026-05-02T15:51:34.074946+00:00] [INFO] budget check: budget block at 60.0%
[2026-05-02T15:51:34.094598+00:00] [INFO]   roadmap_edge_track_record_in_briefing: in cooldown (attempted within last 12h)
[2026-05-02T15:51:34.094980+00:00] [INFO] nothing to push — all roadmap items either complete or in cooldown
[2026-05-02T15:51:34.161562+00:00] [INFO]   wrote session briefing (15 capability groups, 0 broken integrations)
[2026-05-02T15:51:34.161889+00:00] [INFO]   cycle 1185 done in 2.4s, 1 actions
[2026-05-02T15:51:34.162443+00:00] [INFO]   sleeping 120s until next cycle
[2026-05-02T15:53:34.301606+00:00] [INFO] === cycle 1186 ===
[2026-05-02T15:53:35.595379+00:00] [INFO]   PEER-SUPERVISOR: 1 findings (STALE)
[2026-05-02T15:53:35.595934+00:00] [INFO] === roadmap-driver cycle ===
[2026-05-02T15:53:36.034585+00:00] [INFO] budget check: budget block at 60.0%
[2026-05-02T15:53:36.057175+00:00] [INFO]   roadmap_edge_track_record_in_briefing: in cooldown (attempted within last 12h)
[2026-05-02T15:53:36.059316+00:00] [INFO] nothing to push — all roadmap items either complete or in cooldown
[2026-05-02T15:53:36.131720+00:00] [INFO]   wrote session briefing (15 capability groups, 0 broken integrations)
[2026-05-02T15:53:36.132011+00:00] [INFO]   cycle 1186 done in 1.8s, 1 actions
[2026-05-02T15:53:36.132493+00:00] [INFO]   sleeping 120s until next cycle
[2026-05-02T15:55:36.275441+00:00] [INFO] === cycle 1187 ===
[2026-05-02T15:55:37.772505+00:00] [INFO]   PEER-SUPERVISOR: 1 findings (STALE)
[2026-05-02T15:55:37.772906+00:00] [INFO] === roadmap-driver cycle ===
[2026-05-02T15:55:38.186260+00:00] [INFO] budget check: budget block at 60.0%
[2026-05-02T15:55:38.207055+00:00] [INFO]   roadmap_edge_track_record_in_briefing: in cooldown (attempted within last 12h)
[2026-05-02T15:55:38.207567+00:00] [INFO] nothing to push — all roadmap items either complete or in cooldown
[2026-05-02T15:55:38.269964+00:00] [INFO]   wrote session briefing (15 capability groups, 0 broken integrations)
[2026-05-02T15:55:38.270266+00:00] [INFO]   cycle 1187 done in 2.0s, 1 actions
[2026-05-02T15:55:38.270811+00:00] [INFO]   sleeping 120s until next cycle
[2026-05-02T15:57:38.331083+00:00] [INFO] === cycle 1188 ===
[2026-05-02T15:57:39.576970+00:00] [INFO]   PEER-SUPERVISOR: 1 findings (STALE)
[2026-05-02T15:57:39.577512+00:00] [INFO] === roadmap-driver cycle ===
[2026-05-02T15:57:39.992233+00:00] [INFO] budget check: budget block at 60.0%
[2026-05-02T15:57:40.013098+00:00] [INFO]   roadmap_edge_track_record_in_briefing: in cooldown (attempted within last 12h)
[2026-05-02T15:57:40.013624+00:00] [INFO] nothing to push — all roadmap items either complete or in cooldown
[2026-05-02T15:57:40.082933+00:00] [INFO]   wrote session briefing (15 capability groups, 0 broken integrations)
[2026-05-02T15:57:40.083237+00:00] [INFO]   cycle 1188 done in 1.8s, 1 actions
[2026-05-02T15:57:40.083761+00:00] [INFO]   sleeping 120s until next cycle
[2026-05-02T15:59:40.117539+00:00] [INFO] === cycle 1189 ===
[2026-05-02T15:59:41.905163+00:00] [INFO]   PEER-SUPERVISOR: 1 findings (STALE)
[2026-05-02T15:59:41.905583+00:00] [INFO] === roadmap-driver cycle ===
[2026-05-02T15:59:42.321615+00:00] [INFO] budget check: budget block at 58.5%
[2026-05-02T15:59:42.341403+00:00] [INFO]   roadmap_edge_track_record_in_briefing: in cooldown (attempted within last 12h)
[2026-05-02T15:59:42.341774+00:00] [INFO] nothing to push — all roadmap items either complete or in cooldown
[2026-05-02T15:59:42.405966+00:00] [INFO]   wrote session briefing (15 capability groups, 0 broken integrations)
[2026-05-02T15:59:42.406674+00:00] [INFO]   cycle 1189 done in 2.3s, 1 actions
[2026-05-02T15:59:42.407235+00:00] [INFO]   sleeping 120s until next cycle
[2026-05-02T16:01:42.525944+00:00] [INFO] === cycle 1190 ===
[2026-05-02T16:01:44.664816+00:00] [INFO]   PEER-SUPERVISOR: 1 findings (STALE)
[2026-05-02T16:01:44.665700+00:00] [INFO] === roadmap-driver cycle ===
[2026-05-02T16:01:45.119062+00:00] [INFO] budget check: budget block at 60.5%
[2026-05-02T16:01:45.144031+00:00] [INFO]   roadmap_edge_track_record_in_briefing: in cooldown (attempted within last 12h)
[2026-05-02T16:01:45.144538+00:00] [INFO] nothing to push — all roadmap items either complete or in cooldown
[2026-05-02T16:01:45.202020+00:00] [INFO]   wrote session briefing (15 capability groups, 0 broken integrations)
[2026-05-02T16:01:45.202340+00:00] [INFO]   cycle 1190 done in 2.7s, 1 actions
[2026-05-02T16:01:45.202955+00:00] [INFO]   sleeping 120s until next cycle
[2026-05-02T16:03:45.307041+00:00] [INFO] === cycle 1191 ===
[2026-05-02T16:03:46.591679+00:00] [INFO] === roadmap-driver cycle ===
[2026-05-02T16:03:47.008985+00:00] [INFO] budget check: budget block at 60.5%
[2026-05-02T16:03:47.029000+00:00] [INFO]   roadmap_edge_track_record_in_briefing: in cooldown (attempted within last 12h)
[2026-05-02T16:03:47.029524+00:00] [INFO] nothing to push — all roadmap items either complete or in cooldown
[2026-05-02T16:03:47.095208+00:00] [INFO]   wrote session briefing (15 capability groups, 0 broken integrations)
[2026-05-02T16:03:47.095517+00:00] [INFO]   cycle 1191 done in 1.8s, 0 actions
[2026-05-02T16:03:47.096029+00:00] [INFO]   sleeping 900s until next cycle
[2026-05-02T16:18:47.223057+00:00] [INFO] === cycle 1192 ===
[2026-05-02T16:18:48.573812+00:00] [INFO]   PEER-SUPERVISOR: 1 findings (STALE)
[2026-05-02T16:18:48.574295+00:00] [INFO] === roadmap-driver cycle ===
[2026-05-02T16:18:49.100172+00:00] [INFO] budget check: budget block at 60.0%
[2026-05-02T16:18:49.132728+00:00] [INFO]   roadmap_edge_track_record_in_briefing: in cooldown (attempted within last 12h)
[2026-05-02T16:18:49.133122+00:00] [INFO] nothing to push — all roadmap items either complete or in cooldown
[2026-05-02T16:18:49.195843+00:00] [INFO]   wrote session briefing (15 capability groups, 0 broken integrations)
[2026-05-02T16:18:49.197318+00:00] [INFO]   cycle 1192 done in 2.0s, 1 actions
[2026-05-02T16:18:49.197855+00:00] [INFO]   sleeping 120s until next cycle
[2026-05-02T16:20:49.240912+00:00] [INFO] === cycle 1193 ===
[2026-05-02T16:20:50.437471+00:00] [INFO]   PEER-SUPERVISOR: 1 findings (STALE)
[2026-05-02T16:20:50.437900+00:00] [INFO] === roadmap-driver cycle ===
[2026-05-02T16:20:50.859913+00:00] [INFO] budget check: budget block at 60.0%
[2026-05-02T16:20:50.878101+00:00] [INFO]   roadmap_edge_track_record_in_briefing: in cooldown (attempted within last 12h)
[2026-05-02T16:20:50.878508+00:00] [INFO] nothing to push — all roadmap items either complete or in cooldown
[2026-05-02T16:20:50.935917+00:00] [INFO]   wrote session briefing (15 capability groups, 0 broken integrations)
[2026-05-02T16:20:50.936254+00:00] [INFO]   cycle 1193 done in 1.7s, 1 actions
[2026-05-02T16:20:50.936811+00:00] [INFO]   sleeping 120s until next cycle
[2026-05-02T16:22:51.009510+00:00] [INFO] === cycle 1194 ===
[2026-05-02T16:22:52.287229+00:00] [INFO]   PEER-SUPERVISOR: 1 findings (STALE)
[2026-05-02T16:22:52.287638+00:00] [INFO] === roadmap-driver cycle ===
[2026-05-02T16:22:52.761091+00:00] [INFO] budget check: budget block at 59.0%
[2026-05-02T16:22:52.782196+00:00] [INFO]   roadmap_edge_track_record_in_briefing: in cooldown (attempted within last 12h)
[2026-05-02T16:22:52.782598+00:00] [INFO] nothing to push — all roadmap items either complete or in cooldown
[2026-05-02T16:22:52.842888+00:00] [INFO]   wrote session briefing (15 capability groups, 0 broken integrations)
[2026-05-02T16:22:52.843399+00:00] [INFO]   cycle 1194 done in 1.8s, 1 actions
[2026-05-02T16:22:52.844000+00:00] [INFO]   sleeping 120s until next cycle
[2026-05-02T16:24:52.919587+00:00] [INFO] === cycle 1195 ===
[2026-05-02T16:24:54.162394+00:00] [INFO]   PEER-SUPERVISOR: 1 findings (STALE)
[2026-05-02T16:24:54.162850+00:00] [INFO] === roadmap-driver cycle ===
[2026-05-02T16:24:54.593623+00:00] [INFO] budget check: budget block at 60.5%
[2026-05-02T16:24:54.614186+00:00] [INFO]   roadmap_edge_track_record_in_briefing: in cooldown (attempted within last 12h)
[2026-05-02T16:24:54.614566+00:00] [INFO] nothing to push — all roadmap items either complete or in cooldown
[2026-05-02T16:24:54.681899+00:00] [INFO]   wrote session briefing (15 capability groups, 0 broken integrations)
[2026-05-02T16:24:54.682245+00:00] [INFO]   cycle 1195 done in 1.8s, 1 actions
[2026-05-02T16:24:54.682754+00:00] [INFO]   sleeping 120s until next cycle
[2026-05-02T16:26:54.723929+00:00] [INFO] === cycle 1196 ===
[2026-05-02T16:26:55.939599+00:00] [INFO]   PEER-SUPERVISOR: 1 findings (STALE)
[2026-05-02T16:26:55.940011+00:00] [INFO] === roadmap-driver cycle ===
[2026-05-02T16:26:56.358355+00:00] [INFO] budget check: budget block at 60.5%
[2026-05-02T16:26:56.378744+00:00] [INFO]   roadmap_edge_track_record_in_briefing: in cooldown (attempted within last 12h)
[2026-05-02T16:26:56.379163+00:00] [INFO] nothing to push — all roadmap items either complete or in cooldown
[2026-05-02T16:26:56.448549+00:00] [INFO]   wrote session briefing (15 capability groups, 0 broken integrations)
[2026-05-02T16:26:56.448857+00:00] [INFO]   cycle 1196 done in 1.7s, 1 actions
[2026-05-02T16:26:56.449364+00:00] [INFO]   sleeping 120s until next cycle
[2026-05-02T16:28:56.519760+00:00] [INFO] === cycle 1197 ===
[2026-05-02T16:28:57.724241+00:00] [INFO]   PEER-SUPERVISOR: 1 findings (STALE)
[2026-05-02T16:28:57.724641+00:00] [INFO] === roadmap-driver cycle ===
[2026-05-02T16:28:58.141352+00:00] [INFO] budget check: budget block at 60.5%
[2026-05-02T16:28:58.158110+00:00] [INFO]   roadmap_edge_track_record_in_briefing: in cooldown (attempted within last 12h)
[2026-05-02T16:28:58.158483+00:00] [INFO] nothing to push — all roadmap items either complete or in cooldown
[2026-05-02T16:28:58.229726+00:00] [INFO]   wrote session briefing (15 capability groups, 0 broken integrations)
[2026-05-02T16:28:58.230068+00:00] [INFO]   cycle 1197 done in 1.7s, 1 actions
[2026-05-02T16:28:58.230608+00:00] [INFO]   sleeping 120s until next cycle
[2026-05-02T16:30:58.377202+00:00] [INFO] === cycle 1198 ===
[2026-05-02T16:30:59.570361+00:00] [INFO]   PEER-SUPERVISOR: 1 findings (STALE)
[2026-05-02T16:30:59.570748+00:00] [INFO] === roadmap-driver cycle ===
[2026-05-02T16:30:59.999626+00:00] [INFO] budget check: budget block at 60.5%
[2026-05-02T16:31:00.020031+00:00] [INFO]   roadmap_edge_track_record_in_briefing: in cooldown (attempted within last 12h)
[2026-05-02T16:31:00.020437+00:00] [INFO] nothing to push — all roadmap items either complete or in cooldown
[2026-05-02T16:31:00.074975+00:00] [INFO]   wrote session briefing (15 capability groups, 0 broken integrations)
[2026-05-02T16:31:00.075292+00:00] [INFO]   cycle 1198 done in 1.7s, 1 actions
[2026-05-02T16:31:00.075836+00:00] [INFO]   sleeping 120s until next cycle
[2026-05-02T16:33:00.084913+00:00] [INFO] === cycle 1199 ===
[2026-05-02T16:33:01.242818+00:00] [INFO] === roadmap-driver cycle ===
[2026-05-02T16:33:01.659482+00:00] [INFO] budget check: budget block at 59.5%
[2026-05-02T16:33:01.676819+00:00] [INFO]   roadmap_edge_track_record_in_briefing: in cooldown (attempted within last 12h)
[2026-05-02T16:33:01.677229+00:00] [INFO] nothing to push — all roadmap items either complete or in cooldown
[2026-05-02T16:33:01.738323+00:00] [INFO]   wrote session briefing (15 capability groups, 0 broken integrations)
[2026-05-02T16:33:01.738532+00:00] [INFO]   cycle 1199 done in 1.7s, 0 actions
[2026-05-02T16:33:01.739099+00:00] [INFO]   sleeping 900s until next cycle
[2026-05-02T16:48:01.762544+00:00] [INFO] === cycle 1200 ===
[2026-05-02T16:48:02.999298+00:00] [INFO]   PEER-SUPERVISOR: 1 findings (STALE)
[2026-05-02T16:48:02.999834+00:00] [INFO] === roadmap-driver cycle ===
[2026-05-02T16:48:03.416216+00:00] [INFO] budget check: budget block at 58.5%
[2026-05-02T16:48:03.437344+00:00] [INFO]   roadmap_edge_track_record_in_briefing: in cooldown (attempted within last 12h)
[2026-05-02T16:48:03.437897+00:00] [INFO] nothing to push — all roadmap items either complete or in cooldown
[2026-05-02T16:48:03.509745+00:00] [INFO]   wrote session briefing (15 capability groups, 0 broken integrations)
[2026-05-02T16:48:03.509920+00:00] [INFO]   cycle 1200 done in 1.7s, 1 actions
[2026-05-02T16:48:03.510418+00:00] [INFO]   sleeping 120s until next cycle
[2026-05-02T16:50:03.560648+00:00] [INFO] === cycle 1201 ===
[2026-05-02T16:50:04.889977+00:00] [INFO]   PEER-SUPERVISOR: 1 findings (STALE)
[2026-05-02T16:50:04.890389+00:00] [INFO] === roadmap-driver cycle ===
[2026-05-02T16:50:05.307083+00:00] [INFO] budget check: budget block at 58.5%
[2026-05-02T16:50:05.326908+00:00] [INFO]   roadmap_edge_track_record_in_briefing: in cooldown (attempted within last 12h)
[2026-05-02T16:50:05.327280+00:00] [INFO] nothing to push — all roadmap items either complete or in cooldown
[2026-05-02T16:50:05.397099+00:00] [INFO]   wrote session briefing (15 capability groups, 0 broken integrations)
[2026-05-02T16:50:05.397441+00:00] [INFO]   cycle 1201 done in 1.8s, 1 actions
[2026-05-02T16:50:05.398000+00:00] [INFO]   sleeping 120s until next cycle
[2026-05-02T16:52:05.489284+00:00] [INFO] === cycle 1202 ===
[2026-05-02T16:52:07.133107+00:00] [INFO]   PEER-SUPERVISOR: 1 findings (STALE)
[2026-05-02T16:52:07.133524+00:00] [INFO] === roadmap-driver cycle ===
[2026-05-02T16:52:07.547850+00:00] [INFO] budget check: budget block at 58.5%
[2026-05-02T16:52:07.567968+00:00] [INFO]   roadmap_edge_track_record_in_briefing: in cooldown (attempted within last 12h)
[2026-05-02T16:52:07.568375+00:00] [INFO] nothing to push — all roadmap items either complete or in cooldown
[2026-05-02T16:52:07.623492+00:00] [INFO]   wrote session briefing (15 capability groups, 0 broken integrations)
[2026-05-02T16:52:07.623787+00:00] [INFO]   cycle 1202 done in 2.1s, 1 actions
[2026-05-02T16:52:07.624304+00:00] [INFO]   sleeping 120s until next cycle
[2026-05-02T16:54:07.742006+00:00] [INFO] === cycle 1203 ===
[2026-05-02T16:54:09.484508+00:00] [INFO]   PEER-SUPERVISOR: 1 findings (STALE)
[2026-05-02T16:54:09.484967+00:00] [INFO] === roadmap-driver cycle ===
[2026-05-02T16:54:09.899900+00:00] [INFO] budget check: budget block at 58.5%
[2026-05-02T16:54:09.920021+00:00] [INFO]   roadmap_edge_track_record_in_briefing: in cooldown (attempted within last 12h)
[2026-05-02T16:54:09.920534+00:00] [INFO] nothing to push — all roadmap items either complete or in cooldown
[2026-05-02T16:54:09.971351+00:00] [INFO]   wrote session briefing (15 capability groups, 0 broken integrations)
[2026-05-02T16:54:09.971623+00:00] [INFO]   cycle 1203 done in 2.2s, 1 actions
[2026-05-02T16:54:09.972233+00:00] [INFO]   sleeping 120s until next cycle
[2026-05-02T16:56:10.089299+00:00] [INFO] === cycle 1204 ===
[2026-05-02T16:56:11.410028+00:00] [INFO]   PEER-SUPERVISOR: 1 findings (STALE)
[2026-05-02T16:56:11.410619+00:00] [INFO] === roadmap-driver cycle ===
[2026-05-02T16:56:11.855867+00:00] [INFO] budget check: budget block at 58.0%
[2026-05-02T16:56:11.903417+00:00] [INFO]   roadmap_edge_track_record_in_briefing: in cooldown (attempted within last 12h)
[2026-05-02T16:56:11.904001+00:00] [INFO] nothing to push — all roadmap items either complete or in cooldown
[2026-05-02T16:56:11.975992+00:00] [INFO]   wrote session briefing (15 capability groups, 0 broken integrations)
[2026-05-02T16:56:11.976411+00:00] [INFO]   cycle 1204 done in 1.9s, 1 actions
[2026-05-02T16:56:11.977027+00:00] [INFO]   sleeping 120s until next cycle
[2026-05-02T16:58:11.978377+00:00] [INFO] === cycle 1205 ===
[2026-05-02T16:58:13.296546+00:00] [INFO]   PEER-SUPERVISOR: 1 findings (STALE)
[2026-05-02T16:58:13.296956+00:00] [INFO] === roadmap-driver cycle ===
[2026-05-02T16:58:13.719584+00:00] [INFO] budget check: budget block at 59.0%
[2026-05-02T16:58:13.741159+00:00] [INFO]   roadmap_edge_track_record_in_briefing: in cooldown (attempted within last 12h)
[2026-05-02T16:58:13.741560+00:00] [INFO] nothing to push — all roadmap items either complete or in cooldown
[2026-05-02T16:58:13.806777+00:00] [INFO]   wrote session briefing (15 capability groups, 0 broken integrations)
[2026-05-02T16:58:13.807136+00:00] [INFO]   cycle 1205 done in 1.8s, 1 actions
[2026-05-02T16:58:13.807651+00:00] [INFO]   sleeping 120s until next cycle
[2026-05-02T17:00:13.908867+00:00] [INFO] === cycle 1206 ===
[2026-05-02T17:00:15.141886+00:00] [INFO]   PEER-SUPERVISOR: 1 findings (STALE)
[2026-05-02T17:00:15.142307+00:00] [INFO] === roadmap-driver cycle ===
[2026-05-02T17:00:15.560319+00:00] [INFO] budget check: budget block at 59.0%
[2026-05-02T17:00:15.577716+00:00] [INFO]   roadmap_edge_track_record_in_briefing: in cooldown (attempted within last 12h)
[2026-05-02T17:00:15.578106+00:00] [INFO] nothing to push — all roadmap items either complete or in cooldown
[2026-05-02T17:00:15.646227+00:00] [INFO]   wrote session briefing (15 capability groups, 0 broken integrations)
[2026-05-02T17:00:15.646552+00:00] [INFO]   cycle 1206 done in 1.7s, 1 actions
[2026-05-02T17:00:15.647097+00:00] [INFO]   sleeping 120s until next cycle
[2026-05-02T17:02:15.672772+00:00] [INFO] === cycle 1207 ===
[2026-05-02T17:02:16.911579+00:00] [INFO]   PEER-SUPERVISOR: 1 findings (STALE)
[2026-05-02T17:02:16.911994+00:00] [INFO] === roadmap-driver cycle ===
[2026-05-02T17:02:17.328304+00:00] [INFO] budget check: budget block at 59.0%
[2026-05-02T17:02:17.346352+00:00] [INFO]   roadmap_edge_track_record_in_briefing: in cooldown (attempted within last 12h)
[2026-05-02T17:02:17.346720+00:00] [INFO] nothing to push — all roadmap items either complete or in cooldown
[2026-05-02T17:02:17.417680+00:00] [INFO]   wrote session briefing (15 capability groups, 0 broken integrations)
[2026-05-02T17:02:17.417995+00:00] [INFO]   cycle 1207 done in 1.7s, 1 actions
[2026-05-02T17:02:17.418562+00:00] [INFO]   sleeping 120s until next cycle
[2026-05-02T17:04:17.567848+00:00] [INFO] === cycle 1208 ===
[2026-05-02T17:04:18.882380+00:00] [INFO] === roadmap-driver cycle ===
[2026-05-02T17:04:19.302364+00:00] [INFO] budget check: budget block at 59.0%
[2026-05-02T17:04:19.321661+00:00] [INFO]   roadmap_edge_track_record_in_briefing: in cooldown (attempted within last 12h)
[2026-05-02T17:04:19.322274+00:00] [INFO] nothing to push — all roadmap items either complete or in cooldown
[2026-05-02T17:04:19.382551+00:00] [INFO]   wrote session briefing (15 capability groups, 0 broken integrations)
[2026-05-02T17:04:19.383038+00:00] [INFO]   cycle 1208 done in 1.8s, 0 actions
[2026-05-02T17:04:19.383599+00:00] [INFO]   sleeping 900s until next cycle
[2026-05-02T17:19:19.494676+00:00] [INFO] === cycle 1209 ===
[2026-05-02T17:19:20.857387+00:00] [INFO]   PEER-SUPERVISOR: 1 findings (STALE)
[2026-05-02T17:19:20.857815+00:00] [INFO] === roadmap-driver cycle ===
[2026-05-02T17:19:21.280310+00:00] [INFO] budget check: budget block at 56.5%
[2026-05-02T17:19:21.300453+00:00] [INFO]   roadmap_edge_track_record_in_briefing: in cooldown (attempted within last 12h)
[2026-05-02T17:19:21.300970+00:00] [INFO] nothing to push — all roadmap items either complete or in cooldown
[2026-05-02T17:19:21.358665+00:00] [INFO]   wrote session briefing (15 capability groups, 0 broken integrations)
[2026-05-02T17:19:21.358980+00:00] [INFO]   cycle 1209 done in 1.9s, 1 actions
[2026-05-02T17:19:21.359489+00:00] [INFO]   sleeping 120s until next cycle
[2026-05-02T17:21:21.453016+00:00] [INFO] === cycle 1210 ===
[2026-05-02T17:21:22.787531+00:00] [INFO]   PEER-SUPERVISOR: 1 findings (STALE)
[2026-05-02T17:21:22.787951+00:00] [INFO] === roadmap-driver cycle ===
[2026-05-02T17:21:23.214891+00:00] [INFO] budget check: budget block at 56.5%
[2026-05-02T17:21:23.233312+00:00] [INFO]   roadmap_edge_track_record_in_briefing: in cooldown (attempted within last 12h)
[2026-05-02T17:21:23.233713+00:00] [INFO] nothing to push — all roadmap items either complete or in cooldown
[2026-05-02T17:21:23.290100+00:00] [INFO]   wrote session briefing (15 capability groups, 0 broken integrations)
[2026-05-02T17:21:23.290521+00:00] [INFO]   cycle 1210 done in 1.8s, 1 actions
[2026-05-02T17:21:23.291055+00:00] [INFO]   sleeping 120s until next cycle
[2026-05-02T17:23:23.292786+00:00] [INFO] === cycle 1211 ===
[2026-05-02T17:23:24.610274+00:00] [INFO]   PEER-SUPERVISOR: 1 findings (STALE)
[2026-05-02T17:23:24.610825+00:00] [INFO] === roadmap-driver cycle ===
[2026-05-02T17:23:25.029254+00:00] [INFO] budget check: budget block at 56.5%
[2026-05-02T17:23:25.049687+00:00] [INFO]   roadmap_edge_track_record_in_briefing: in cooldown (attempted within last 12h)
[2026-05-02T17:23:25.050307+00:00] [INFO] nothing to push — all roadmap items either complete or in cooldown
[2026-05-02T17:23:25.112292+00:00] [INFO]   wrote session briefing (15 capability groups, 0 broken integrations)
[2026-05-02T17:23:25.112620+00:00] [INFO]   cycle 1211 done in 1.8s, 1 actions
[2026-05-02T17:23:25.113174+00:00] [INFO]   sleeping 120s until next cycle
[2026-05-02T17:25:25.240086+00:00] [INFO] === cycle 1212 ===
[2026-05-02T17:25:27.013026+00:00] [INFO]   PEER-SUPERVISOR: 1 findings (STALE)
[2026-05-02T17:25:27.013494+00:00] [INFO] === roadmap-driver cycle ===
[2026-05-02T17:25:27.430599+00:00] [INFO] budget check: budget block at 56.5%
[2026-05-02T17:25:27.450806+00:00] [INFO]   roadmap_edge_track_record_in_briefing: in cooldown (attempted within last 12h)
[2026-05-02T17:25:27.451212+00:00] [INFO] nothing to push — all roadmap items either complete or in cooldown
[2026-05-02T17:25:27.506224+00:00] [INFO]   wrote session briefing (15 capability groups, 0 broken integrations)
[2026-05-02T17:25:27.506539+00:00] [INFO]   cycle 1212 done in 2.3s, 1 actions
[2026-05-02T17:25:27.507081+00:00] [INFO]   sleeping 120s until next cycle
[2026-05-02T17:27:27.547244+00:00] [INFO] === cycle 1213 ===
[2026-05-02T17:27:29.010213+00:00] [INFO]   PEER-SUPERVISOR: 1 findings (STALE)
[2026-05-02T17:27:29.010616+00:00] [INFO] === roadmap-driver cycle ===
[2026-05-02T17:27:29.429943+00:00] [INFO] budget check: budget block at 56.5%
[2026-05-02T17:27:29.449386+00:00] [INFO]   roadmap_edge_track_record_in_briefing: in cooldown (attempted within last 12h)
[2026-05-02T17:27:29.449796+00:00] [INFO] nothing to push — all roadmap items either complete or in cooldown
[2026-05-02T17:27:29.517972+00:00] [INFO]   wrote session briefing (15 capability groups, 0 broken integrations)
[2026-05-02T17:27:29.518325+00:00] [INFO]   cycle 1213 done in 2.0s, 1 actions
[2026-05-02T17:27:29.518876+00:00] [INFO]   sleeping 120s until next cycle
[2026-05-02T17:29:29.649051+00:00] [INFO] === cycle 1214 ===
[2026-05-02T17:29:31.018521+00:00] [INFO]   PEER-SUPERVISOR: 1 findings (STALE)
[2026-05-02T17:29:31.018937+00:00] [INFO] === roadmap-driver cycle ===
[2026-05-02T17:29:31.437480+00:00] [INFO] budget check: budget block at 56.5%
[2026-05-02T17:29:31.457315+00:00] [INFO]   roadmap_edge_track_record_in_briefing: in cooldown (attempted within last 12h)
[2026-05-02T17:29:31.457848+00:00] [INFO] nothing to push — all roadmap items either complete or in cooldown
[2026-05-02T17:29:31.509895+00:00] [INFO]   wrote session briefing (15 capability groups, 0 broken integrations)
[2026-05-02T17:29:31.510211+00:00] [INFO]   cycle 1214 done in 1.9s, 1 actions
[2026-05-02T17:29:31.510762+00:00] [INFO]   sleeping 120s until next cycle
[2026-05-02T17:31:31.527603+00:00] [INFO] === cycle 1215 ===
[2026-05-02T17:31:33.576132+00:00] [INFO]   PEER-SUPERVISOR: 1 findings (STALE)
[2026-05-02T17:31:33.576552+00:00] [INFO] === roadmap-driver cycle ===
[2026-05-02T17:31:33.996522+00:00] [INFO] budget check: budget block at 56.5%
[2026-05-02T17:31:34.015967+00:00] [INFO]   roadmap_edge_track_record_in_briefing: in cooldown (attempted within last 12h)
[2026-05-02T17:31:34.016364+00:00] [INFO] nothing to push — all roadmap items either complete or in cooldown
[2026-05-02T17:31:34.086347+00:00] [INFO]   wrote session briefing (15 capability groups, 0 broken integrations)
[2026-05-02T17:31:34.086653+00:00] [INFO]   cycle 1215 done in 2.6s, 1 actions
[2026-05-02T17:31:34.087175+00:00] [INFO]   sleeping 120s until next cycle
[2026-05-02T17:33:34.203121+00:00] [INFO] === cycle 1216 ===
[2026-05-02T17:33:35.542664+00:00] [INFO] === roadmap-driver cycle ===
[2026-05-02T17:33:35.971659+00:00] [INFO] budget check: budget block at 56.5%
[2026-05-02T17:33:35.992556+00:00] [INFO]   roadmap_edge_track_record_in_briefing: in cooldown (attempted within last 12h)
[2026-05-02T17:33:35.993072+00:00] [INFO] nothing to push — all roadmap items either complete or in cooldown
[2026-05-02T17:33:36.058805+00:00] [INFO]   wrote session briefing (15 capability groups, 0 broken integrations)
[2026-05-02T17:33:36.059146+00:00] [INFO]   cycle 1216 done in 1.9s, 0 actions
[2026-05-02T17:33:36.059664+00:00] [INFO]   sleeping 900s until next cycle
[2026-05-02T17:48:36.135191+00:00] [INFO] === cycle 1217 ===
[2026-05-02T17:48:37.527796+00:00] [INFO]   PEER-SUPERVISOR: 1 findings (STALE)
[2026-05-02T17:48:37.528349+00:00] [INFO] === roadmap-driver cycle ===
[2026-05-02T17:48:37.948643+00:00] [INFO] budget check: budget block at 58.0%
[2026-05-02T17:48:37.968530+00:00] [INFO]   roadmap_edge_track_record_in_briefing: in cooldown (attempted within last 12h)
[2026-05-02T17:48:37.969063+00:00] [INFO] nothing to push — all roadmap items either complete or in cooldown
[2026-05-02T17:48:38.038481+00:00] [INFO]   wrote session briefing (15 capability groups, 0 broken integrations)
[2026-05-02T17:48:38.038808+00:00] [INFO]   cycle 1217 done in 1.9s, 1 actions
[2026-05-02T17:48:38.039355+00:00] [INFO]   sleeping 120s until next cycle
[2026-05-02T17:50:38.111595+00:00] [INFO] === cycle 1218 ===
[2026-05-02T17:50:39.319832+00:00] [INFO]   DETECT spark idle (0.0%)
[2026-05-02T17:50:39.326607+00:00] [INFO]   PEER-SUPERVISOR: 1 findings (STALE)
[2026-05-02T17:50:39.327024+00:00] [INFO] === roadmap-driver cycle ===
[2026-05-02T17:50:39.746362+00:00] [INFO] budget check: budget block at 58.0%
[2026-05-02T17:50:39.764988+00:00] [INFO]   roadmap_edge_track_record_in_briefing: in cooldown (attempted within last 12h)
[2026-05-02T17:50:39.765367+00:00] [INFO] nothing to push — all roadmap items either complete or in cooldown
[2026-05-02T17:50:39.829494+00:00] [INFO]   wrote session briefing (15 capability groups, 0 broken integrations)
[2026-05-02T17:50:39.829838+00:00] [INFO]   cycle 1218 done in 1.7s, 1 actions
[2026-05-02T17:50:39.830404+00:00] [INFO]   sleeping 120s until next cycle
[2026-05-02T17:52:39.981371+00:00] [INFO] === cycle 1219 ===
[2026-05-02T17:52:41.308150+00:00] [INFO]   PEER-SUPERVISOR: 1 findings (STALE)
[2026-05-02T17:52:41.308790+00:00] [INFO] === roadmap-driver cycle ===
[2026-05-02T17:52:41.731088+00:00] [INFO] budget check: budget block at 57.5%
[2026-05-02T17:52:41.750598+00:00] [INFO]   roadmap_edge_track_record_in_briefing: in cooldown (attempted within last 12h)
[2026-05-02T17:52:41.751153+00:00] [INFO] nothing to push — all roadmap items either complete or in cooldown
[2026-05-02T17:52:41.820944+00:00] [INFO]   wrote session briefing (15 capability groups, 0 broken integrations)
[2026-05-02T17:52:41.821284+00:00] [INFO]   cycle 1219 done in 1.8s, 1 actions
[2026-05-02T17:52:41.821848+00:00] [INFO]   sleeping 120s until next cycle
[2026-05-02T17:54:41.825067+00:00] [INFO] === cycle 1220 ===
[2026-05-02T17:54:43.644357+00:00] [INFO]   PEER-SUPERVISOR: 1 findings (STALE)
[2026-05-02T17:54:43.644773+00:00] [INFO] === roadmap-driver cycle ===
[2026-05-02T17:54:44.062396+00:00] [INFO] budget check: budget block at 57.5%
[2026-05-02T17:54:44.082396+00:00] [INFO]   roadmap_edge_track_record_in_briefing: in cooldown (attempted within last 12h)
[2026-05-02T17:54:44.082887+00:00] [INFO] nothing to push — all roadmap items either complete or in cooldown
[2026-05-02T17:54:44.147421+00:00] [INFO]   wrote session briefing (15 capability groups, 0 broken integrations)
[2026-05-02T17:54:44.147708+00:00] [INFO]   cycle 1220 done in 2.3s, 1 actions
[2026-05-02T17:54:44.148219+00:00] [INFO]   sleeping 120s until next cycle
[2026-05-02T17:56:44.296675+00:00] [INFO] === cycle 1221 ===
[2026-05-02T17:56:46.649265+00:00] [INFO]   PEER-SUPERVISOR: 1 findings (STALE)
[2026-05-02T17:56:46.650369+00:00] [INFO] === roadmap-driver cycle ===
[2026-05-02T17:56:47.078849+00:00] [INFO] budget check: budget block at 57.5%
[2026-05-02T17:56:47.098916+00:00] [INFO]   roadmap_edge_track_record_in_briefing: in cooldown (attempted within last 12h)
[2026-05-02T17:56:47.099298+00:00] [INFO] nothing to push — all roadmap items either complete or in cooldown
[2026-05-02T17:56:47.170549+00:00] [INFO]   wrote session briefing (15 capability groups, 0 broken integrations)
[2026-05-02T17:56:47.170863+00:00] [INFO]   cycle 1221 done in 2.9s, 1 actions
[2026-05-02T17:56:47.171394+00:00] [INFO]   sleeping 120s until next cycle
[2026-05-02T17:58:47.191838+00:00] [INFO] === cycle 1222 ===
[2026-05-02T17:58:48.468595+00:00] [INFO]   PEER-SUPERVISOR: 1 findings (STALE)
[2026-05-02T17:58:48.469154+00:00] [INFO] === roadmap-driver cycle ===
[2026-05-02T17:58:48.886539+00:00] [INFO] budget check: budget block at 57.5%
[2026-05-02T17:58:48.908430+00:00] [INFO]   roadmap_edge_track_record_in_briefing: in cooldown (attempted within last 12h)
[2026-05-02T17:58:48.909044+00:00] [INFO] nothing to push — all roadmap items either complete or in cooldown
[2026-05-02T17:58:48.968679+00:00] [INFO]   wrote session briefing (15 capability groups, 0 broken integrations)
[2026-05-02T17:58:48.969029+00:00] [INFO]   cycle 1222 done in 1.8s, 1 actions
[2026-05-02T17:58:48.969609+00:00] [INFO]   sleeping 120s until next cycle
[2026-05-02T18:00:49.072266+00:00] [INFO] === cycle 1223 ===
[2026-05-02T18:00:51.110883+00:00] [INFO]   PEER-SUPERVISOR: 1 findings (STALE)
[2026-05-02T18:00:51.111308+00:00] [INFO] === roadmap-driver cycle ===
[2026-05-02T18:00:51.527816+00:00] [INFO] budget check: budget block at 57.5%
[2026-05-02T18:00:51.546678+00:00] [INFO]   roadmap_edge_track_record_in_briefing: in cooldown (attempted within last 12h)
[2026-05-02T18:00:51.547079+00:00] [INFO] nothing to push — all roadmap items either complete or in cooldown
[2026-05-02T18:00:51.600195+00:00] [INFO]   wrote session briefing (15 capability groups, 0 broken integrations)
[2026-05-02T18:00:51.600534+00:00] [INFO]   cycle 1223 done in 2.5s, 1 actions
[2026-05-02T18:00:51.601088+00:00] [INFO]   sleeping 120s until next cycle
[2026-05-02T18:02:51.695746+00:00] [INFO] === cycle 1224 ===
[2026-05-02T18:02:53.239741+00:00] [INFO]   PEER-SUPERVISOR: 1 findings (STALE)
[2026-05-02T18:02:53.240134+00:00] [INFO] === roadmap-driver cycle ===
[2026-05-02T18:02:53.657582+00:00] [INFO] budget check: budget block at 57.5%
[2026-05-02T18:02:53.678745+00:00] [INFO]   roadmap_edge_track_record_in_briefing: in cooldown (attempted within last 12h)
[2026-05-02T18:02:53.679237+00:00] [INFO] nothing to push — all roadmap items either complete or in cooldown
[2026-05-02T18:02:53.762356+00:00] [INFO]   wrote session briefing (15 capability groups, 0 broken integrations)
[2026-05-02T18:02:53.762697+00:00] [INFO]   cycle 1224 done in 2.1s, 1 actions
[2026-05-02T18:02:53.763358+00:00] [INFO]   sleeping 120s until next cycle
[2026-05-02T18:04:53.769901+00:00] [INFO] === cycle 1225 ===
[2026-05-02T18:04:55.383439+00:00] [INFO]   PEER-SUPERVISOR: 1 findings (STALE)
[2026-05-02T18:04:55.383852+00:00] [INFO] === roadmap-driver cycle ===
[2026-05-02T18:04:55.804028+00:00] [INFO] budget check: budget block at 57.0%
[2026-05-02T18:04:55.824846+00:00] [INFO]   roadmap_edge_track_record_in_briefing: in cooldown (attempted within last 12h)
[2026-05-02T18:04:55.825382+00:00] [INFO] nothing to push — all roadmap items either complete or in cooldown
[2026-05-02T18:04:55.893491+00:00] [INFO]   wrote session briefing (15 capability groups, 0 broken integrations)
[2026-05-02T18:04:55.893813+00:00] [INFO]   cycle 1225 done in 2.1s, 1 actions
[2026-05-02T18:04:55.894341+00:00] [INFO]   sleeping 120s until next cycle
[2026-05-02T18:06:56.029458+00:00] [INFO] === cycle 1226 ===
[2026-05-02T18:06:57.458677+00:00] [INFO] === roadmap-driver cycle ===
[2026-05-02T18:06:57.877295+00:00] [INFO] budget check: budget block at 57.0%
[2026-05-02T18:06:57.906211+00:00] [INFO]   roadmap_edge_track_record_in_briefing: in cooldown (attempted within last 12h)
[2026-05-02T18:06:57.906727+00:00] [INFO] nothing to push — all roadmap items either complete or in cooldown
[2026-05-02T18:06:57.972916+00:00] [INFO]   wrote session briefing (15 capability groups, 0 broken integrations)
[2026-05-02T18:06:57.973251+00:00] [INFO]   cycle 1226 done in 1.9s, 0 actions
[2026-05-02T18:06:57.973778+00:00] [INFO]   sleeping 900s until next cycle
[2026-05-02T18:21:57.996125+00:00] [INFO] === cycle 1227 ===
[2026-05-02T18:22:00.535269+00:00] [INFO]   PEER-SUPERVISOR: 1 findings (STALE)
[2026-05-02T18:22:00.535673+00:00] [INFO] === roadmap-driver cycle ===
[2026-05-02T18:22:00.948550+00:00] [INFO] budget check: budget block at 55.5%
[2026-05-02T18:22:00.969498+00:00] [INFO]   roadmap_edge_track_record_in_briefing: in cooldown (attempted within last 12h)
[2026-05-02T18:22:00.970027+00:00] [INFO] nothing to push — all roadmap items either complete or in cooldown
[2026-05-02T18:22:01.031873+00:00] [INFO]   wrote session briefing (15 capability groups, 0 broken integrations)
[2026-05-02T18:22:01.032219+00:00] [INFO]   cycle 1227 done in 3.0s, 1 actions
[2026-05-02T18:22:01.032803+00:00] [INFO]   sleeping 120s until next cycle
[2026-05-02T18:24:01.166555+00:00] [INFO] === cycle 1228 ===
[2026-05-02T18:24:02.453428+00:00] [INFO]   PEER-SUPERVISOR: 1 findings (STALE)
[2026-05-02T18:24:02.453840+00:00] [INFO] === roadmap-driver cycle ===
[2026-05-02T18:24:02.866690+00:00] [INFO] budget check: budget block at 55.5%
[2026-05-02T18:24:02.886895+00:00] [INFO]   roadmap_edge_track_record_in_briefing: in cooldown (attempted within last 12h)
[2026-05-02T18:24:02.887281+00:00] [INFO] nothing to push — all roadmap items either complete or in cooldown
[2026-05-02T18:24:02.956350+00:00] [INFO]   wrote session briefing (15 capability groups, 0 broken integrations)
[2026-05-02T18:24:02.956690+00:00] [INFO]   cycle 1228 done in 1.8s, 1 actions
[2026-05-02T18:24:02.957275+00:00] [INFO]   sleeping 120s until next cycle
[2026-05-02T18:26:02.974288+00:00] [INFO] === cycle 1229 ===
[2026-05-02T18:26:04.436307+00:00] [INFO]   PEER-SUPERVISOR: 1 findings (STALE)
[2026-05-02T18:26:04.436703+00:00] [INFO] === roadmap-driver cycle ===
[2026-05-02T18:26:04.851684+00:00] [INFO] budget check: budget block at 54.5%
[2026-05-02T18:26:04.873287+00:00] [INFO]   roadmap_edge_track_record_in_briefing: in cooldown (attempted within last 12h)
[2026-05-02T18:26:04.873690+00:00] [INFO] nothing to push — all roadmap items either complete or in cooldown
[2026-05-02T18:26:04.928504+00:00] [INFO]   wrote session briefing (15 capability groups, 0 broken integrations)
[2026-05-02T18:26:04.928838+00:00] [INFO]   cycle 1229 done in 2.0s, 1 actions
[2026-05-02T18:26:04.929391+00:00] [INFO]   sleeping 120s until next cycle
[2026-05-02T18:28:05.056823+00:00] [INFO] === cycle 1230 ===
[2026-05-02T18:28:06.268762+00:00] [INFO]   PEER-SUPERVISOR: 1 findings (STALE)
[2026-05-02T18:28:06.269158+00:00] [INFO] === roadmap-driver cycle ===
[2026-05-02T18:28:06.682733+00:00] [INFO] budget check: budget block at 54.5%
[2026-05-02T18:28:06.699419+00:00] [INFO]   roadmap_edge_track_record_in_briefing: in cooldown (attempted within last 12h)
[2026-05-02T18:28:06.699836+00:00] [INFO] nothing to push — all roadmap items either complete or in cooldown
[2026-05-02T18:28:06.756706+00:00] [INFO]   wrote session briefing (15 capability groups, 0 broken integrations)
[2026-05-02T18:28:06.757028+00:00] [INFO]   cycle 1230 done in 1.7s, 1 actions
[2026-05-02T18:28:06.757549+00:00] [INFO]   sleeping 120s until next cycle
[2026-05-02T18:30:06.830199+00:00] [INFO] === cycle 1231 ===
[2026-05-02T18:30:08.208516+00:00] [INFO]   PEER-SUPERVISOR: 1 findings (STALE)
[2026-05-02T18:30:08.208907+00:00] [INFO] === roadmap-driver cycle ===
[2026-05-02T18:30:08.623908+00:00] [INFO] budget check: budget block at 54.5%
[2026-05-02T18:30:08.640895+00:00] [INFO]   roadmap_edge_track_record_in_briefing: in cooldown (attempted within last 12h)
[2026-05-02T18:30:08.641273+00:00] [INFO] nothing to push — all roadmap items either complete or in cooldown
[2026-05-02T18:30:08.698309+00:00] [INFO]   wrote session briefing (15 capability groups, 0 broken integrations)
[2026-05-02T18:30:08.698489+00:00] [INFO]   cycle 1231 done in 1.9s, 1 actions
[2026-05-02T18:30:08.699013+00:00] [INFO]   sleeping 120s until next cycle
[2026-05-02T18:32:08.775529+00:00] [INFO] === cycle 1232 ===
[2026-05-02T18:32:10.306605+00:00] [INFO]   PEER-SUPERVISOR: 1 findings (STALE)
[2026-05-02T18:32:10.307111+00:00] [INFO] === roadmap-driver cycle ===
[2026-05-02T18:32:10.717711+00:00] [INFO] budget check: budget block at 54.5%
[2026-05-02T18:32:10.740551+00:00] [INFO]   roadmap_edge_track_record_in_briefing: in cooldown (attempted within last 12h)
[2026-05-02T18:32:10.741070+00:00] [INFO] nothing to push — all roadmap items either complete or in cooldown
[2026-05-02T18:32:10.816895+00:00] [INFO]   wrote session briefing (15 capability groups, 0 broken integrations)
[2026-05-02T18:32:10.817346+00:00] [INFO]   cycle 1232 done in 2.0s, 1 actions
[2026-05-02T18:32:10.817926+00:00] [INFO]   sleeping 120s until next cycle
[2026-05-02T18:34:10.824927+00:00] [INFO] === cycle 1233 ===
[2026-05-02T18:34:12.246991+00:00] [INFO]   PEER-SUPERVISOR: 1 findings (STALE)
[2026-05-02T18:34:12.247472+00:00] [INFO] === roadmap-driver cycle ===
[2026-05-02T18:34:12.679219+00:00] [INFO] budget check: budget block at 54.5%
[2026-05-02T18:34:12.704780+00:00] [INFO]   roadmap_edge_track_record_in_briefing: in cooldown (attempted within last 12h)
[2026-05-02T18:34:12.705272+00:00] [INFO] nothing to push — all roadmap items either complete or in cooldown
[2026-05-02T18:34:12.759877+00:00] [INFO]   wrote session briefing (15 capability groups, 0 broken integrations)
[2026-05-02T18:34:12.760215+00:00] [INFO]   cycle 1233 done in 1.9s, 1 actions
[2026-05-02T18:34:12.760807+00:00] [INFO]   sleeping 120s until next cycle
[2026-05-02T18:36:12.768190+00:00] [INFO] === cycle 1234 ===
[2026-05-02T18:36:14.538611+00:00] [INFO]   PEER-SUPERVISOR: 1 findings (STALE)
[2026-05-02T18:36:14.539196+00:00] [INFO] === roadmap-driver cycle ===
[2026-05-02T18:36:14.952325+00:00] [INFO] budget check: budget block at 53.0%
[2026-05-02T18:36:14.971103+00:00] [INFO]   roadmap_edge_track_record_in_briefing: in cooldown (attempted within last 12h)
[2026-05-02T18:36:14.971491+00:00] [INFO] nothing to push — all roadmap items either complete or in cooldown
[2026-05-02T18:36:15.029339+00:00] [INFO]   wrote session briefing (15 capability groups, 0 broken integrations)
[2026-05-02T18:36:15.029674+00:00] [INFO]   cycle 1234 done in 2.3s, 1 actions
[2026-05-02T18:36:15.030189+00:00] [INFO]   sleeping 120s until next cycle
[2026-05-02T18:38:15.047976+00:00] [INFO] === cycle 1235 ===
[2026-05-02T18:38:16.234520+00:00] [INFO] === roadmap-driver cycle ===
[2026-05-02T18:38:16.649487+00:00] [INFO] budget check: budget block at 53.0%
[2026-05-02T18:38:16.668891+00:00] [INFO]   roadmap_edge_track_record_in_briefing: in cooldown (attempted within last 12h)
[2026-05-02T18:38:16.669250+00:00] [INFO] nothing to push — all roadmap items either complete or in cooldown
[2026-05-02T18:38:16.737527+00:00] [INFO]   wrote session briefing (15 capability groups, 0 broken integrations)
[2026-05-02T18:38:16.737845+00:00] [INFO]   cycle 1235 done in 1.7s, 0 actions
[2026-05-02T18:38:16.738345+00:00] [INFO]   sleeping 900s until next cycle
[2026-05-02T18:53:16.883247+00:00] [INFO] === cycle 1236 ===
[2026-05-02T18:53:16.887992+00:00] [INFO]   refreshing capability manifest
[2026-05-02T18:53:20.677214+00:00] [INFO]   PEER-SUPERVISOR: 1 findings (STALE)
[2026-05-02T18:53:20.677636+00:00] [INFO] === roadmap-driver cycle ===
[2026-05-02T18:53:21.089480+00:00] [INFO] budget check: budget block at 51.5%
[2026-05-02T18:53:21.111015+00:00] [INFO]   roadmap_edge_track_record_in_briefing: in cooldown (attempted within last 12h)
[2026-05-02T18:53:21.111224+00:00] [INFO] nothing to push — all roadmap items either complete or in cooldown
[2026-05-02T18:53:21.170437+00:00] [INFO]   wrote session briefing (15 capability groups, 0 broken integrations)
[2026-05-02T18:53:21.171210+00:00] [INFO]   cycle 1236 done in 4.3s, 1 actions
[2026-05-02T18:53:21.171774+00:00] [INFO]   sleeping 120s until next cycle
[2026-05-02T18:55:21.267443+00:00] [INFO] === cycle 1237 ===
[2026-05-02T18:55:22.528524+00:00] [INFO]   PEER-SUPERVISOR: 1 findings (STALE)
[2026-05-02T18:55:22.528912+00:00] [INFO] === roadmap-driver cycle ===
[2026-05-02T18:55:22.938358+00:00] [INFO] budget check: budget block at 51.5%
[2026-05-02T18:55:22.958526+00:00] [INFO]   roadmap_edge_track_record_in_briefing: in cooldown (attempted within last 12h)
[2026-05-02T18:55:22.959118+00:00] [INFO] nothing to push — all roadmap items either complete or in cooldown
[2026-05-02T18:55:23.029472+00:00] [INFO]   wrote session briefing (15 capability groups, 0 broken integrations)
[2026-05-02T18:55:23.029794+00:00] [INFO]   cycle 1237 done in 1.8s, 1 actions
[2026-05-02T18:55:23.030352+00:00] [INFO]   sleeping 120s until next cycle
[2026-05-02T18:57:23.040778+00:00] [INFO] === cycle 1238 ===
[2026-05-02T18:57:24.632545+00:00] [INFO]   PEER-SUPERVISOR: 1 findings (STALE)
[2026-05-02T18:57:24.632969+00:00] [INFO] === roadmap-driver cycle ===
[2026-05-02T18:57:25.043746+00:00] [INFO] budget check: budget block at 51.5%
[2026-05-02T18:57:25.065285+00:00] [INFO]   roadmap_edge_track_record_in_briefing: in cooldown (attempted within last 12h)
[2026-05-02T18:57:25.065678+00:00] [INFO] nothing to push — all roadmap items either complete or in cooldown
[2026-05-02T18:57:25.144794+00:00] [INFO]   wrote session briefing (15 capability groups, 0 broken integrations)
[2026-05-02T18:57:25.145181+00:00] [INFO]   cycle 1238 done in 2.1s, 1 actions
[2026-05-02T18:57:25.145750+00:00] [INFO]   sleeping 120s until next cycle
[2026-05-02T18:59:25.148183+00:00] [INFO] === cycle 1239 ===
[2026-05-02T18:59:26.774188+00:00] [INFO]   PEER-SUPERVISOR: 1 findings (STALE)
[2026-05-02T18:59:26.774606+00:00] [INFO] === roadmap-driver cycle ===
[2026-05-02T18:59:27.186980+00:00] [INFO] budget check: budget block at 51.0%
[2026-05-02T18:59:27.206940+00:00] [INFO]   roadmap_edge_track_record_in_briefing: in cooldown (attempted within last 12h)
[2026-05-02T18:59:27.207445+00:00] [INFO] nothing to push — all roadmap items either complete or in cooldown
[2026-05-02T18:59:27.277413+00:00] [INFO]   wrote session briefing (15 capability groups, 0 broken integrations)
[2026-05-02T18:59:27.277873+00:00] [INFO]   cycle 1239 done in 2.1s, 1 actions
[2026-05-02T18:59:27.278374+00:00] [INFO]   sleeping 120s until next cycle
[2026-05-02T19:01:27.429126+00:00] [INFO] === cycle 1240 ===
[2026-05-02T19:01:29.453417+00:00] [INFO]   PEER-SUPERVISOR: 1 findings (STALE)
[2026-05-02T19:01:29.453828+00:00] [INFO] === roadmap-driver cycle ===
[2026-05-02T19:01:29.874431+00:00] [INFO] budget check: budget block at 51.0%
[2026-05-02T19:01:29.895663+00:00] [INFO]   roadmap_edge_track_record_in_briefing: in cooldown (attempted within last 12h)
[2026-05-02T19:01:29.896100+00:00] [INFO] nothing to push — all roadmap items either complete or in cooldown
[2026-05-02T19:01:29.953135+00:00] [INFO]   wrote session briefing (15 capability groups, 0 broken integrations)
[2026-05-02T19:01:29.953473+00:00] [INFO]   cycle 1240 done in 2.5s, 1 actions
[2026-05-02T19:01:29.954001+00:00] [INFO]   sleeping 120s until next cycle
[2026-05-02T19:03:30.104886+00:00] [INFO] === cycle 1241 ===
[2026-05-02T19:03:31.339015+00:00] [INFO]   PEER-SUPERVISOR: 1 findings (STALE)
[2026-05-02T19:03:31.339548+00:00] [INFO] === roadmap-driver cycle ===
[2026-05-02T19:03:31.748546+00:00] [INFO] budget check: budget block at 51.0%
[2026-05-02T19:03:31.771869+00:00] [INFO]   roadmap_edge_track_record_in_briefing: in cooldown (attempted within last 12h)
[2026-05-02T19:03:31.774324+00:00] [INFO] nothing to push — all roadmap items either complete or in cooldown
[2026-05-02T19:03:31.841255+00:00] [INFO]   wrote session briefing (15 capability groups, 0 broken integrations)
[2026-05-02T19:03:31.841617+00:00] [INFO]   cycle 1241 done in 1.7s, 1 actions
[2026-05-02T19:03:31.842191+00:00] [INFO]   sleeping 120s until next cycle
[2026-05-02T19:05:31.881827+00:00] [INFO] === cycle 1242 ===
[2026-05-02T19:05:34.062190+00:00] [INFO]   PEER-SUPERVISOR: 1 findings (STALE)
[2026-05-02T19:05:34.062682+00:00] [INFO] === roadmap-driver cycle ===
[2026-05-02T19:05:34.517341+00:00] [INFO] budget check: budget block at 51.0%
[2026-05-02T19:05:34.536325+00:00] [INFO]   roadmap_edge_track_record_in_briefing: in cooldown (attempted within last 12h)
[2026-05-02T19:05:34.536834+00:00] [INFO] nothing to push — all roadmap items either complete or in cooldown
[2026-05-02T19:05:34.598754+00:00] [INFO]   wrote session briefing (15 capability groups, 0 broken integrations)
[2026-05-02T19:05:34.599078+00:00] [INFO]   cycle 1242 done in 2.7s, 1 actions
[2026-05-02T19:05:34.599644+00:00] [INFO]   sleeping 120s until next cycle
[2026-05-02T19:07:34.738815+00:00] [INFO] === cycle 1243 ===
[2026-05-02T19:07:36.557540+00:00] [INFO]   PEER-SUPERVISOR: 1 findings (STALE)
[2026-05-02T19:07:36.557943+00:00] [INFO] === roadmap-driver cycle ===
[2026-05-02T19:07:36.968990+00:00] [INFO] budget check: budget block at 51.0%
[2026-05-02T19:07:36.999405+00:00] [INFO]   roadmap_edge_track_record_in_briefing: in cooldown (attempted within last 12h)
[2026-05-02T19:07:36.999792+00:00] [INFO] nothing to push — all roadmap items either complete or in cooldown
[2026-05-02T19:07:37.055739+00:00] [INFO]   wrote session briefing (15 capability groups, 0 broken integrations)
[2026-05-02T19:07:37.056079+00:00] [INFO]   cycle 1243 done in 2.3s, 1 actions
[2026-05-02T19:07:37.056669+00:00] [INFO]   sleeping 120s until next cycle
[2026-05-02T19:09:37.161117+00:00] [INFO] === cycle 1244 ===
[2026-05-02T19:09:38.349545+00:00] [INFO] === roadmap-driver cycle ===
[2026-05-02T19:09:38.759399+00:00] [INFO] budget check: budget block at 49.5%
[2026-05-02T19:09:38.778050+00:00] [INFO]   roadmap_edge_track_record_in_briefing: in cooldown (attempted within last 12h)
[2026-05-02T19:09:38.778437+00:00] [INFO] nothing to push — all roadmap items either complete or in cooldown
[2026-05-02T19:09:38.848118+00:00] [INFO]   wrote session briefing (15 capability groups, 0 broken integrations)
[2026-05-02T19:09:38.848446+00:00] [INFO]   cycle 1244 done in 1.7s, 0 actions
[2026-05-02T19:09:38.848956+00:00] [INFO]   sleeping 900s until next cycle
[2026-05-02T19:24:39.003181+00:00] [INFO] === cycle 1245 ===
[2026-05-02T19:24:40.348469+00:00] [INFO]   PEER-SUPERVISOR: 1 findings (STALE)
[2026-05-02T19:24:40.348862+00:00] [INFO] === roadmap-driver cycle ===
[2026-05-02T19:24:40.756751+00:00] [INFO] budget check: budget block at 47.5%
[2026-05-02T19:24:40.778844+00:00] [INFO]   roadmap_edge_track_record_in_briefing: in cooldown (attempted within last 12h)
[2026-05-02T19:24:40.779358+00:00] [INFO] nothing to push — all roadmap items either complete or in cooldown
[2026-05-02T19:24:40.847474+00:00] [INFO]   wrote session briefing (15 capability groups, 0 broken integrations)
[2026-05-02T19:24:40.847780+00:00] [INFO]   cycle 1245 done in 1.8s, 1 actions
[2026-05-02T19:24:40.848312+00:00] [INFO]   sleeping 120s until next cycle
[2026-05-02T19:26:40.990858+00:00] [INFO] === cycle 1246 ===
[2026-05-02T19:26:42.881146+00:00] [INFO]   PEER-SUPERVISOR: 1 findings (STALE)
[2026-05-02T19:26:42.881564+00:00] [INFO] === roadmap-driver cycle ===
[2026-05-02T19:26:43.291877+00:00] [INFO] budget check: budget block at 47.5%
[2026-05-02T19:26:43.311436+00:00] [INFO]   roadmap_edge_track_record_in_briefing: in cooldown (attempted within last 12h)
[2026-05-02T19:26:43.311821+00:00] [INFO] nothing to push — all roadmap items either complete or in cooldown
[2026-05-02T19:26:43.383217+00:00] [INFO]   wrote session briefing (15 capability groups, 0 broken integrations)
[2026-05-02T19:26:43.383725+00:00] [INFO]   cycle 1246 done in 2.4s, 1 actions
[2026-05-02T19:26:43.384227+00:00] [INFO]   sleeping 120s until next cycle
[2026-05-02T19:28:43.526133+00:00] [INFO] === cycle 1247 ===
[2026-05-02T19:28:44.822073+00:00] [INFO]   PEER-SUPERVISOR: 1 findings (STALE)
[2026-05-02T19:28:44.822615+00:00] [INFO] === roadmap-driver cycle ===
[2026-05-02T19:28:45.233720+00:00] [INFO] budget check: budget block at 47.5%
[2026-05-02T19:28:45.255690+00:00] [INFO]   roadmap_edge_track_record_in_briefing: in cooldown (attempted within last 12h)
[2026-05-02T19:28:45.256208+00:00] [INFO] nothing to push — all roadmap items either complete or in cooldown
[2026-05-02T19:28:45.322694+00:00] [INFO]   wrote session briefing (15 capability groups, 0 broken integrations)
[2026-05-02T19:28:45.323020+00:00] [INFO]   cycle 1247 done in 1.8s, 1 actions
[2026-05-02T19:28:45.323563+00:00] [INFO]   sleeping 120s until next cycle
[2026-05-02T19:30:45.336946+00:00] [INFO] === cycle 1248 ===
[2026-05-02T19:30:46.966519+00:00] [INFO]   PEER-SUPERVISOR: 1 findings (STALE)
[2026-05-02T19:30:46.966941+00:00] [INFO] === roadmap-driver cycle ===
[2026-05-02T19:30:47.377713+00:00] [INFO] budget check: budget block at 47.5%
[2026-05-02T19:30:47.396686+00:00] [INFO]   roadmap_edge_track_record_in_briefing: in cooldown (attempted within last 12h)
[2026-05-02T19:30:47.397195+00:00] [INFO] nothing to push — all roadmap items either complete or in cooldown
[2026-05-02T19:30:47.467446+00:00] [INFO]   wrote session briefing (15 capability groups, 0 broken integrations)
[2026-05-02T19:30:47.467744+00:00] [INFO]   cycle 1248 done in 2.1s, 1 actions
[2026-05-02T19:30:47.468274+00:00] [INFO]   sleeping 120s until next cycle
[2026-05-02T19:32:47.552030+00:00] [INFO] === cycle 1249 ===
[2026-05-02T19:32:49.393063+00:00] [INFO]   PEER-SUPERVISOR: 1 findings (STALE)
[2026-05-02T19:32:49.393483+00:00] [INFO] === roadmap-driver cycle ===
[2026-05-02T19:32:49.820476+00:00] [INFO] budget check: budget block at 46.5%
[2026-05-02T19:32:49.842619+00:00] [INFO]   roadmap_edge_track_record_in_briefing: in cooldown (attempted within last 12h)
[2026-05-02T19:32:49.843003+00:00] [INFO] nothing to push — all roadmap items either complete or in cooldown
[2026-05-02T19:32:49.896191+00:00] [INFO]   wrote session briefing (15 capability groups, 0 broken integrations)
[2026-05-02T19:32:49.896533+00:00] [INFO]   cycle 1249 done in 2.3s, 1 actions
[2026-05-02T19:32:49.897067+00:00] [INFO]   sleeping 120s until next cycle
[2026-05-02T19:34:49.898653+00:00] [INFO] === cycle 1250 ===
[2026-05-02T19:34:51.524418+00:00] [INFO]   PEER-SUPERVISOR: 1 findings (STALE)
[2026-05-02T19:34:51.524826+00:00] [INFO] === roadmap-driver cycle ===
[2026-05-02T19:34:51.931219+00:00] [INFO] budget check: budget block at 46.5%
[2026-05-02T19:34:51.951780+00:00] [INFO]   roadmap_edge_track_record_in_briefing: in cooldown (attempted within last 12h)
[2026-05-02T19:34:51.952302+00:00] [INFO] nothing to push — all roadmap items either complete or in cooldown
[2026-05-02T19:34:52.009182+00:00] [INFO]   wrote session briefing (15 capability groups, 0 broken integrations)
[2026-05-02T19:34:52.009489+00:00] [INFO]   cycle 1250 done in 2.1s, 1 actions
[2026-05-02T19:34:52.010021+00:00] [INFO]   sleeping 120s until next cycle
[2026-05-02T19:36:52.158476+00:00] [INFO] === cycle 1251 ===
[2026-05-02T19:36:53.881491+00:00] [INFO]   PEER-SUPERVISOR: 1 findings (STALE)
[2026-05-02T19:36:53.881901+00:00] [INFO] === roadmap-driver cycle ===
[2026-05-02T19:36:54.291931+00:00] [INFO] budget check: budget block at 46.5%
[2026-05-02T19:36:54.312676+00:00] [INFO]   roadmap_edge_track_record_in_briefing: in cooldown (attempted within last 12h)
[2026-05-02T19:36:54.313106+00:00] [INFO] nothing to push — all roadmap items either complete or in cooldown
[2026-05-02T19:36:54.384423+00:00] [INFO]   wrote session briefing (15 capability groups, 0 broken integrations)
[2026-05-02T19:36:54.384756+00:00] [INFO]   cycle 1251 done in 2.2s, 1 actions
[2026-05-02T19:36:54.385284+00:00] [INFO]   sleeping 120s until next cycle
[2026-05-02T19:38:54.530400+00:00] [INFO] === cycle 1252 ===
[2026-05-02T19:38:55.861380+00:00] [INFO]   PEER-SUPERVISOR: 1 findings (STALE)
[2026-05-02T19:38:55.861879+00:00] [INFO] === roadmap-driver cycle ===
[2026-05-02T19:38:56.270397+00:00] [INFO] budget check: budget block at 45.0%
[2026-05-02T19:38:56.290828+00:00] [INFO]   roadmap_edge_track_record_in_briefing: in cooldown (attempted within last 12h)
[2026-05-02T19:38:56.291354+00:00] [INFO] nothing to push — all roadmap items either complete or in cooldown
[2026-05-02T19:38:56.366737+00:00] [INFO]   wrote session briefing (15 capability groups, 0 broken integrations)
[2026-05-02T19:38:56.367036+00:00] [INFO]   cycle 1252 done in 1.8s, 1 actions
[2026-05-02T19:38:56.367565+00:00] [INFO]   sleeping 120s until next cycle
[2026-05-02T19:40:56.430634+00:00] [INFO] === cycle 1253 ===
[2026-05-02T19:40:57.900759+00:00] [INFO]   PEER-SUPERVISOR: 1 findings (STALE)
[2026-05-02T19:40:57.901177+00:00] [INFO] === roadmap-driver cycle ===
[2026-05-02T19:40:58.306875+00:00] [INFO] budget check: budget block at 34.5%
[2026-05-02T19:40:58.326580+00:00] [INFO]   roadmap_edge_track_record_in_briefing: in cooldown (attempted within last 12h)
[2026-05-02T19:40:58.326971+00:00] [INFO] nothing to push — all roadmap items either complete or in cooldown
[2026-05-02T19:40:58.389223+00:00] [INFO]   wrote session briefing (15 capability groups, 0 broken integrations)
[2026-05-02T19:40:58.389555+00:00] [INFO]   cycle 1253 done in 2.0s, 1 actions
[2026-05-02T19:40:58.390100+00:00] [INFO]   sleeping 120s until next cycle
[2026-05-02T19:42:58.541098+00:00] [INFO] === cycle 1254 ===
[2026-05-02T19:42:59.945362+00:00] [INFO] === roadmap-driver cycle ===
[2026-05-02T19:43:00.353715+00:00] [INFO] budget check: budget block at 23.5%
[2026-05-02T19:43:00.374490+00:00] [INFO]   roadmap_edge_track_record_in_briefing: in cooldown (attempted within last 12h)
[2026-05-02T19:43:00.374857+00:00] [INFO] nothing to push — all roadmap items either complete or in cooldown
[2026-05-02T19:43:00.443834+00:00] [INFO]   wrote session briefing (15 capability groups, 0 broken integrations)
[2026-05-02T19:43:00.444161+00:00] [INFO]   cycle 1254 done in 1.9s, 0 actions
[2026-05-02T19:43:00.444655+00:00] [INFO]   sleeping 900s until next cycle
[2026-05-02T19:58:00.590477+00:00] [INFO] === cycle 1255 ===
[2026-05-02T19:58:02.468913+00:00] [INFO]   PEER-SUPERVISOR: 1 findings (STALE)
[2026-05-02T19:58:02.469341+00:00] [INFO] === roadmap-driver cycle ===
[2026-05-02T19:58:02.874970+00:00] [INFO] budget check: budget block at 22.0%
[2026-05-02T19:58:02.896453+00:00] [INFO]   roadmap_edge_track_record_in_briefing: in cooldown (attempted within last 12h)
[2026-05-02T19:58:02.896995+00:00] [INFO] nothing to push — all roadmap items either complete or in cooldown
[2026-05-02T19:58:02.967360+00:00] [INFO]   wrote session briefing (15 capability groups, 0 broken integrations)
[2026-05-02T19:58:02.967686+00:00] [INFO]   cycle 1255 done in 2.4s, 1 actions
[2026-05-02T19:58:02.968199+00:00] [INFO]   sleeping 120s until next cycle
[2026-05-02T20:00:03.060413+00:00] [INFO] === cycle 1256 ===
[2026-05-02T20:00:04.279004+00:00] [INFO]   PEER-SUPERVISOR: 1 findings (STALE)
[2026-05-02T20:00:04.279402+00:00] [INFO] === roadmap-driver cycle ===
[2026-05-02T20:00:04.683540+00:00] [INFO] budget check: budget block at 22.0%
[2026-05-02T20:00:04.703189+00:00] [INFO]   roadmap_edge_track_record_in_briefing: in cooldown (attempted within last 12h)
[2026-05-02T20:00:04.703623+00:00] [INFO] nothing to push — all roadmap items either complete or in cooldown
[2026-05-02T20:00:04.760345+00:00] [INFO]   wrote session briefing (15 capability groups, 0 broken integrations)
[2026-05-02T20:00:04.760678+00:00] [INFO]   cycle 1256 done in 1.7s, 1 actions
[2026-05-02T20:00:04.761255+00:00] [INFO]   sleeping 120s until next cycle
[2026-05-02T20:02:04.898974+00:00] [INFO] === cycle 1257 ===
[2026-05-02T20:02:06.406838+00:00] [INFO]   PEER-SUPERVISOR: 1 findings (STALE)
[2026-05-02T20:02:06.407260+00:00] [INFO] === roadmap-driver cycle ===
[2026-05-02T20:02:06.813612+00:00] [INFO] budget check: budget block at 22.0%
[2026-05-02T20:02:06.834194+00:00] [INFO]   roadmap_edge_track_record_in_briefing: in cooldown (attempted within last 12h)
[2026-05-02T20:02:06.834575+00:00] [INFO] nothing to push — all roadmap items either complete or in cooldown
[2026-05-02T20:02:06.897218+00:00] [INFO]   wrote session briefing (15 capability groups, 0 broken integrations)
[2026-05-02T20:02:06.897657+00:00] [INFO]   cycle 1257 done in 2.0s, 1 actions
[2026-05-02T20:02:06.898213+00:00] [INFO]   sleeping 120s until next cycle
[2026-05-02T20:04:07.039816+00:00] [INFO] === cycle 1258 ===
[2026-05-02T20:04:08.312948+00:00] [INFO]   PEER-SUPERVISOR: 1 findings (STALE)
[2026-05-02T20:04:08.313497+00:00] [INFO] === roadmap-driver cycle ===
[2026-05-02T20:04:08.716804+00:00] [INFO] budget check: budget block at 22.0%
[2026-05-02T20:04:08.737806+00:00] [INFO]   roadmap_edge_track_record_in_briefing: in cooldown (attempted within last 12h)
[2026-05-02T20:04:08.738339+00:00] [INFO] nothing to push — all roadmap items either complete or in cooldown
[2026-05-02T20:04:08.821450+00:00] [INFO]   wrote session briefing (15 capability groups, 0 broken integrations)
[2026-05-02T20:04:08.821785+00:00] [INFO]   cycle 1258 done in 1.8s, 1 actions
[2026-05-02T20:04:08.822396+00:00] [INFO]   sleeping 120s until next cycle
[2026-05-02T20:06:08.955093+00:00] [INFO] === cycle 1259 ===
[2026-05-02T20:06:10.720501+00:00] [INFO]   PEER-SUPERVISOR: 1 findings (STALE)
[2026-05-02T20:06:10.721045+00:00] [INFO] === roadmap-driver cycle ===
[2026-05-02T20:06:11.127494+00:00] [INFO] budget check: budget block at 20.5%
[2026-05-02T20:06:11.151374+00:00] [INFO]   roadmap_edge_track_record_in_briefing: in cooldown (attempted within last 12h)
[2026-05-02T20:06:11.151908+00:00] [INFO] nothing to push — all roadmap items either complete or in cooldown
[2026-05-02T20:06:11.226677+00:00] [INFO]   wrote session briefing (15 capability groups, 0 broken integrations)
[2026-05-02T20:06:11.229402+00:00] [INFO]   cycle 1259 done in 2.3s, 1 actions
[2026-05-02T20:06:11.229999+00:00] [INFO]   sleeping 120s until next cycle
[2026-05-02T20:08:11.330423+00:00] [INFO] === cycle 1260 ===
[2026-05-02T20:08:12.884498+00:00] [INFO]   PEER-SUPERVISOR: 1 findings (STALE)
[2026-05-02T20:08:12.884921+00:00] [INFO] === roadmap-driver cycle ===
[2026-05-02T20:08:13.293659+00:00] [INFO] budget check: budget block at 20.5%
[2026-05-02T20:08:13.314908+00:00] [INFO]   roadmap_edge_track_record_in_briefing: in cooldown (attempted within last 12h)
[2026-05-02T20:08:13.315422+00:00] [INFO] nothing to push — all roadmap items either complete or in cooldown
[2026-05-02T20:08:13.396724+00:00] [INFO]   wrote session briefing (15 capability groups, 0 broken integrations)
[2026-05-02T20:08:13.397038+00:00] [INFO]   cycle 1260 done in 2.1s, 1 actions
[2026-05-02T20:08:13.397530+00:00] [INFO]   sleeping 120s until next cycle
[2026-05-02T20:10:13.474867+00:00] [INFO] === cycle 1261 ===
[2026-05-02T20:10:14.944370+00:00] [INFO]   PEER-SUPERVISOR: 1 findings (STALE)
[2026-05-02T20:10:14.944780+00:00] [INFO] === roadmap-driver cycle ===
[2026-05-02T20:10:15.348355+00:00] [INFO] budget check: budget block at 20.5%
[2026-05-02T20:10:15.369650+00:00] [INFO]   roadmap_edge_track_record_in_briefing: in cooldown (attempted within last 12h)
[2026-05-02T20:10:15.370159+00:00] [INFO] nothing to push — all roadmap items either complete or in cooldown
[2026-05-02T20:10:15.441397+00:00] [INFO]   wrote session briefing (15 capability groups, 0 broken integrations)
[2026-05-02T20:10:15.441703+00:00] [INFO]   cycle 1261 done in 2.0s, 1 actions
[2026-05-02T20:10:15.442235+00:00] [INFO]   sleeping 120s until next cycle
[2026-05-02T20:12:15.505272+00:00] [INFO] === cycle 1262 ===
[2026-05-02T20:12:16.972881+00:00] [INFO]   PEER-SUPERVISOR: 1 findings (STALE)
[2026-05-02T20:12:16.973290+00:00] [INFO] === roadmap-driver cycle ===
[2026-05-02T20:12:17.378563+00:00] [INFO] budget check: budget block at 20.5%
[2026-05-02T20:12:17.397227+00:00] [INFO]   roadmap_edge_track_record_in_briefing: in cooldown (attempted within last 12h)
[2026-05-02T20:12:17.397604+00:00] [INFO] nothing to push — all roadmap items either complete or in cooldown
[2026-05-02T20:12:17.467966+00:00] [INFO]   wrote session briefing (15 capability groups, 0 broken integrations)
[2026-05-02T20:12:17.468772+00:00] [INFO]   cycle 1262 done in 2.0s, 1 actions
[2026-05-02T20:12:17.469333+00:00] [INFO]   sleeping 120s until next cycle
[2026-05-02T20:14:17.578417+00:00] [INFO] === cycle 1263 ===
[2026-05-02T20:14:18.941080+00:00] [INFO] === roadmap-driver cycle ===
[2026-05-02T20:14:19.347736+00:00] [INFO] budget check: budget block at 20.5%
[2026-05-02T20:14:19.367800+00:00] [INFO]   roadmap_edge_track_record_in_briefing: in cooldown (attempted within last 12h)
[2026-05-02T20:14:19.368307+00:00] [INFO] nothing to push — all roadmap items either complete or in cooldown
[2026-05-02T20:14:19.434419+00:00] [INFO]   wrote session briefing (15 capability groups, 0 broken integrations)
[2026-05-02T20:14:19.434733+00:00] [INFO]   cycle 1263 done in 1.9s, 0 actions
[2026-05-02T20:14:19.435268+00:00] [INFO]   sleeping 900s until next cycle
[2026-05-02T20:29:19.522627+00:00] [INFO] === cycle 1264 ===
[2026-05-02T20:29:20.802742+00:00] [INFO]   PEER-SUPERVISOR: 1 findings (STALE)
[2026-05-02T20:29:20.803152+00:00] [INFO] === roadmap-driver cycle ===
[2026-05-02T20:29:21.205528+00:00] [INFO] budget check: budget block at 18.0%
[2026-05-02T20:29:21.227670+00:00] [INFO]   roadmap_edge_track_record_in_briefing: in cooldown (attempted within last 12h)
[2026-05-02T20:29:21.228241+00:00] [INFO] nothing to push — all roadmap items either complete or in cooldown
[2026-05-02T20:29:21.296941+00:00] [INFO]   wrote session briefing (15 capability groups, 0 broken integrations)
[2026-05-02T20:29:21.297252+00:00] [INFO]   cycle 1264 done in 1.8s, 1 actions
[2026-05-02T20:29:21.297764+00:00] [INFO]   sleeping 120s until next cycle
[2026-05-02T20:31:21.355625+00:00] [INFO] === cycle 1265 ===
[2026-05-02T20:31:23.567463+00:00] [INFO]   PEER-SUPERVISOR: 1 findings (STALE)
[2026-05-02T20:31:23.567974+00:00] [INFO] === roadmap-driver cycle ===
[2026-05-02T20:31:23.982785+00:00] [INFO] budget check: budget block at 18.0%
[2026-05-02T20:31:24.003614+00:00] [INFO]   roadmap_edge_track_record_in_briefing: in cooldown (attempted within last 12h)
[2026-05-02T20:31:24.004183+00:00] [INFO] nothing to push — all roadmap items either complete or in cooldown
[2026-05-02T20:31:24.076211+00:00] [INFO]   wrote session briefing (15 capability groups, 0 broken integrations)
[2026-05-02T20:31:24.076543+00:00] [INFO]   cycle 1265 done in 2.7s, 1 actions
[2026-05-02T20:31:24.077050+00:00] [INFO]   sleeping 120s until next cycle
[2026-05-02T20:33:24.112893+00:00] [INFO] === cycle 1266 ===
[2026-05-02T20:33:26.138587+00:00] [INFO]   PEER-SUPERVISOR: 1 findings (STALE)
[2026-05-02T20:33:26.139002+00:00] [INFO] === roadmap-driver cycle ===
[2026-05-02T20:33:26.539135+00:00] [INFO] budget check: budget block at 18.0%
[2026-05-02T20:33:26.559756+00:00] [INFO]   roadmap_edge_track_record_in_briefing: in cooldown (attempted within last 12h)
[2026-05-02T20:33:26.560136+00:00] [INFO] nothing to push — all roadmap items either complete or in cooldown
[2026-05-02T20:33:26.629442+00:00] [INFO]   wrote session briefing (15 capability groups, 0 broken integrations)
[2026-05-02T20:33:26.629735+00:00] [INFO]   cycle 1266 done in 2.5s, 1 actions
[2026-05-02T20:33:26.630245+00:00] [INFO]   sleeping 120s until next cycle
[2026-05-02T20:35:26.723942+00:00] [INFO] === cycle 1267 ===
[2026-05-02T20:35:28.000803+00:00] [INFO]   PEER-SUPERVISOR: 1 findings (STALE)
[2026-05-02T20:35:28.001222+00:00] [INFO] === roadmap-driver cycle ===
[2026-05-02T20:35:28.403097+00:00] [INFO] budget check: budget block at 18.0%
[2026-05-02T20:35:28.421291+00:00] [INFO]   roadmap_edge_track_record_in_briefing: in cooldown (attempted within last 12h)
[2026-05-02T20:35:28.421714+00:00] [INFO] nothing to push — all roadmap items either complete or in cooldown
[2026-05-02T20:35:28.474693+00:00] [INFO]   wrote session briefing (15 capability groups, 0 broken integrations)
[2026-05-02T20:35:28.475020+00:00] [INFO]   cycle 1267 done in 1.8s, 1 actions
[2026-05-02T20:35:28.475575+00:00] [INFO]   sleeping 120s until next cycle
[2026-05-02T20:37:28.606636+00:00] [INFO] === cycle 1268 ===
[2026-05-02T20:37:30.143413+00:00] [INFO]   PEER-SUPERVISOR: 1 findings (STALE)
[2026-05-02T20:37:30.143807+00:00] [INFO] === roadmap-driver cycle ===
[2026-05-02T20:37:30.544765+00:00] [INFO] budget check: budget block at 18.0%
[2026-05-02T20:37:30.564585+00:00] [INFO]   roadmap_edge_track_record_in_briefing: in cooldown (attempted within last 12h)
[2026-05-02T20:37:30.564963+00:00] [INFO] nothing to push — all roadmap items either complete or in cooldown
[2026-05-02T20:37:30.633870+00:00] [INFO]   wrote session briefing (15 capability groups, 0 broken integrations)
[2026-05-02T20:37:30.634179+00:00] [INFO]   cycle 1268 done in 2.0s, 1 actions
[2026-05-02T20:37:30.634732+00:00] [INFO]   sleeping 120s until next cycle
[2026-05-02T20:39:30.742487+00:00] [INFO] === cycle 1269 ===
[2026-05-02T20:39:32.164897+00:00] [INFO]   PEER-SUPERVISOR: 1 findings (STALE)
[2026-05-02T20:39:32.165297+00:00] [INFO] === roadmap-driver cycle ===
[2026-05-02T20:39:32.566321+00:00] [INFO] budget check: budget block at 16.5%
[2026-05-02T20:39:32.587906+00:00] [INFO]   roadmap_edge_track_record_in_briefing: in cooldown (attempted within last 12h)
[2026-05-02T20:39:32.588416+00:00] [INFO] nothing to push — all roadmap items either complete or in cooldown
[2026-05-02T20:39:32.658233+00:00] [INFO]   wrote session briefing (15 capability groups, 0 broken integrations)
[2026-05-02T20:39:32.659177+00:00] [INFO]   cycle 1269 done in 1.9s, 1 actions
[2026-05-02T20:39:32.659701+00:00] [INFO]   sleeping 120s until next cycle
[2026-05-02T20:41:32.729203+00:00] [INFO] === cycle 1270 ===
[2026-05-02T20:41:35.075755+00:00] [INFO]   PEER-SUPERVISOR: 1 findings (STALE)
[2026-05-02T20:41:35.076160+00:00] [INFO] === roadmap-driver cycle ===
[2026-05-02T20:41:35.476897+00:00] [INFO] budget check: budget block at 16.5%
[2026-05-02T20:41:35.495233+00:00] [INFO]   roadmap_edge_track_record_in_briefing: in cooldown (attempted within last 12h)
[2026-05-02T20:41:35.495629+00:00] [INFO] nothing to push — all roadmap items either complete or in cooldown
[2026-05-02T20:41:35.565221+00:00] [INFO]   wrote session briefing (15 capability groups, 0 broken integrations)
[2026-05-02T20:41:35.565561+00:00] [INFO]   cycle 1270 done in 2.8s, 1 actions
[2026-05-02T20:41:35.566081+00:00] [INFO]   sleeping 120s until next cycle
[2026-05-02T20:43:35.655323+00:00] [INFO] === cycle 1271 ===
[2026-05-02T20:43:37.062708+00:00] [INFO]   PEER-SUPERVISOR: 1 findings (STALE)
[2026-05-02T20:43:37.063235+00:00] [INFO] === roadmap-driver cycle ===
[2026-05-02T20:43:37.462524+00:00] [INFO] budget check: budget block at 16.5%
[2026-05-02T20:43:37.482941+00:00] [INFO]   roadmap_edge_track_record_in_briefing: in cooldown (attempted within last 12h)
[2026-05-02T20:43:37.483461+00:00] [INFO] nothing to push — all roadmap items either complete or in cooldown
[2026-05-02T20:43:37.541998+00:00] [INFO]   wrote session briefing (15 capability groups, 0 broken integrations)
[2026-05-02T20:43:37.542316+00:00] [INFO]   cycle 1271 done in 1.9s, 1 actions
[2026-05-02T20:43:37.542863+00:00] [INFO]   sleeping 120s until next cycle
[2026-05-02T20:45:37.671166+00:00] [INFO] === cycle 1272 ===
[2026-05-02T20:45:39.724497+00:00] [INFO] === roadmap-driver cycle ===
[2026-05-02T20:45:40.128062+00:00] [INFO] budget check: budget block at 16.5%
[2026-05-02T20:45:40.149364+00:00] [INFO]   roadmap_edge_track_record_in_briefing: in cooldown (attempted within last 12h)
[2026-05-02T20:45:40.149886+00:00] [INFO] nothing to push — all roadmap items either complete or in cooldown
[2026-05-02T20:45:40.209130+00:00] [INFO]   wrote session briefing (15 capability groups, 0 broken integrations)
[2026-05-02T20:45:40.209585+00:00] [INFO]   cycle 1272 done in 2.5s, 0 actions
[2026-05-02T20:45:40.210129+00:00] [INFO]   sleeping 900s until next cycle
[2026-05-02T21:00:40.236497+00:00] [INFO] === cycle 1273 ===
[2026-05-02T21:00:42.018898+00:00] [INFO]   PEER-SUPERVISOR: 1 findings (STALE)
[2026-05-02T21:00:42.019318+00:00] [INFO] === roadmap-driver cycle ===
[2026-05-02T21:00:42.418091+00:00] [INFO] budget check: budget block at 14.5%
[2026-05-02T21:00:42.439054+00:00] [INFO]   roadmap_edge_track_record_in_briefing: in cooldown (attempted within last 12h)
[2026-05-02T21:00:42.439564+00:00] [INFO] nothing to push — all roadmap items either complete or in cooldown
[2026-05-02T21:00:42.499875+00:00] [INFO]   wrote session briefing (15 capability groups, 0 broken integrations)
[2026-05-02T21:00:42.500200+00:00] [INFO]   cycle 1273 done in 2.3s, 1 actions
[2026-05-02T21:00:42.500763+00:00] [INFO]   sleeping 120s until next cycle
[2026-05-02T21:02:42.624677+00:00] [INFO] === cycle 1274 ===
[2026-05-02T21:02:44.221117+00:00] [INFO]   PEER-SUPERVISOR: 1 findings (STALE)
[2026-05-02T21:02:44.221533+00:00] [INFO] === roadmap-driver cycle ===
[2026-05-02T21:02:44.664804+00:00] [INFO] budget check: budget block at 12.5%
[2026-05-02T21:02:44.683563+00:00] [INFO]   roadmap_edge_track_record_in_briefing: in cooldown (attempted within last 12h)
[2026-05-02T21:02:44.683984+00:00] [INFO] nothing to push — all roadmap items either complete or in cooldown
[2026-05-02T21:02:44.740999+00:00] [INFO]   wrote session briefing (15 capability groups, 0 broken integrations)
[2026-05-02T21:02:44.741348+00:00] [INFO]   cycle 1274 done in 2.1s, 1 actions
[2026-05-02T21:02:44.741852+00:00] [INFO]   sleeping 120s until next cycle
[2026-05-02T21:04:44.782803+00:00] [INFO] === cycle 1275 ===
[2026-05-02T21:04:46.225225+00:00] [INFO]   PEER-SUPERVISOR: 1 findings (STALE)
[2026-05-02T21:04:46.225652+00:00] [INFO] === roadmap-driver cycle ===
[2026-05-02T21:04:46.674812+00:00] [INFO] budget check: budget block at 12.5%
[2026-05-02T21:04:46.693506+00:00] [INFO]   roadmap_edge_track_record_in_briefing: in cooldown (attempted within last 12h)
[2026-05-02T21:04:46.694002+00:00] [INFO] nothing to push — all roadmap items either complete or in cooldown
[2026-05-02T21:04:46.752946+00:00] [INFO]   wrote session briefing (15 capability groups, 0 broken integrations)
[2026-05-02T21:04:46.753293+00:00] [INFO]   cycle 1275 done in 2.0s, 1 actions
[2026-05-02T21:04:46.753819+00:00] [INFO]   sleeping 120s until next cycle
[2026-05-02T21:06:46.787710+00:00] [INFO] === cycle 1276 ===
[2026-05-02T21:06:48.418667+00:00] [INFO]   PEER-SUPERVISOR: 1 findings (STALE)
[2026-05-02T21:06:48.419087+00:00] [INFO] === roadmap-driver cycle ===
[2026-05-02T21:06:48.812142+00:00] [INFO] budget check: budget block at 12.5%
[2026-05-02T21:06:48.832566+00:00] [INFO]   roadmap_edge_track_record_in_briefing: in cooldown (attempted within last 12h)
[2026-05-02T21:06:48.832988+00:00] [INFO] nothing to push — all roadmap items either complete or in cooldown
[2026-05-02T21:06:48.889591+00:00] [INFO]   wrote session briefing (15 capability groups, 0 broken integrations)
[2026-05-02T21:06:48.889919+00:00] [INFO]   cycle 1276 done in 2.1s, 1 actions
[2026-05-02T21:06:48.890439+00:00] [INFO]   sleeping 120s until next cycle
[2026-05-02T21:08:48.916831+00:00] [INFO] === cycle 1277 ===
[2026-05-02T21:08:50.101966+00:00] [INFO]   PEER-SUPERVISOR: 1 findings (STALE)
[2026-05-02T21:08:50.102463+00:00] [INFO] === roadmap-driver cycle ===
[2026-05-02T21:08:50.499593+00:00] [INFO] budget check: budget block at 12.5%
[2026-05-02T21:08:50.518403+00:00] [INFO]   roadmap_edge_track_record_in_briefing: in cooldown (attempted within last 12h)
[2026-05-02T21:08:50.518873+00:00] [INFO] nothing to push — all roadmap items either complete or in cooldown
[2026-05-02T21:08:50.588436+00:00] [INFO]   wrote session briefing (15 capability groups, 0 broken integrations)
[2026-05-02T21:08:50.588751+00:00] [INFO]   cycle 1277 done in 1.7s, 1 actions
[2026-05-02T21:08:50.589312+00:00] [INFO]   sleeping 120s until next cycle
[2026-05-02T21:10:50.720274+00:00] [INFO] === cycle 1278 ===
[2026-05-02T21:10:52.460051+00:00] [INFO]   PEER-SUPERVISOR: 1 findings (STALE)
[2026-05-02T21:10:52.460464+00:00] [INFO] === roadmap-driver cycle ===
[2026-05-02T21:10:52.857979+00:00] [INFO] budget check: budget block at 12.5%
[2026-05-02T21:10:52.879111+00:00] [INFO]   roadmap_edge_track_record_in_briefing: in cooldown (attempted within last 12h)
[2026-05-02T21:10:52.879632+00:00] [INFO] nothing to push — all roadmap items either complete or in cooldown
[2026-05-02T21:10:52.949412+00:00] [INFO]   wrote session briefing (15 capability groups, 0 broken integrations)
[2026-05-02T21:10:52.949768+00:00] [INFO]   cycle 1278 done in 2.2s, 1 actions
[2026-05-02T21:10:52.950334+00:00] [INFO]   sleeping 120s until next cycle
[2026-05-02T21:12:52.962182+00:00] [INFO] === cycle 1279 ===
[2026-05-02T21:12:54.686831+00:00] [INFO]   PEER-SUPERVISOR: 1 findings (STALE)
[2026-05-02T21:12:54.687247+00:00] [INFO] === roadmap-driver cycle ===
[2026-05-02T21:12:55.082627+00:00] [INFO] budget check: budget block at 11.5%
[2026-05-02T21:12:55.103542+00:00] [INFO]   roadmap_edge_track_record_in_briefing: in cooldown (attempted within last 12h)
[2026-05-02T21:12:55.103954+00:00] [INFO] nothing to push — all roadmap items either complete or in cooldown
[2026-05-02T21:12:55.160550+00:00] [INFO]   wrote session briefing (15 capability groups, 0 broken integrations)
[2026-05-02T21:12:55.160842+00:00] [INFO]   cycle 1279 done in 2.2s, 1 actions
[2026-05-02T21:12:55.161335+00:00] [INFO]   sleeping 120s until next cycle
[2026-05-02T21:14:55.209599+00:00] [INFO] === cycle 1280 ===
[2026-05-02T21:14:57.106849+00:00] [INFO]   PEER-SUPERVISOR: 1 findings (STALE)
[2026-05-02T21:14:57.107255+00:00] [INFO] === roadmap-driver cycle ===
[2026-05-02T21:14:57.504326+00:00] [INFO] budget check: budget block at 11.5%
[2026-05-02T21:14:57.525327+00:00] [INFO]   roadmap_edge_track_record_in_briefing: in cooldown (attempted within last 12h)
[2026-05-02T21:14:57.525844+00:00] [INFO] nothing to push — all roadmap items either complete or in cooldown
[2026-05-02T21:14:57.592343+00:00] [INFO]   wrote session briefing (15 capability groups, 0 broken integrations)
[2026-05-02T21:14:57.592668+00:00] [INFO]   cycle 1280 done in 2.4s, 1 actions
[2026-05-02T21:14:57.593214+00:00] [INFO]   sleeping 120s until next cycle
[2026-05-02T21:16:57.713757+00:00] [INFO] === cycle 1281 ===
[2026-05-02T21:16:59.201190+00:00] [INFO]   PEER-SUPERVISOR: 1 findings (STALE)
[2026-05-02T21:16:59.201608+00:00] [INFO] === roadmap-driver cycle ===
[2026-05-02T21:16:59.595928+00:00] [INFO] budget check: budget block at 11.5%
[2026-05-02T21:16:59.617664+00:00] [INFO]   roadmap_edge_track_record_in_briefing: in cooldown (attempted within last 12h)
[2026-05-02T21:16:59.618204+00:00] [INFO] nothing to push — all roadmap items either complete or in cooldown
[2026-05-02T21:16:59.689591+00:00] [INFO]   wrote session briefing (15 capability groups, 0 broken integrations)
[2026-05-02T21:16:59.689898+00:00] [INFO]   cycle 1281 done in 2.0s, 1 actions
[2026-05-02T21:16:59.690400+00:00] [INFO]   sleeping 120s until next cycle
[2026-05-02T21:18:59.829237+00:00] [INFO] === cycle 1282 ===
[2026-05-02T21:19:01.101410+00:00] [INFO] === roadmap-driver cycle ===
[2026-05-02T21:19:01.494749+00:00] [INFO] budget check: budget block at 11.5%
[2026-05-02T21:19:01.515572+00:00] [INFO]   roadmap_edge_track_record_in_briefing: in cooldown (attempted within last 12h)
[2026-05-02T21:19:01.516072+00:00] [INFO] nothing to push — all roadmap items either complete or in cooldown
[2026-05-02T21:19:01.580946+00:00] [INFO]   wrote session briefing (15 capability groups, 0 broken integrations)
[2026-05-02T21:19:01.581250+00:00] [INFO]   cycle 1282 done in 1.8s, 0 actions
[2026-05-02T21:19:01.581779+00:00] [INFO]   sleeping 900s until next cycle
