[2026-04-26T18:07:19.422209+00:00] [INFO] [reconciler-1] reconciler started pid=76271
[2026-04-26T18:07:19.431855+00:00] [WARN] [reconciler-1] PEER SILENT: orchestrator age=None
[2026-04-26T18:07:19.431919+00:00] [WARN] [reconciler-1] PEER SILENT: cowork-executor age=None
[2026-04-26T18:07:19.436355+00:00] [INFO] [reconciler-1] restart com.zeke.cowork-executor -> ok
[2026-04-26T18:07:19.440218+00:00] [INFO] [reconciler-1] restart com.zeke.cowork-preflight-watchdog -> ok
[2026-04-26T18:07:19.444173+00:00] [INFO] [reconciler-1] restart com.zeke.session-report-card -> ok
[2026-04-26T18:07:19.450689+00:00] [INFO] [reconciler-1] bootout com.zeke.spark-model-manager -> ok
[2026-04-26T18:07:19.454331+00:00] [INFO] [reconciler-1] bootout com.zeke.camel-yt-posts -> ok
[2026-04-26T18:07:19.457990+00:00] [INFO] [reconciler-1] bootout com.zeke.camel-twin -> ok
[2026-04-26T18:07:19.461465+00:00] [INFO] [reconciler-1] bootout com.zeke.openclaw-browser -> ok
[2026-04-26T18:07:19.464760+00:00] [INFO] [reconciler-1] bootout com.zeke.top-signal-weekly -> ok
[2026-04-26T18:07:19.468369+00:00] [INFO] [reconciler-1] bootout com.zeke.system-auditor -> ok
[2026-04-26T18:07:19.471698+00:00] [INFO] [reconciler-1] bootout com.zeke.model-release-monitor -> ok
[2026-04-26T18:07:19.475515+00:00] [INFO] [reconciler-1] bootout com.zeke.capability-scanner -> ok
[2026-04-26T18:07:19.479550+00:00] [INFO] [reconciler-1] bootout com.zeke.top-signal-daily -> ok
[2026-04-26T18:07:19.483863+00:00] [INFO] [reconciler-1] bootout com.zeke.memory-curator -> ok
[2026-04-26T18:07:19.489031+00:00] [INFO] [reconciler-1] bootout com.zeke.unified-api -> ok
[2026-04-26T18:07:19.492912+00:00] [INFO] [reconciler-1] bootout com.zeke.mcp-server -> ok
[2026-04-26T18:07:19.496520+00:00] [INFO] [reconciler-1] bootout com.zeke.briefing-prestage -> ok
[2026-04-26T18:07:19.500172+00:00] [INFO] [reconciler-1] bootout com.zeke.infra-scout -> ok
[2026-04-26T18:07:19.503909+00:00] [INFO] [reconciler-1] bootout com.zeke.bi-hourly-assessment -> ok
[2026-04-26T18:07:19.507241+00:00] [INFO] [reconciler-1] bootout com.zeke.backtest-results-aggregator -> ok
[2026-04-26T18:07:19.510371+00:00] [INFO] [reconciler-1] bootout com.zeke.members-video-extractor -> ok
[2026-04-26T18:07:19.513677+00:00] [INFO] [reconciler-1] bootout com.zeke.super-prewarm -> ok
[2026-04-26T18:07:19.517973+00:00] [INFO] [reconciler-1] bootout com.zeke.options-analytics -> ok
[2026-04-26T18:07:19.521357+00:00] [INFO] [reconciler-1] bootout com.zeke.option-quotes -> ok
[2026-04-26T18:07:19.524949+00:00] [INFO] [reconciler-1] bootout com.zeke.feed-guardian -> ok
[2026-04-26T18:07:19.528616+00:00] [INFO] [reconciler-1] bootout com.zeke.boot-recovery -> ok
[2026-04-26T18:07:19.531669+00:00] [INFO] [reconciler-1] bootout com.zeke.conviction-engine -> ok
[2026-04-26T18:07:19.535273+00:00] [INFO] [reconciler-1] bootout com.zeke.camel-daily-video-scanner -> ok
[2026-04-26T18:07:19.538429+00:00] [INFO] [reconciler-1] bootout com.zeke.tv-cycle-reader -> ok
[2026-04-26T18:07:19.541209+00:00] [INFO] [reconciler-1] bootout com.zeke.research-loop -> ok
[2026-04-26T18:07:19.544297+00:00] [INFO] [reconciler-1] bootout com.zeke.correlation-scanner -> ok
[2026-04-26T18:07:19.547135+00:00] [INFO] [reconciler-1] bootout com.zeke.fib-pitchfork -> ok
[2026-04-26T18:07:19.549996+00:00] [INFO] [reconciler-1] bootout com.zeke.tv-webhook -> ok
[2026-04-26T18:07:19.553037+00:00] [INFO] [reconciler-1] bootout com.zeke.qc-agent -> ok
[2026-04-26T18:07:19.555933+00:00] [INFO] [reconciler-1] bootout com.zeke.wiki-compiler -> ok
[2026-04-26T18:07:19.558829+00:00] [INFO] [reconciler-1] bootout com.zeke.watchdog -> ok
[2026-04-26T18:07:19.561396+00:00] [INFO] [reconciler-1] bootout com.zeke.infra-scout-ranker -> ok
[2026-04-26T18:07:19.563886+00:00] [INFO] [reconciler-1] bootout com.zeke.multi-scale-top-monitor -> ok
[2026-04-26T18:07:19.566591+00:00] [INFO] [reconciler-1] bootout com.zeke.research-engine -> ok
[2026-04-26T18:07:19.569511+00:00] [INFO] [reconciler-1] bootout com.zeke.camel-yt-pipeline-v2 -> ok
[2026-04-26T18:07:19.572935+00:00] [INFO] [reconciler-1] bootout com.zeke.price-watcher -> ok
[2026-04-26T18:07:19.577057+00:00] [INFO] [reconciler-1] bootout com.zeke.conviction-backtest -> ok
[2026-04-26T18:07:19.580934+00:00] [INFO] [reconciler-1] bootout com.zeke.camel-x-monitor -> ok
[2026-04-26T18:07:19.585028+00:00] [INFO] [reconciler-1] bootout com.zeke.alpha-v3-daily -> ok
[2026-04-26T18:07:19.588848+00:00] [INFO] [reconciler-1] bootout com.zeke.bleed-detector -> ok
[2026-04-26T18:07:19.592365+00:00] [INFO] [reconciler-1] bootout com.zeke.mcp-watchdog -> ok
[2026-04-26T18:07:53.406402+00:00] [WARN] [reconciler-1] PEER SILENT: orchestrator age=None
[2026-04-26T18:07:53.406615+00:00] [WARN] [reconciler-1] PEER SILENT: cowork-executor age=None
[2026-04-26T18:07:53.417891+00:00] [INFO] [reconciler-1] restart com.zeke.cowork-executor -> ok
[2026-04-26T18:07:53.425606+00:00] [INFO] [reconciler-1] restart com.zeke.cowork-preflight-watchdog -> ok
[2026-04-26T18:07:53.432237+00:00] [INFO] [reconciler-1] restart com.zeke.session-report-card -> ok
[2026-04-26T18:08:24.545687+00:00] [WARN] [reconciler-1] PEER SILENT: orchestrator age=None
[2026-04-26T18:08:24.557086+00:00] [INFO] [reconciler-1] restart com.zeke.cowork-preflight-watchdog -> ok
[2026-04-26T18:08:24.564079+00:00] [INFO] [reconciler-1] restart com.zeke.session-report-card -> ok
[2026-04-26T18:08:55.139774+00:00] [WARN] [reconciler-1] PEER SILENT: orchestrator age=None
[2026-04-26T18:08:55.151153+00:00] [INFO] [reconciler-1] restart com.zeke.cowork-preflight-watchdog -> ok
[2026-04-26T18:08:55.159130+00:00] [INFO] [reconciler-1] restart com.zeke.session-report-card -> ok
[2026-04-26T18:09:27.577038+00:00] [WARN] [reconciler-1] PEER SILENT: orchestrator age=None
[2026-04-26T18:09:27.589080+00:00] [INFO] [reconciler-1] restart com.zeke.cowork-preflight-watchdog -> ok
[2026-04-26T18:09:27.596987+00:00] [INFO] [reconciler-1] restart com.zeke.session-report-card -> ok
[2026-04-26T18:09:59.689889+00:00] [WARN] [reconciler-1] PEER SILENT: orchestrator age=None
[2026-04-26T18:09:59.701700+00:00] [INFO] [reconciler-1] restart com.zeke.cowork-executor -> ok
[2026-04-26T18:09:59.709669+00:00] [INFO] [reconciler-1] restart com.zeke.cowork-preflight-watchdog -> ok
[2026-04-26T18:09:59.717166+00:00] [INFO] [reconciler-1] restart com.zeke.session-report-card -> ok
[2026-04-26T18:10:30.441705+00:00] [WARN] [reconciler-1] PEER SILENT: orchestrator age=None
[2026-04-26T18:10:30.454415+00:00] [INFO] [reconciler-1] restart com.zeke.cowork-preflight-watchdog -> ok
[2026-04-26T18:10:30.462354+00:00] [INFO] [reconciler-1] restart com.zeke.session-report-card -> ok
[2026-04-26T18:11:04.217172+00:00] [WARN] [reconciler-1] PEER SILENT: orchestrator age=None
[2026-04-26T18:11:04.231215+00:00] [INFO] [reconciler-1] restart com.zeke.cowork-preflight-watchdog -> ok
[2026-04-26T18:11:04.239753+00:00] [INFO] [reconciler-1] restart com.zeke.session-report-card -> ok
[2026-04-26T18:11:37.276426+00:00] [WARN] [reconciler-1] PEER SILENT: orchestrator age=None
[2026-04-26T18:11:37.288814+00:00] [INFO] [reconciler-1] restart com.zeke.cowork-preflight-watchdog -> ok
[2026-04-26T18:11:37.296619+00:00] [INFO] [reconciler-1] restart com.zeke.session-report-card -> ok
[2026-04-26T18:12:07.422026+00:00] [WARN] [reconciler-1] PEER SILENT: orchestrator age=None
[2026-04-26T18:12:07.438657+00:00] [INFO] [reconciler-1] restart com.zeke.cowork-preflight-watchdog -> ok
[2026-04-26T18:12:07.447618+00:00] [INFO] [reconciler-1] restart com.zeke.session-report-card -> ok
[2026-04-26T18:12:38.538504+00:00] [WARN] [reconciler-1] PEER SILENT: orchestrator age=None
[2026-04-26T18:12:38.550593+00:00] [INFO] [reconciler-1] restart com.zeke.cowork-executor -> ok
[2026-04-26T18:12:38.557844+00:00] [INFO] [reconciler-1] restart com.zeke.cowork-preflight-watchdog -> ok
[2026-04-26T18:12:38.564198+00:00] [INFO] [reconciler-1] restart com.zeke.session-report-card -> ok
[2026-04-26T18:13:09.099407+00:00] [WARN] [reconciler-1] PEER SILENT: orchestrator age=None
[2026-04-26T18:13:09.112770+00:00] [INFO] [reconciler-1] restart com.zeke.cowork-preflight-watchdog -> ok
[2026-04-26T18:13:09.120636+00:00] [INFO] [reconciler-1] restart com.zeke.session-report-card -> ok
[2026-04-26T18:13:43.562851+00:00] [WARN] [reconciler-1] PEER SILENT: orchestrator age=None
[2026-04-26T18:13:43.577016+00:00] [INFO] [reconciler-1] restart com.zeke.cowork-preflight-watchdog -> ok
[2026-04-26T18:13:43.585442+00:00] [INFO] [reconciler-1] restart com.zeke.session-report-card -> ok
[2026-04-26T18:14:15.445387+00:00] [WARN] [reconciler-1] PEER SILENT: orchestrator age=None
[2026-04-26T18:14:15.458785+00:00] [INFO] [reconciler-1] restart com.zeke.cowork-preflight-watchdog -> ok
[2026-04-26T18:14:15.466725+00:00] [INFO] [reconciler-1] restart com.zeke.session-report-card -> ok
[2026-04-26T18:14:46.042823+00:00] [WARN] [reconciler-1] PEER SILENT: orchestrator age=None
[2026-04-26T18:14:46.054605+00:00] [INFO] [reconciler-1] restart com.zeke.cowork-preflight-watchdog -> ok
[2026-04-26T18:14:46.062692+00:00] [INFO] [reconciler-1] restart com.zeke.session-report-card -> ok
[2026-04-26T18:15:18.314780+00:00] [WARN] [reconciler-1] PEER SILENT: orchestrator age=None
[2026-04-26T18:15:18.327031+00:00] [INFO] [reconciler-1] restart com.zeke.cowork-executor -> ok
[2026-04-26T18:15:18.335758+00:00] [INFO] [reconciler-1] restart com.zeke.cowork-preflight-watchdog -> ok
[2026-04-26T18:15:18.342425+00:00] [INFO] [reconciler-1] restart com.zeke.session-report-card -> ok
[2026-04-26T18:15:50.342195+00:00] [WARN] [reconciler-1] PEER SILENT: orchestrator age=None
[2026-04-26T18:15:50.355645+00:00] [INFO] [reconciler-1] restart com.zeke.cowork-preflight-watchdog -> ok
[2026-04-26T18:15:50.363918+00:00] [INFO] [reconciler-1] restart com.zeke.session-report-card -> ok
[2026-04-26T18:16:24.008448+00:00] [WARN] [reconciler-1] PEER SILENT: orchestrator age=None
[2026-04-26T18:16:24.019806+00:00] [INFO] [reconciler-1] restart com.zeke.cowork-preflight-watchdog -> ok
[2026-04-26T18:16:24.027157+00:00] [INFO] [reconciler-1] restart com.zeke.session-report-card -> ok
[2026-04-26T18:16:55.039579+00:00] [WARN] [reconciler-1] PEER SILENT: orchestrator age=None
[2026-04-26T18:16:55.050446+00:00] [INFO] [reconciler-1] restart com.zeke.cowork-preflight-watchdog -> ok
[2026-04-26T18:16:55.057068+00:00] [INFO] [reconciler-1] restart com.zeke.session-report-card -> ok
[2026-04-26T18:17:30.016102+00:00] [WARN] [reconciler-1] PEER SILENT: orchestrator age=None
[2026-04-26T18:17:30.026488+00:00] [INFO] [reconciler-1] restart com.zeke.cowork-preflight-watchdog -> ok
[2026-04-26T18:17:30.034628+00:00] [INFO] [reconciler-1] restart com.zeke.session-report-card -> ok
[2026-04-26T18:18:02.485802+00:00] [WARN] [reconciler-1] PEER SILENT: orchestrator age=None
[2026-04-26T18:18:02.495030+00:00] [INFO] [reconciler-1] restart com.zeke.cowork-preflight-watchdog -> ok
[2026-04-26T18:18:02.498977+00:00] [INFO] [reconciler-1] restart com.zeke.session-report-card -> ok
[2026-04-26T18:18:35.549600+00:00] [WARN] [reconciler-1] PEER SILENT: orchestrator age=None
[2026-04-26T18:18:35.562659+00:00] [INFO] [reconciler-1] restart com.zeke.cowork-executor -> ok
[2026-04-26T18:18:35.571685+00:00] [INFO] [reconciler-1] restart com.zeke.cowork-preflight-watchdog -> ok
[2026-04-26T18:18:35.578047+00:00] [INFO] [reconciler-1] restart com.zeke.session-report-card -> ok
[2026-04-26T18:19:07.813214+00:00] [WARN] [reconciler-1] PEER SILENT: orchestrator age=None
[2026-04-26T18:19:07.826322+00:00] [INFO] [reconciler-1] restart com.zeke.cowork-preflight-watchdog -> ok
[2026-04-26T18:19:07.834691+00:00] [INFO] [reconciler-1] restart com.zeke.session-report-card -> ok
[2026-04-26T18:19:40.899990+00:00] [WARN] [reconciler-1] PEER SILENT: orchestrator age=None
[2026-04-26T18:19:40.912434+00:00] [INFO] [reconciler-1] restart com.zeke.cowork-preflight-watchdog -> ok
[2026-04-26T18:19:40.920590+00:00] [INFO] [reconciler-1] restart com.zeke.session-report-card -> ok
[2026-04-26T18:20:13.289681+00:00] [WARN] [reconciler-1] PEER SILENT: orchestrator age=None
[2026-04-26T18:20:13.302944+00:00] [INFO] [reconciler-1] restart com.zeke.cowork-preflight-watchdog -> ok
[2026-04-26T18:20:13.311325+00:00] [INFO] [reconciler-1] restart com.zeke.session-report-card -> ok
[2026-04-26T18:20:45.936575+00:00] [WARN] [reconciler-1] PEER SILENT: orchestrator age=None
[2026-04-26T18:20:45.947629+00:00] [INFO] [reconciler-1] restart com.zeke.cowork-executor -> ok
[2026-04-26T18:20:45.954961+00:00] [INFO] [reconciler-1] restart com.zeke.cowork-preflight-watchdog -> ok
[2026-04-26T18:20:45.961822+00:00] [INFO] [reconciler-1] restart com.zeke.session-report-card -> ok
[2026-04-26T18:21:17.437629+00:00] [WARN] [reconciler-1] PEER SILENT: orchestrator age=None
[2026-04-26T18:21:17.449206+00:00] [INFO] [reconciler-1] restart com.zeke.cowork-preflight-watchdog -> ok
[2026-04-26T18:21:17.456087+00:00] [INFO] [reconciler-1] restart com.zeke.session-report-card -> ok
[2026-04-26T18:21:51.925948+00:00] [WARN] [reconciler-1] PEER SILENT: orchestrator age=None
[2026-04-26T18:21:51.939434+00:00] [INFO] [reconciler-1] restart com.zeke.cowork-preflight-watchdog -> ok
[2026-04-26T18:21:51.947228+00:00] [INFO] [reconciler-1] restart com.zeke.session-report-card -> ok
[2026-04-26T18:22:27.099890+00:00] [WARN] [reconciler-1] PEER SILENT: orchestrator age=None
[2026-04-26T18:22:27.114377+00:00] [INFO] [reconciler-1] restart com.zeke.cowork-preflight-watchdog -> ok
[2026-04-26T18:22:27.123149+00:00] [INFO] [reconciler-1] restart com.zeke.session-report-card -> ok
[2026-04-26T18:23:01.415404+00:00] [WARN] [reconciler-1] PEER SILENT: orchestrator age=None
[2026-04-26T18:23:01.429245+00:00] [INFO] [reconciler-1] restart com.zeke.cowork-executor -> ok
[2026-04-26T18:23:01.437233+00:00] [INFO] [reconciler-1] restart com.zeke.cowork-preflight-watchdog -> ok
[2026-04-26T18:23:01.444176+00:00] [INFO] [reconciler-1] restart com.zeke.session-report-card -> ok
[2026-04-26T18:23:33.551368+00:00] [WARN] [reconciler-1] PEER SILENT: orchestrator age=None
[2026-04-26T18:23:33.562077+00:00] [INFO] [reconciler-1] restart com.zeke.cowork-preflight-watchdog -> ok
[2026-04-26T18:23:33.569639+00:00] [INFO] [reconciler-1] restart com.zeke.session-report-card -> ok
[2026-04-26T18:24:04.451901+00:00] [WARN] [reconciler-1] PEER SILENT: orchestrator age=None
[2026-04-26T18:24:04.463852+00:00] [INFO] [reconciler-1] restart com.zeke.cowork-preflight-watchdog -> ok
[2026-04-26T18:24:04.471424+00:00] [INFO] [reconciler-1] restart com.zeke.session-report-card -> ok
[2026-04-26T18:24:38.050632+00:00] [WARN] [reconciler-1] PEER SILENT: orchestrator age=None
[2026-04-26T18:24:38.062889+00:00] [INFO] [reconciler-1] restart com.zeke.cowork-preflight-watchdog -> ok
[2026-04-26T18:24:38.070450+00:00] [INFO] [reconciler-1] restart com.zeke.session-report-card -> ok
[2026-04-26T18:25:09.344401+00:00] [WARN] [reconciler-1] PEER SILENT: orchestrator age=None
[2026-04-26T18:25:09.357246+00:00] [INFO] [reconciler-1] restart com.zeke.cowork-preflight-watchdog -> ok
[2026-04-26T18:25:09.365468+00:00] [INFO] [reconciler-1] restart com.zeke.session-report-card -> ok
[2026-04-26T18:25:43.716421+00:00] [WARN] [reconciler-1] PEER SILENT: orchestrator age=None
[2026-04-26T18:25:43.727549+00:00] [INFO] [reconciler-1] restart com.zeke.cowork-executor -> ok
[2026-04-26T18:25:43.735860+00:00] [INFO] [reconciler-1] restart com.zeke.cowork-preflight-watchdog -> ok
[2026-04-26T18:25:43.743109+00:00] [INFO] [reconciler-1] restart com.zeke.session-report-card -> ok
[2026-04-26T18:26:14.340920+00:00] [WARN] [reconciler-1] PEER SILENT: orchestrator age=None
[2026-04-26T18:26:14.352922+00:00] [INFO] [reconciler-1] restart com.zeke.cowork-preflight-watchdog -> ok
[2026-04-26T18:26:14.361057+00:00] [INFO] [reconciler-1] restart com.zeke.session-report-card -> ok
[2026-04-26T18:26:44.934909+00:00] [WARN] [reconciler-1] PEER SILENT: orchestrator age=None
[2026-04-26T18:26:44.947854+00:00] [INFO] [reconciler-1] restart com.zeke.cowork-preflight-watchdog -> ok
[2026-04-26T18:26:44.956714+00:00] [INFO] [reconciler-1] restart com.zeke.session-report-card -> ok
[2026-04-26T18:27:19.769694+00:00] [WARN] [reconciler-1] PEER SILENT: orchestrator age=None
[2026-04-26T18:27:19.782627+00:00] [INFO] [reconciler-1] restart com.zeke.cowork-executor -> ok
[2026-04-26T18:27:19.790752+00:00] [INFO] [reconciler-1] restart com.zeke.cowork-preflight-watchdog -> ok
[2026-04-26T18:27:19.798724+00:00] [INFO] [reconciler-1] restart com.zeke.session-report-card -> ok
[2026-04-26T18:27:51.214237+00:00] [WARN] [reconciler-1] PEER SILENT: orchestrator age=None
[2026-04-26T18:27:51.228079+00:00] [INFO] [reconciler-1] restart com.zeke.cowork-preflight-watchdog -> ok
[2026-04-26T18:27:51.236543+00:00] [INFO] [reconciler-1] restart com.zeke.session-report-card -> ok
[2026-04-26T18:28:25.620072+00:00] [WARN] [reconciler-1] PEER SILENT: orchestrator age=None
[2026-04-26T18:28:25.634000+00:00] [INFO] [reconciler-1] restart com.zeke.cowork-preflight-watchdog -> ok
[2026-04-26T18:28:25.642468+00:00] [INFO] [reconciler-1] restart com.zeke.session-report-card -> ok
[2026-04-26T18:28:57.259800+00:00] [WARN] [reconciler-1] PEER SILENT: orchestrator age=None
[2026-04-26T18:28:57.271311+00:00] [INFO] [reconciler-1] restart com.zeke.cowork-preflight-watchdog -> ok
[2026-04-26T18:28:57.279016+00:00] [INFO] [reconciler-1] restart com.zeke.session-report-card -> ok
[2026-04-26T18:29:29.682953+00:00] [WARN] [reconciler-1] PEER SILENT: orchestrator age=None
[2026-04-26T18:29:29.695728+00:00] [INFO] [reconciler-1] restart com.zeke.cowork-executor -> ok
[2026-04-26T18:29:29.703934+00:00] [INFO] [reconciler-1] restart com.zeke.cowork-preflight-watchdog -> ok
[2026-04-26T18:29:29.710686+00:00] [INFO] [reconciler-1] restart com.zeke.session-report-card -> ok
[2026-04-26T18:30:03.028495+00:00] [WARN] [reconciler-1] PEER SILENT: orchestrator age=None
[2026-04-26T18:30:03.040264+00:00] [INFO] [reconciler-1] restart com.zeke.cowork-preflight-watchdog -> ok
[2026-04-26T18:30:03.048539+00:00] [INFO] [reconciler-1] restart com.zeke.session-report-card -> ok
[2026-04-26T18:30:36.887765+00:00] [WARN] [reconciler-1] PEER SILENT: orchestrator age=None
[2026-04-26T18:30:36.900582+00:00] [INFO] [reconciler-1] restart com.zeke.cowork-preflight-watchdog -> ok
[2026-04-26T18:30:36.908989+00:00] [INFO] [reconciler-1] restart com.zeke.session-report-card -> ok
[2026-04-26T18:31:09.142095+00:00] [WARN] [reconciler-1] PEER SILENT: orchestrator age=None
[2026-04-26T18:31:09.154459+00:00] [INFO] [reconciler-1] restart com.zeke.cowork-preflight-watchdog -> ok
[2026-04-26T18:31:09.162804+00:00] [INFO] [reconciler-1] restart com.zeke.session-report-card -> ok
[2026-04-26T18:31:43.054446+00:00] [WARN] [reconciler-1] PEER SILENT: orchestrator age=None
[2026-04-26T18:31:43.067263+00:00] [INFO] [reconciler-1] restart com.zeke.cowork-executor -> ok
[2026-04-26T18:31:43.075197+00:00] [INFO] [reconciler-1] restart com.zeke.cowork-preflight-watchdog -> ok
[2026-04-26T18:31:43.082250+00:00] [INFO] [reconciler-1] restart com.zeke.session-report-card -> ok
[2026-04-26T18:32:14.570418+00:00] [WARN] [reconciler-1] PEER SILENT: orchestrator age=None
[2026-04-26T18:32:14.583357+00:00] [INFO] [reconciler-1] restart com.zeke.cowork-preflight-watchdog -> ok
[2026-04-26T18:32:14.591913+00:00] [INFO] [reconciler-1] restart com.zeke.session-report-card -> ok
[2026-04-26T18:32:44.700561+00:00] [WARN] [reconciler-1] PEER SILENT: orchestrator age=None
[2026-04-26T18:32:44.713387+00:00] [INFO] [reconciler-1] restart com.zeke.cowork-preflight-watchdog -> ok
[2026-04-26T18:32:44.720686+00:00] [INFO] [reconciler-1] restart com.zeke.session-report-card -> ok
[2026-04-26T18:33:16.079009+00:00] [WARN] [reconciler-1] PEER SILENT: orchestrator age=None
[2026-04-26T18:33:16.094012+00:00] [INFO] [reconciler-1] restart com.zeke.cowork-preflight-watchdog -> ok
[2026-04-26T18:33:16.103443+00:00] [INFO] [reconciler-1] restart com.zeke.session-report-card -> ok
[2026-04-26T18:33:47.584839+00:00] [WARN] [reconciler-1] PEER SILENT: orchestrator age=None
[2026-04-26T18:33:47.597692+00:00] [INFO] [reconciler-1] restart com.zeke.cowork-executor -> ok
[2026-04-26T18:33:47.606132+00:00] [INFO] [reconciler-1] restart com.zeke.cowork-preflight-watchdog -> ok
[2026-04-26T18:33:47.613257+00:00] [INFO] [reconciler-1] restart com.zeke.session-report-card -> ok
[2026-04-26T18:34:22.082135+00:00] [WARN] [reconciler-1] PEER SILENT: orchestrator age=None
[2026-04-26T18:34:22.094663+00:00] [INFO] [reconciler-1] restart com.zeke.cowork-preflight-watchdog -> ok
[2026-04-26T18:34:22.102840+00:00] [INFO] [reconciler-1] restart com.zeke.session-report-card -> ok
[2026-04-26T18:34:52.694273+00:00] [WARN] [reconciler-1] PEER SILENT: orchestrator age=None
[2026-04-26T18:34:52.707438+00:00] [INFO] [reconciler-1] restart com.zeke.cowork-preflight-watchdog -> ok
[2026-04-26T18:34:52.716492+00:00] [INFO] [reconciler-1] restart com.zeke.session-report-card -> ok
[2026-04-26T18:35:26.134608+00:00] [WARN] [reconciler-1] PEER SILENT: orchestrator age=None
[2026-04-26T18:35:26.146550+00:00] [INFO] [reconciler-1] restart com.zeke.cowork-preflight-watchdog -> ok
[2026-04-26T18:35:26.154756+00:00] [INFO] [reconciler-1] restart com.zeke.session-report-card -> ok
[2026-04-26T18:36:51.286150+00:00] [INFO] [reconciler-1] reconciler started pid=94321
[2026-04-26T18:36:51.294955+00:00] [INFO] [reconciler-1] DRIFT (not bootout): com.zeke.spark-model-manager not in expected manifest
[2026-04-26T18:36:51.295047+00:00] [INFO] [reconciler-1] DRIFT (not bootout): com.zeke.camel-yt-posts not in expected manifest
[2026-04-26T18:36:51.295116+00:00] [INFO] [reconciler-1] DRIFT (not bootout): com.zeke.btc-trailing-monitor not in expected manifest
[2026-04-26T18:36:51.295183+00:00] [INFO] [reconciler-1] DRIFT (not bootout): com.zeke.camel-twin not in expected manifest
[2026-04-26T18:36:51.295247+00:00] [INFO] [reconciler-1] DRIFT (not bootout): com.zeke.openclaw-browser not in expected manifest
[2026-04-26T18:36:51.295312+00:00] [INFO] [reconciler-1] DRIFT (not bootout): com.zeke.top-signal-weekly not in expected manifest
[2026-04-26T18:36:51.295377+00:00] [INFO] [reconciler-1] DRIFT (not bootout): com.zeke.system-auditor not in expected manifest
[2026-04-26T18:36:51.295438+00:00] [INFO] [reconciler-1] DRIFT (not bootout): com.zeke.model-release-monitor not in expected manifest
[2026-04-26T18:36:51.295500+00:00] [INFO] [reconciler-1] DRIFT (not bootout): com.zeke.capability-scanner not in expected manifest
[2026-04-26T18:36:51.295563+00:00] [INFO] [reconciler-1] DRIFT (not bootout): com.zeke.top-signal-daily not in expected manifest
[2026-04-26T18:36:51.295626+00:00] [INFO] [reconciler-1] DRIFT (not bootout): com.zeke.memory-curator not in expected manifest
[2026-04-26T18:36:51.295688+00:00] [INFO] [reconciler-1] DRIFT (not bootout): com.zeke.unified-api not in expected manifest
[2026-04-26T18:36:51.295744+00:00] [INFO] [reconciler-1] DRIFT (not bootout): com.zeke.mcp-server not in expected manifest
[2026-04-26T18:36:51.295806+00:00] [INFO] [reconciler-1] DRIFT (not bootout): com.zeke.briefing-prestage not in expected manifest
[2026-04-26T18:36:51.295864+00:00] [INFO] [reconciler-1] DRIFT (not bootout): com.zeke.infra-scout not in expected manifest
[2026-04-26T18:36:51.295928+00:00] [INFO] [reconciler-1] DRIFT (not bootout): com.zeke.bi-hourly-assessment not in expected manifest
[2026-04-26T18:36:51.295989+00:00] [INFO] [reconciler-1] DRIFT (not bootout): com.zeke.backtest-results-aggregator not in expected manifest
[2026-04-26T18:36:51.296049+00:00] [INFO] [reconciler-1] DRIFT (not bootout): com.zeke.members-video-extractor not in expected manifest
[2026-04-26T18:36:51.296109+00:00] [INFO] [reconciler-1] DRIFT (not bootout): com.zeke.super-prewarm not in expected manifest
[2026-04-26T18:36:51.296170+00:00] [INFO] [reconciler-1] DRIFT (not bootout): com.zeke.options-analytics not in expected manifest
[2026-04-26T18:36:51.296231+00:00] [INFO] [reconciler-1] DRIFT (not bootout): com.zeke.option-quotes not in expected manifest
[2026-04-26T18:36:51.296292+00:00] [INFO] [reconciler-1] DRIFT (not bootout): com.zeke.feed-guardian not in expected manifest
[2026-04-26T18:36:51.296354+00:00] [INFO] [reconciler-1] DRIFT (not bootout): com.zeke.boot-recovery not in expected manifest
[2026-04-26T18:36:51.296410+00:00] [INFO] [reconciler-1] DRIFT (not bootout): com.zeke.conviction-engine not in expected manifest
[2026-04-26T18:36:51.296471+00:00] [INFO] [reconciler-1] DRIFT (not bootout): com.zeke.camel-daily-video-scanner not in expected manifest
[2026-04-26T18:36:51.296581+00:00] [INFO] [reconciler-1] DRIFT (not bootout): com.zeke.tv-cycle-reader not in expected manifest
[2026-04-26T18:36:51.296645+00:00] [INFO] [reconciler-1] DRIFT (not bootout): com.zeke.research-loop not in expected manifest
[2026-04-26T18:36:51.296702+00:00] [INFO] [reconciler-1] DRIFT (not bootout): com.zeke.correlation-scanner not in expected manifest
[2026-04-26T18:36:51.296766+00:00] [INFO] [reconciler-1] DRIFT (not bootout): com.zeke.fib-pitchfork not in expected manifest
[2026-04-26T18:36:51.296823+00:00] [INFO] [reconciler-1] DRIFT (not bootout): com.zeke.tv-webhook not in expected manifest
[2026-04-26T18:36:51.296886+00:00] [INFO] [reconciler-1] DRIFT (not bootout): com.zeke.qc-agent not in expected manifest
[2026-04-26T18:36:51.296948+00:00] [INFO] [reconciler-1] DRIFT (not bootout): com.zeke.wiki-compiler not in expected manifest
[2026-04-26T18:36:51.297011+00:00] [INFO] [reconciler-1] DRIFT (not bootout): com.zeke.watchdog not in expected manifest
[2026-04-26T18:36:51.297071+00:00] [INFO] [reconciler-1] DRIFT (not bootout): com.zeke.infra-scout-ranker not in expected manifest
[2026-04-26T18:36:51.297135+00:00] [INFO] [reconciler-1] DRIFT (not bootout): com.zeke.multi-scale-top-monitor not in expected manifest
[2026-04-26T18:36:51.297196+00:00] [INFO] [reconciler-1] DRIFT (not bootout): com.zeke.research-engine not in expected manifest
[2026-04-26T18:36:51.297252+00:00] [INFO] [reconciler-1] DRIFT (not bootout): com.zeke.camel-yt-pipeline-v2 not in expected manifest
[2026-04-26T18:36:51.297315+00:00] [INFO] [reconciler-1] DRIFT (not bootout): com.zeke.price-watcher not in expected manifest
[2026-04-26T18:36:51.297376+00:00] [INFO] [reconciler-1] DRIFT (not bootout): com.zeke.conviction-backtest not in expected manifest
[2026-04-26T18:36:51.297433+00:00] [INFO] [reconciler-1] DRIFT (not bootout): com.zeke.camel-x-monitor not in expected manifest
[2026-04-26T18:36:51.297497+00:00] [INFO] [reconciler-1] DRIFT (not bootout): com.zeke.alpha-v3-daily not in expected manifest
[2026-04-26T18:36:51.297563+00:00] [INFO] [reconciler-1] DRIFT (not bootout): com.zeke.bleed-detector not in expected manifest
[2026-04-26T18:36:51.297626+00:00] [INFO] [reconciler-1] DRIFT (not bootout): com.zeke.mcp-watchdog not in expected manifest
[2026-04-26T18:36:51.297957+00:00] [WARN] [reconciler-1] PEER SILENT: orchestrator age=None
[2026-04-26T18:36:53.476960+00:00] [INFO] [reconciler-1] restart com.zeke.cowork-preflight-watchdog -> unresolved
[2026-04-26T18:36:55.660894+00:00] [INFO] [reconciler-1] restart com.zeke.session-report-card -> unresolved
[2026-04-26T18:37:26.839068+00:00] [INFO] [reconciler-1] DRIFT (not bootout): com.zeke.spark-model-manager not in expected manifest
[2026-04-26T18:37:26.839811+00:00] [INFO] [reconciler-1] DRIFT (not bootout): com.zeke.camel-yt-posts not in expected manifest
[2026-04-26T18:37:26.840076+00:00] [INFO] [reconciler-1] DRIFT (not bootout): com.zeke.btc-trailing-monitor not in expected manifest
[2026-04-26T18:37:26.840251+00:00] [INFO] [reconciler-1] DRIFT (not bootout): com.zeke.camel-twin not in expected manifest
[2026-04-26T18:37:26.840373+00:00] [INFO] [reconciler-1] DRIFT (not bootout): com.zeke.openclaw-browser not in expected manifest
[2026-04-26T18:37:26.840477+00:00] [INFO] [reconciler-1] DRIFT (not bootout): com.zeke.top-signal-weekly not in expected manifest
[2026-04-26T18:37:26.840593+00:00] [INFO] [reconciler-1] DRIFT (not bootout): com.zeke.system-auditor not in expected manifest
[2026-04-26T18:37:26.840690+00:00] [INFO] [reconciler-1] DRIFT (not bootout): com.zeke.model-release-monitor not in expected manifest
[2026-04-26T18:37:26.840790+00:00] [INFO] [reconciler-1] DRIFT (not bootout): com.zeke.capability-scanner not in expected manifest
[2026-04-26T18:37:26.840884+00:00] [INFO] [reconciler-1] DRIFT (not bootout): com.zeke.top-signal-daily not in expected manifest
[2026-04-26T18:37:26.840977+00:00] [INFO] [reconciler-1] DRIFT (not bootout): com.zeke.memory-curator not in expected manifest
[2026-04-26T18:37:26.841159+00:00] [INFO] [reconciler-1] DRIFT (not bootout): com.zeke.unified-api not in expected manifest
[2026-04-26T18:37:26.841261+00:00] [INFO] [reconciler-1] DRIFT (not bootout): com.zeke.mcp-server not in expected manifest
[2026-04-26T18:37:26.841363+00:00] [INFO] [reconciler-1] DRIFT (not bootout): com.zeke.briefing-prestage not in expected manifest
[2026-04-26T18:37:26.841465+00:00] [INFO] [reconciler-1] DRIFT (not bootout): com.zeke.infra-scout not in expected manifest
[2026-04-26T18:37:26.841566+00:00] [INFO] [reconciler-1] DRIFT (not bootout): com.zeke.bi-hourly-assessment not in expected manifest
[2026-04-26T18:37:26.841662+00:00] [INFO] [reconciler-1] DRIFT (not bootout): com.zeke.backtest-results-aggregator not in expected manifest
[2026-04-26T18:37:26.841760+00:00] [INFO] [reconciler-1] DRIFT (not bootout): com.zeke.members-video-extractor not in expected manifest
[2026-04-26T18:37:26.841853+00:00] [INFO] [reconciler-1] DRIFT (not bootout): com.zeke.super-prewarm not in expected manifest
[2026-04-26T18:37:26.841944+00:00] [INFO] [reconciler-1] DRIFT (not bootout): com.zeke.options-analytics not in expected manifest
[2026-04-26T18:37:26.842035+00:00] [INFO] [reconciler-1] DRIFT (not bootout): com.zeke.option-quotes not in expected manifest
[2026-04-26T18:37:26.842134+00:00] [INFO] [reconciler-1] DRIFT (not bootout): com.zeke.feed-guardian not in expected manifest
[2026-04-26T18:37:26.842231+00:00] [INFO] [reconciler-1] DRIFT (not bootout): com.zeke.boot-recovery not in expected manifest
[2026-04-26T18:37:26.842329+00:00] [INFO] [reconciler-1] DRIFT (not bootout): com.zeke.conviction-engine not in expected manifest
[2026-04-26T18:37:26.842428+00:00] [INFO] [reconciler-1] DRIFT (not bootout): com.zeke.camel-daily-video-scanner not in expected manifest
[2026-04-26T18:37:26.842522+00:00] [INFO] [reconciler-1] DRIFT (not bootout): com.zeke.tv-cycle-reader not in expected manifest
[2026-04-26T18:37:26.842618+00:00] [INFO] [reconciler-1] DRIFT (not bootout): com.zeke.research-loop not in expected manifest
[2026-04-26T18:37:26.842711+00:00] [INFO] [reconciler-1] DRIFT (not bootout): com.zeke.correlation-scanner not in expected manifest
[2026-04-26T18:37:26.842815+00:00] [INFO] [reconciler-1] DRIFT (not bootout): com.zeke.fib-pitchfork not in expected manifest
[2026-04-26T18:37:26.842913+00:00] [INFO] [reconciler-1] DRIFT (not bootout): com.zeke.tv-webhook not in expected manifest
[2026-04-26T18:37:26.843009+00:00] [INFO] [reconciler-1] DRIFT (not bootout): com.zeke.qc-agent not in expected manifest
[2026-04-26T18:37:26.843107+00:00] [INFO] [reconciler-1] DRIFT (not bootout): com.zeke.wiki-compiler not in expected manifest
[2026-04-26T18:37:26.843212+00:00] [INFO] [reconciler-1] DRIFT (not bootout): com.zeke.watchdog not in expected manifest
[2026-04-26T18:37:26.843306+00:00] [INFO] [reconciler-1] DRIFT (not bootout): com.zeke.infra-scout-ranker not in expected manifest
[2026-04-26T18:37:26.843397+00:00] [INFO] [reconciler-1] DRIFT (not bootout): com.zeke.multi-scale-top-monitor not in expected manifest
[2026-04-26T18:37:26.843491+00:00] [INFO] [reconciler-1] DRIFT (not bootout): com.zeke.research-engine not in expected manifest
[2026-04-26T18:37:26.843581+00:00] [INFO] [reconciler-1] DRIFT (not bootout): com.zeke.camel-yt-pipeline-v2 not in expected manifest
[2026-04-26T18:37:26.843674+00:00] [INFO] [reconciler-1] DRIFT (not bootout): com.zeke.price-watcher not in expected manifest
[2026-04-26T18:37:26.843767+00:00] [INFO] [reconciler-1] DRIFT (not bootout): com.zeke.conviction-backtest not in expected manifest
[2026-04-26T18:37:26.843854+00:00] [INFO] [reconciler-1] DRIFT (not bootout): com.zeke.camel-x-monitor not in expected manifest
[2026-04-26T18:37:26.843946+00:00] [INFO] [reconciler-1] DRIFT (not bootout): com.zeke.alpha-v3-daily not in expected manifest
[2026-04-26T18:37:26.844038+00:00] [INFO] [reconciler-1] DRIFT (not bootout): com.zeke.bleed-detector not in expected manifest
[2026-04-26T18:37:26.844130+00:00] [INFO] [reconciler-1] DRIFT (not bootout): com.zeke.mcp-watchdog not in expected manifest
[2026-04-26T18:37:26.844923+00:00] [WARN] [reconciler-1] PEER SILENT: orchestrator age=None
[2026-04-26T18:37:29.027739+00:00] [INFO] [reconciler-1] restart com.zeke.cowork-preflight-watchdog -> unresolved
[2026-04-26T18:37:31.211303+00:00] [INFO] [reconciler-1] restart com.zeke.session-report-card -> unresolved
[2026-04-26T18:38:03.243925+00:00] [INFO] [reconciler-1] DRIFT (not bootout): com.zeke.spark-model-manager not in expected manifest
[2026-04-26T18:38:03.244590+00:00] [INFO] [reconciler-1] DRIFT (not bootout): com.zeke.camel-yt-posts not in expected manifest
[2026-04-26T18:38:03.244978+00:00] [INFO] [reconciler-1] DRIFT (not bootout): com.zeke.btc-trailing-monitor not in expected manifest
[2026-04-26T18:38:03.245201+00:00] [INFO] [reconciler-1] DRIFT (not bootout): com.zeke.camel-twin not in expected manifest
[2026-04-26T18:38:03.245372+00:00] [INFO] [reconciler-1] DRIFT (not bootout): com.zeke.openclaw-browser not in expected manifest
[2026-04-26T18:38:03.245553+00:00] [INFO] [reconciler-1] DRIFT (not bootout): com.zeke.top-signal-weekly not in expected manifest
[2026-04-26T18:38:03.245677+00:00] [INFO] [reconciler-1] DRIFT (not bootout): com.zeke.system-auditor not in expected manifest
[2026-04-26T18:38:03.245783+00:00] [INFO] [reconciler-1] DRIFT (not bootout): com.zeke.model-release-monitor not in expected manifest
[2026-04-26T18:38:03.245896+00:00] [INFO] [reconciler-1] DRIFT (not bootout): com.zeke.capability-scanner not in expected manifest
[2026-04-26T18:38:03.246005+00:00] [INFO] [reconciler-1] DRIFT (not bootout): com.zeke.top-signal-daily not in expected manifest
[2026-04-26T18:38:03.246102+00:00] [INFO] [reconciler-1] DRIFT (not bootout): com.zeke.memory-curator not in expected manifest
[2026-04-26T18:38:03.246208+00:00] [INFO] [reconciler-1] DRIFT (not bootout): com.zeke.unified-api not in expected manifest
[2026-04-26T18:38:03.246310+00:00] [INFO] [reconciler-1] DRIFT (not bootout): com.zeke.mcp-server not in expected manifest
[2026-04-26T18:38:03.246421+00:00] [INFO] [reconciler-1] DRIFT (not bootout): com.zeke.briefing-prestage not in expected manifest
[2026-04-26T18:38:03.246515+00:00] [INFO] [reconciler-1] DRIFT (not bootout): com.zeke.infra-scout not in expected manifest
[2026-04-26T18:38:03.246603+00:00] [INFO] [reconciler-1] DRIFT (not bootout): com.zeke.bi-hourly-assessment not in expected manifest
[2026-04-26T18:38:03.246693+00:00] [INFO] [reconciler-1] DRIFT (not bootout): com.zeke.backtest-results-aggregator not in expected manifest
[2026-04-26T18:38:03.246784+00:00] [INFO] [reconciler-1] DRIFT (not bootout): com.zeke.members-video-extractor not in expected manifest
[2026-04-26T18:38:03.246877+00:00] [INFO] [reconciler-1] DRIFT (not bootout): com.zeke.super-prewarm not in expected manifest
[2026-04-26T18:38:03.246974+00:00] [INFO] [reconciler-1] DRIFT (not bootout): com.zeke.options-analytics not in expected manifest
[2026-04-26T18:38:03.247080+00:00] [INFO] [reconciler-1] DRIFT (not bootout): com.zeke.option-quotes not in expected manifest
[2026-04-26T18:38:03.247177+00:00] [INFO] [reconciler-1] DRIFT (not bootout): com.zeke.feed-guardian not in expected manifest
[2026-04-26T18:38:03.247258+00:00] [INFO] [reconciler-1] DRIFT (not bootout): com.zeke.boot-recovery not in expected manifest
[2026-04-26T18:38:03.247357+00:00] [INFO] [reconciler-1] DRIFT (not bootout): com.zeke.conviction-engine not in expected manifest
[2026-04-26T18:38:03.247440+00:00] [INFO] [reconciler-1] DRIFT (not bootout): com.zeke.camel-daily-video-scanner not in expected manifest
[2026-04-26T18:38:03.247525+00:00] [INFO] [reconciler-1] DRIFT (not bootout): com.zeke.tv-cycle-reader not in expected manifest
[2026-04-26T18:38:03.247680+00:00] [INFO] [reconciler-1] DRIFT (not bootout): com.zeke.research-loop not in expected manifest
[2026-04-26T18:38:03.247823+00:00] [INFO] [reconciler-1] DRIFT (not bootout): com.zeke.correlation-scanner not in expected manifest
[2026-04-26T18:38:03.247939+00:00] [INFO] [reconciler-1] DRIFT (not bootout): com.zeke.fib-pitchfork not in expected manifest
[2026-04-26T18:38:03.248127+00:00] [INFO] [reconciler-1] DRIFT (not bootout): com.zeke.tv-webhook not in expected manifest
[2026-04-26T18:38:03.248223+00:00] [INFO] [reconciler-1] DRIFT (not bootout): com.zeke.qc-agent not in expected manifest
[2026-04-26T18:38:03.248316+00:00] [INFO] [reconciler-1] DRIFT (not bootout): com.zeke.wiki-compiler not in expected manifest
[2026-04-26T18:38:03.248404+00:00] [INFO] [reconciler-1] DRIFT (not bootout): com.zeke.watchdog not in expected manifest
[2026-04-26T18:38:03.248488+00:00] [INFO] [reconciler-1] DRIFT (not bootout): com.zeke.infra-scout-ranker not in expected manifest
[2026-04-26T18:38:03.248572+00:00] [INFO] [reconciler-1] DRIFT (not bootout): com.zeke.multi-scale-top-monitor not in expected manifest
[2026-04-26T18:38:03.248652+00:00] [INFO] [reconciler-1] DRIFT (not bootout): com.zeke.research-engine not in expected manifest
[2026-04-26T18:38:03.248729+00:00] [INFO] [reconciler-1] DRIFT (not bootout): com.zeke.camel-yt-pipeline-v2 not in expected manifest
[2026-04-26T18:38:03.248805+00:00] [INFO] [reconciler-1] DRIFT (not bootout): com.zeke.price-watcher not in expected manifest
[2026-04-26T18:38:03.248883+00:00] [INFO] [reconciler-1] DRIFT (not bootout): com.zeke.conviction-backtest not in expected manifest
[2026-04-26T18:38:03.248957+00:00] [INFO] [reconciler-1] DRIFT (not bootout): com.zeke.camel-x-monitor not in expected manifest
[2026-04-26T18:38:03.249034+00:00] [INFO] [reconciler-1] DRIFT (not bootout): com.zeke.alpha-v3-daily not in expected manifest
[2026-04-26T18:38:03.249115+00:00] [INFO] [reconciler-1] DRIFT (not bootout): com.zeke.bleed-detector not in expected manifest
[2026-04-26T18:38:03.249195+00:00] [INFO] [reconciler-1] DRIFT (not bootout): com.zeke.mcp-watchdog not in expected manifest
[2026-04-26T18:38:03.249794+00:00] [WARN] [reconciler-1] PEER SILENT: orchestrator age=None
[2026-04-26T18:38:05.430785+00:00] [INFO] [reconciler-1] restart com.zeke.cowork-executor -> ok
[2026-04-26T18:38:07.613618+00:00] [INFO] [reconciler-1] restart com.zeke.cowork-preflight-watchdog -> unresolved
[2026-04-26T18:38:09.703042+00:00] [INFO] [reconciler-1] restart com.zeke.session-report-card -> unresolved
[2026-04-26T18:38:44.445073+00:00] [INFO] [reconciler-1] DRIFT (not bootout): com.zeke.spark-model-manager not in expected manifest
[2026-04-26T18:38:44.445501+00:00] [INFO] [reconciler-1] DRIFT (not bootout): com.zeke.camel-yt-posts not in expected manifest
[2026-04-26T18:38:44.445666+00:00] [INFO] [reconciler-1] DRIFT (not bootout): com.zeke.btc-trailing-monitor not in expected manifest
[2026-04-26T18:38:44.445799+00:00] [INFO] [reconciler-1] DRIFT (not bootout): com.zeke.camel-twin not in expected manifest
[2026-04-26T18:38:44.445934+00:00] [INFO] [reconciler-1] DRIFT (not bootout): com.zeke.openclaw-browser not in expected manifest
[2026-04-26T18:38:44.446062+00:00] [INFO] [reconciler-1] DRIFT (not bootout): com.zeke.top-signal-weekly not in expected manifest
[2026-04-26T18:38:44.446185+00:00] [INFO] [reconciler-1] DRIFT (not bootout): com.zeke.system-auditor not in expected manifest
[2026-04-26T18:38:44.446307+00:00] [INFO] [reconciler-1] DRIFT (not bootout): com.zeke.model-release-monitor not in expected manifest
[2026-04-26T18:38:44.446430+00:00] [INFO] [reconciler-1] DRIFT (not bootout): com.zeke.capability-scanner not in expected manifest
[2026-04-26T18:38:44.446561+00:00] [INFO] [reconciler-1] DRIFT (not bootout): com.zeke.top-signal-daily not in expected manifest
[2026-04-26T18:38:44.446690+00:00] [INFO] [reconciler-1] DRIFT (not bootout): com.zeke.memory-curator not in expected manifest
[2026-04-26T18:38:44.446818+00:00] [INFO] [reconciler-1] DRIFT (not bootout): com.zeke.unified-api not in expected manifest
[2026-04-26T18:38:44.446934+00:00] [INFO] [reconciler-1] DRIFT (not bootout): com.zeke.mcp-server not in expected manifest
[2026-04-26T18:38:44.447053+00:00] [INFO] [reconciler-1] DRIFT (not bootout): com.zeke.briefing-prestage not in expected manifest
[2026-04-26T18:38:44.447151+00:00] [INFO] [reconciler-1] DRIFT (not bootout): com.zeke.infra-scout not in expected manifest
[2026-04-26T18:38:44.447307+00:00] [INFO] [reconciler-1] DRIFT (not bootout): com.zeke.bi-hourly-assessment not in expected manifest
[2026-04-26T18:38:44.447411+00:00] [INFO] [reconciler-1] DRIFT (not bootout): com.zeke.backtest-results-aggregator not in expected manifest
[2026-04-26T18:38:44.447529+00:00] [INFO] [reconciler-1] DRIFT (not bootout): com.zeke.members-video-extractor not in expected manifest
[2026-04-26T18:38:44.447640+00:00] [INFO] [reconciler-1] DRIFT (not bootout): com.zeke.super-prewarm not in expected manifest
[2026-04-26T18:38:44.447738+00:00] [INFO] [reconciler-1] DRIFT (not bootout): com.zeke.options-analytics not in expected manifest
[2026-04-26T18:38:44.447838+00:00] [INFO] [reconciler-1] DRIFT (not bootout): com.zeke.option-quotes not in expected manifest
[2026-04-26T18:38:44.447943+00:00] [INFO] [reconciler-1] DRIFT (not bootout): com.zeke.feed-guardian not in expected manifest
[2026-04-26T18:38:44.448045+00:00] [INFO] [reconciler-1] DRIFT (not bootout): com.zeke.boot-recovery not in expected manifest
[2026-04-26T18:38:44.448140+00:00] [INFO] [reconciler-1] DRIFT (not bootout): com.zeke.conviction-engine not in expected manifest
[2026-04-26T18:38:44.448235+00:00] [INFO] [reconciler-1] DRIFT (not bootout): com.zeke.camel-daily-video-scanner not in expected manifest
[2026-04-26T18:38:44.448348+00:00] [INFO] [reconciler-1] DRIFT (not bootout): com.zeke.tv-cycle-reader not in expected manifest
[2026-04-26T18:38:44.448444+00:00] [INFO] [reconciler-1] DRIFT (not bootout): com.zeke.research-loop not in expected manifest
[2026-04-26T18:38:44.448541+00:00] [INFO] [reconciler-1] DRIFT (not bootout): com.zeke.correlation-scanner not in expected manifest
[2026-04-26T18:38:44.448635+00:00] [INFO] [reconciler-1] DRIFT (not bootout): com.zeke.fib-pitchfork not in expected manifest
[2026-04-26T18:38:44.448735+00:00] [INFO] [reconciler-1] DRIFT (not bootout): com.zeke.tv-webhook not in expected manifest
[2026-04-26T18:38:44.448836+00:00] [INFO] [reconciler-1] DRIFT (not bootout): com.zeke.qc-agent not in expected manifest
[2026-04-26T18:38:44.448926+00:00] [INFO] [reconciler-1] DRIFT (not bootout): com.zeke.wiki-compiler not in expected manifest
[2026-04-26T18:38:44.449018+00:00] [INFO] [reconciler-1] DRIFT (not bootout): com.zeke.watchdog not in expected manifest
[2026-04-26T18:38:44.449116+00:00] [INFO] [reconciler-1] DRIFT (not bootout): com.zeke.infra-scout-ranker not in expected manifest
[2026-04-26T18:38:44.449219+00:00] [INFO] [reconciler-1] DRIFT (not bootout): com.zeke.multi-scale-top-monitor not in expected manifest
[2026-04-26T18:38:44.449321+00:00] [INFO] [reconciler-1] DRIFT (not bootout): com.zeke.research-engine not in expected manifest
[2026-04-26T18:38:44.449413+00:00] [INFO] [reconciler-1] DRIFT (not bootout): com.zeke.camel-yt-pipeline-v2 not in expected manifest
[2026-04-26T18:38:44.449514+00:00] [INFO] [reconciler-1] DRIFT (not bootout): com.zeke.price-watcher not in expected manifest
[2026-04-26T18:38:44.449611+00:00] [INFO] [reconciler-1] DRIFT (not bootout): com.zeke.conviction-backtest not in expected manifest
[2026-04-26T18:38:44.449710+00:00] [INFO] [reconciler-1] DRIFT (not bootout): com.zeke.camel-x-monitor not in expected manifest
[2026-04-26T18:38:44.449813+00:00] [INFO] [reconciler-1] DRIFT (not bootout): com.zeke.alpha-v3-daily not in expected manifest
[2026-04-26T18:38:44.449913+00:00] [INFO] [reconciler-1] DRIFT (not bootout): com.zeke.bleed-detector not in expected manifest
[2026-04-26T18:38:44.450012+00:00] [INFO] [reconciler-1] DRIFT (not bootout): com.zeke.mcp-watchdog not in expected manifest
[2026-04-26T18:38:44.450531+00:00] [WARN] [reconciler-1] PEER SILENT: orchestrator age=None
[2026-04-26T18:38:44.527471+00:00] [WARN] [reconciler-1] BLOCKED restart com.zeke.cowork-preflight-watchdog — CIRCUIT_OPEN
[2026-04-26T18:38:44.592223+00:00] [WARN] [reconciler-1] BLOCKED restart com.zeke.session-report-card — CIRCUIT_OPEN
[2026-04-26T18:39:18.950018+00:00] [INFO] [reconciler-1] DRIFT (not bootout): com.zeke.spark-model-manager not in expected manifest
[2026-04-26T18:39:18.950539+00:00] [INFO] [reconciler-1] DRIFT (not bootout): com.zeke.camel-yt-posts not in expected manifest
[2026-04-26T18:39:18.950687+00:00] [INFO] [reconciler-1] DRIFT (not bootout): com.zeke.btc-trailing-monitor not in expected manifest
[2026-04-26T18:39:18.950818+00:00] [INFO] [reconciler-1] DRIFT (not bootout): com.zeke.camel-twin not in expected manifest
[2026-04-26T18:39:18.950939+00:00] [INFO] [reconciler-1] DRIFT (not bootout): com.zeke.openclaw-browser not in expected manifest
[2026-04-26T18:39:18.951070+00:00] [INFO] [reconciler-1] DRIFT (not bootout): com.zeke.top-signal-weekly not in expected manifest
[2026-04-26T18:39:18.951205+00:00] [INFO] [reconciler-1] DRIFT (not bootout): com.zeke.system-auditor not in expected manifest
[2026-04-26T18:39:18.951354+00:00] [INFO] [reconciler-1] DRIFT (not bootout): com.zeke.model-release-monitor not in expected manifest
[2026-04-26T18:39:18.951502+00:00] [INFO] [reconciler-1] DRIFT (not bootout): com.zeke.capability-scanner not in expected manifest
[2026-04-26T18:39:18.951630+00:00] [INFO] [reconciler-1] DRIFT (not bootout): com.zeke.top-signal-daily not in expected manifest
[2026-04-26T18:39:18.951752+00:00] [INFO] [reconciler-1] DRIFT (not bootout): com.zeke.memory-curator not in expected manifest
[2026-04-26T18:39:18.951884+00:00] [INFO] [reconciler-1] DRIFT (not bootout): com.zeke.unified-api not in expected manifest
[2026-04-26T18:39:18.952015+00:00] [INFO] [reconciler-1] DRIFT (not bootout): com.zeke.mcp-server not in expected manifest
[2026-04-26T18:39:18.952137+00:00] [INFO] [reconciler-1] DRIFT (not bootout): com.zeke.briefing-prestage not in expected manifest
[2026-04-26T18:39:18.952257+00:00] [INFO] [reconciler-1] DRIFT (not bootout): com.zeke.infra-scout not in expected manifest
[2026-04-26T18:39:18.952376+00:00] [INFO] [reconciler-1] DRIFT (not bootout): com.zeke.bi-hourly-assessment not in expected manifest
[2026-04-26T18:39:18.952494+00:00] [INFO] [reconciler-1] DRIFT (not bootout): com.zeke.backtest-results-aggregator not in expected manifest
[2026-04-26T18:39:18.952606+00:00] [INFO] [reconciler-1] DRIFT (not bootout): com.zeke.members-video-extractor not in expected manifest
[2026-04-26T18:39:18.952714+00:00] [INFO] [reconciler-1] DRIFT (not bootout): com.zeke.super-prewarm not in expected manifest
[2026-04-26T18:39:18.952826+00:00] [INFO] [reconciler-1] DRIFT (not bootout): com.zeke.options-analytics not in expected manifest
[2026-04-26T18:39:18.952938+00:00] [INFO] [reconciler-1] DRIFT (not bootout): com.zeke.option-quotes not in expected manifest
[2026-04-26T18:39:18.953050+00:00] [INFO] [reconciler-1] DRIFT (not bootout): com.zeke.feed-guardian not in expected manifest
[2026-04-26T18:39:18.953179+00:00] [INFO] [reconciler-1] DRIFT (not bootout): com.zeke.boot-recovery not in expected manifest
[2026-04-26T18:39:18.953314+00:00] [INFO] [reconciler-1] DRIFT (not bootout): com.zeke.conviction-engine not in expected manifest
[2026-04-26T18:39:18.953435+00:00] [INFO] [reconciler-1] DRIFT (not bootout): com.zeke.camel-daily-video-scanner not in expected manifest
[2026-04-26T18:39:18.953547+00:00] [INFO] [reconciler-1] DRIFT (not bootout): com.zeke.tv-cycle-reader not in expected manifest
[2026-04-26T18:39:18.953751+00:00] [INFO] [reconciler-1] DRIFT (not bootout): com.zeke.research-loop not in expected manifest
[2026-04-26T18:39:18.953963+00:00] [INFO] [reconciler-1] DRIFT (not bootout): com.zeke.correlation-scanner not in expected manifest
[2026-04-26T18:39:18.954129+00:00] [INFO] [reconciler-1] DRIFT (not bootout): com.zeke.fib-pitchfork not in expected manifest
[2026-04-26T18:39:18.954291+00:00] [INFO] [reconciler-1] DRIFT (not bootout): com.zeke.tv-webhook not in expected manifest
[2026-04-26T18:39:18.954495+00:00] [INFO] [reconciler-1] DRIFT (not bootout): com.zeke.qc-agent not in expected manifest
[2026-04-26T18:39:18.954804+00:00] [INFO] [reconciler-1] DRIFT (not bootout): com.zeke.wiki-compiler not in expected manifest
[2026-04-26T18:39:18.955154+00:00] [INFO] [reconciler-1] DRIFT (not bootout): com.zeke.watchdog not in expected manifest
[2026-04-26T18:39:18.955787+00:00] [INFO] [reconciler-1] DRIFT (not bootout): com.zeke.infra-scout-ranker not in expected manifest
[2026-04-26T18:39:18.955986+00:00] [INFO] [reconciler-1] DRIFT (not bootout): com.zeke.multi-scale-top-monitor not in expected manifest
[2026-04-26T18:39:18.956199+00:00] [INFO] [reconciler-1] DRIFT (not bootout): com.zeke.research-engine not in expected manifest
[2026-04-26T18:39:18.956371+00:00] [INFO] [reconciler-1] DRIFT (not bootout): com.zeke.camel-yt-pipeline-v2 not in expected manifest
[2026-04-26T18:39:18.956482+00:00] [INFO] [reconciler-1] DRIFT (not bootout): com.zeke.price-watcher not in expected manifest
[2026-04-26T18:39:18.956598+00:00] [INFO] [reconciler-1] DRIFT (not bootout): com.zeke.conviction-backtest not in expected manifest
[2026-04-26T18:39:18.956689+00:00] [INFO] [reconciler-1] DRIFT (not bootout): com.zeke.camel-x-monitor not in expected manifest
[2026-04-26T18:39:18.956787+00:00] [INFO] [reconciler-1] DRIFT (not bootout): com.zeke.alpha-v3-daily not in expected manifest
[2026-04-26T18:39:18.956894+00:00] [INFO] [reconciler-1] DRIFT (not bootout): com.zeke.bleed-detector not in expected manifest
[2026-04-26T18:39:18.956994+00:00] [INFO] [reconciler-1] DRIFT (not bootout): com.zeke.mcp-watchdog not in expected manifest
[2026-04-26T18:39:18.957725+00:00] [WARN] [reconciler-1] PEER SILENT: orchestrator age=None
[2026-04-26T18:39:21.139687+00:00] [INFO] [reconciler-1] restart com.zeke.cowork-preflight-watchdog -> unresolved
[2026-04-26T18:39:23.321445+00:00] [INFO] [reconciler-1] restart com.zeke.session-report-card -> unresolved
[2026-04-26T18:39:56.545135+00:00] [INFO] [reconciler-1] DRIFT (not bootout): com.zeke.spark-model-manager not in expected manifest
[2026-04-26T18:39:56.545504+00:00] [INFO] [reconciler-1] DRIFT (not bootout): com.zeke.camel-yt-posts not in expected manifest
[2026-04-26T18:39:56.545610+00:00] [INFO] [reconciler-1] DRIFT (not bootout): com.zeke.btc-trailing-monitor not in expected manifest
[2026-04-26T18:39:56.545700+00:00] [INFO] [reconciler-1] DRIFT (not bootout): com.zeke.camel-twin not in expected manifest
[2026-04-26T18:39:56.545787+00:00] [INFO] [reconciler-1] DRIFT (not bootout): com.zeke.openclaw-browser not in expected manifest
[2026-04-26T18:39:56.545874+00:00] [INFO] [reconciler-1] DRIFT (not bootout): com.zeke.top-signal-weekly not in expected manifest
[2026-04-26T18:39:56.545962+00:00] [INFO] [reconciler-1] DRIFT (not bootout): com.zeke.system-auditor not in expected manifest
[2026-04-26T18:39:56.546050+00:00] [INFO] [reconciler-1] DRIFT (not bootout): com.zeke.model-release-monitor not in expected manifest
[2026-04-26T18:39:56.546136+00:00] [INFO] [reconciler-1] DRIFT (not bootout): com.zeke.capability-scanner not in expected manifest
[2026-04-26T18:39:56.546219+00:00] [INFO] [reconciler-1] DRIFT (not bootout): com.zeke.top-signal-daily not in expected manifest
[2026-04-26T18:39:56.546301+00:00] [INFO] [reconciler-1] DRIFT (not bootout): com.zeke.memory-curator not in expected manifest
[2026-04-26T18:39:56.546391+00:00] [INFO] [reconciler-1] DRIFT (not bootout): com.zeke.unified-api not in expected manifest
[2026-04-26T18:39:56.546477+00:00] [INFO] [reconciler-1] DRIFT (not bootout): com.zeke.mcp-server not in expected manifest
[2026-04-26T18:39:56.546568+00:00] [INFO] [reconciler-1] DRIFT (not bootout): com.zeke.briefing-prestage not in expected manifest
[2026-04-26T18:39:56.546650+00:00] [INFO] [reconciler-1] DRIFT (not bootout): com.zeke.infra-scout not in expected manifest
[2026-04-26T18:39:56.546736+00:00] [INFO] [reconciler-1] DRIFT (not bootout): com.zeke.bi-hourly-assessment not in expected manifest
[2026-04-26T18:39:56.546821+00:00] [INFO] [reconciler-1] DRIFT (not bootout): com.zeke.backtest-results-aggregator not in expected manifest
[2026-04-26T18:39:56.546912+00:00] [INFO] [reconciler-1] DRIFT (not bootout): com.zeke.members-video-extractor not in expected manifest
[2026-04-26T18:39:56.546998+00:00] [INFO] [reconciler-1] DRIFT (not bootout): com.zeke.super-prewarm not in expected manifest
[2026-04-26T18:39:56.547147+00:00] [INFO] [reconciler-1] DRIFT (not bootout): com.zeke.options-analytics not in expected manifest
[2026-04-26T18:39:56.547239+00:00] [INFO] [reconciler-1] DRIFT (not bootout): com.zeke.option-quotes not in expected manifest
[2026-04-26T18:39:56.547329+00:00] [INFO] [reconciler-1] DRIFT (not bootout): com.zeke.feed-guardian not in expected manifest
[2026-04-26T18:39:56.547419+00:00] [INFO] [reconciler-1] DRIFT (not bootout): com.zeke.boot-recovery not in expected manifest
[2026-04-26T18:39:56.547507+00:00] [INFO] [reconciler-1] DRIFT (not bootout): com.zeke.conviction-engine not in expected manifest
[2026-04-26T18:39:56.547597+00:00] [INFO] [reconciler-1] DRIFT (not bootout): com.zeke.camel-daily-video-scanner not in expected manifest
[2026-04-26T18:39:56.547683+00:00] [INFO] [reconciler-1] DRIFT (not bootout): com.zeke.tv-cycle-reader not in expected manifest
[2026-04-26T18:39:56.547767+00:00] [INFO] [reconciler-1] DRIFT (not bootout): com.zeke.research-loop not in expected manifest
[2026-04-26T18:39:56.547849+00:00] [INFO] [reconciler-1] DRIFT (not bootout): com.zeke.correlation-scanner not in expected manifest
[2026-04-26T18:39:56.547932+00:00] [INFO] [reconciler-1] DRIFT (not bootout): com.zeke.fib-pitchfork not in expected manifest
[2026-04-26T18:39:56.548011+00:00] [INFO] [reconciler-1] DRIFT (not bootout): com.zeke.tv-webhook not in expected manifest
[2026-04-26T18:39:56.548095+00:00] [INFO] [reconciler-1] DRIFT (not bootout): com.zeke.qc-agent not in expected manifest
[2026-04-26T18:39:56.548172+00:00] [INFO] [reconciler-1] DRIFT (not bootout): com.zeke.wiki-compiler not in expected manifest
[2026-04-26T18:39:56.548256+00:00] [INFO] [reconciler-1] DRIFT (not bootout): com.zeke.watchdog not in expected manifest
[2026-04-26T18:39:56.548340+00:00] [INFO] [reconciler-1] DRIFT (not bootout): com.zeke.infra-scout-ranker not in expected manifest
[2026-04-26T18:39:56.548425+00:00] [INFO] [reconciler-1] DRIFT (not bootout): com.zeke.multi-scale-top-monitor not in expected manifest
[2026-04-26T18:39:56.548520+00:00] [INFO] [reconciler-1] DRIFT (not bootout): com.zeke.research-engine not in expected manifest
[2026-04-26T18:39:56.548604+00:00] [INFO] [reconciler-1] DRIFT (not bootout): com.zeke.camel-yt-pipeline-v2 not in expected manifest
[2026-04-26T18:39:56.548706+00:00] [INFO] [reconciler-1] DRIFT (not bootout): com.zeke.price-watcher not in expected manifest
[2026-04-26T18:39:56.548825+00:00] [INFO] [reconciler-1] DRIFT (not bootout): com.zeke.conviction-backtest not in expected manifest
[2026-04-26T18:39:56.548955+00:00] [INFO] [reconciler-1] DRIFT (not bootout): com.zeke.camel-x-monitor not in expected manifest
[2026-04-26T18:39:56.549077+00:00] [INFO] [reconciler-1] DRIFT (not bootout): com.zeke.alpha-v3-daily not in expected manifest
[2026-04-26T18:39:56.549232+00:00] [INFO] [reconciler-1] DRIFT (not bootout): com.zeke.bleed-detector not in expected manifest
[2026-04-26T18:39:56.549368+00:00] [INFO] [reconciler-1] DRIFT (not bootout): com.zeke.mcp-watchdog not in expected manifest
[2026-04-26T18:39:56.550118+00:00] [WARN] [reconciler-1] PEER SILENT: orchestrator age=None
[2026-04-26T18:39:58.732111+00:00] [INFO] [reconciler-1] restart com.zeke.cowork-preflight-watchdog -> unresolved
[2026-04-26T18:40:00.916109+00:00] [INFO] [reconciler-1] restart com.zeke.session-report-card -> unresolved
[2026-04-26T18:40:35.457673+00:00] [INFO] [reconciler-1] DRIFT (not bootout): com.zeke.spark-model-manager not in expected manifest
[2026-04-26T18:40:35.457890+00:00] [INFO] [reconciler-1] DRIFT (not bootout): com.zeke.camel-yt-posts not in expected manifest
[2026-04-26T18:40:35.458042+00:00] [INFO] [reconciler-1] DRIFT (not bootout): com.zeke.btc-trailing-monitor not in expected manifest
[2026-04-26T18:40:35.458174+00:00] [INFO] [reconciler-1] DRIFT (not bootout): com.zeke.camel-twin not in expected manifest
[2026-04-26T18:40:35.458281+00:00] [INFO] [reconciler-1] DRIFT (not bootout): com.zeke.openclaw-browser not in expected manifest
[2026-04-26T18:40:35.458387+00:00] [INFO] [reconciler-1] DRIFT (not bootout): com.zeke.top-signal-weekly not in expected manifest
[2026-04-26T18:40:35.458588+00:00] [INFO] [reconciler-1] DRIFT (not bootout): com.zeke.system-auditor not in expected manifest
[2026-04-26T18:40:35.458699+00:00] [INFO] [reconciler-1] DRIFT (not bootout): com.zeke.model-release-monitor not in expected manifest
[2026-04-26T18:40:35.458830+00:00] [INFO] [reconciler-1] DRIFT (not bootout): com.zeke.capability-scanner not in expected manifest
[2026-04-26T18:40:35.458922+00:00] [INFO] [reconciler-1] DRIFT (not bootout): com.zeke.top-signal-daily not in expected manifest
[2026-04-26T18:40:35.459018+00:00] [INFO] [reconciler-1] DRIFT (not bootout): com.zeke.memory-curator not in expected manifest
[2026-04-26T18:40:35.459118+00:00] [INFO] [reconciler-1] DRIFT (not bootout): com.zeke.unified-api not in expected manifest
[2026-04-26T18:40:35.459216+00:00] [INFO] [reconciler-1] DRIFT (not bootout): com.zeke.mcp-server not in expected manifest
[2026-04-26T18:40:35.459308+00:00] [INFO] [reconciler-1] DRIFT (not bootout): com.zeke.briefing-prestage not in expected manifest
[2026-04-26T18:40:35.459395+00:00] [INFO] [reconciler-1] DRIFT (not bootout): com.zeke.infra-scout not in expected manifest
[2026-04-26T18:40:35.459493+00:00] [INFO] [reconciler-1] DRIFT (not bootout): com.zeke.bi-hourly-assessment not in expected manifest
[2026-04-26T18:40:35.459590+00:00] [INFO] [reconciler-1] DRIFT (not bootout): com.zeke.backtest-results-aggregator not in expected manifest
[2026-04-26T18:40:35.459688+00:00] [INFO] [reconciler-1] DRIFT (not bootout): com.zeke.members-video-extractor not in expected manifest
[2026-04-26T18:40:35.459785+00:00] [INFO] [reconciler-1] DRIFT (not bootout): com.zeke.super-prewarm not in expected manifest
[2026-04-26T18:40:35.459874+00:00] [INFO] [reconciler-1] DRIFT (not bootout): com.zeke.options-analytics not in expected manifest
[2026-04-26T18:40:35.459959+00:00] [INFO] [reconciler-1] DRIFT (not bootout): com.zeke.option-quotes not in expected manifest
[2026-04-26T18:40:35.460058+00:00] [INFO] [reconciler-1] DRIFT (not bootout): com.zeke.feed-guardian not in expected manifest
[2026-04-26T18:40:35.460142+00:00] [INFO] [reconciler-1] DRIFT (not bootout): com.zeke.boot-recovery not in expected manifest
[2026-04-26T18:40:35.460239+00:00] [INFO] [reconciler-1] DRIFT (not bootout): com.zeke.conviction-engine not in expected manifest
[2026-04-26T18:40:35.460334+00:00] [INFO] [reconciler-1] DRIFT (not bootout): com.zeke.camel-daily-video-scanner not in expected manifest
[2026-04-26T18:40:35.460426+00:00] [INFO] [reconciler-1] DRIFT (not bootout): com.zeke.tv-cycle-reader not in expected manifest
[2026-04-26T18:40:35.460517+00:00] [INFO] [reconciler-1] DRIFT (not bootout): com.zeke.research-loop not in expected manifest
[2026-04-26T18:40:35.460618+00:00] [INFO] [reconciler-1] DRIFT (not bootout): com.zeke.correlation-scanner not in expected manifest
[2026-04-26T18:40:35.460712+00:00] [INFO] [reconciler-1] DRIFT (not bootout): com.zeke.fib-pitchfork not in expected manifest
[2026-04-26T18:40:35.460796+00:00] [INFO] [reconciler-1] DRIFT (not bootout): com.zeke.tv-webhook not in expected manifest
[2026-04-26T18:40:35.460884+00:00] [INFO] [reconciler-1] DRIFT (not bootout): com.zeke.qc-agent not in expected manifest
[2026-04-26T18:40:35.460978+00:00] [INFO] [reconciler-1] DRIFT (not bootout): com.zeke.wiki-compiler not in expected manifest
[2026-04-26T18:40:35.461065+00:00] [INFO] [reconciler-1] DRIFT (not bootout): com.zeke.watchdog not in expected manifest
[2026-04-26T18:40:35.461162+00:00] [INFO] [reconciler-1] DRIFT (not bootout): com.zeke.infra-scout-ranker not in expected manifest
[2026-04-26T18:40:35.461254+00:00] [INFO] [reconciler-1] DRIFT (not bootout): com.zeke.multi-scale-top-monitor not in expected manifest
[2026-04-26T18:40:35.461349+00:00] [INFO] [reconciler-1] DRIFT (not bootout): com.zeke.research-engine not in expected manifest
[2026-04-26T18:40:35.461443+00:00] [INFO] [reconciler-1] DRIFT (not bootout): com.zeke.camel-yt-pipeline-v2 not in expected manifest
[2026-04-26T18:40:35.461536+00:00] [INFO] [reconciler-1] DRIFT (not bootout): com.zeke.price-watcher not in expected manifest
[2026-04-26T18:40:35.461712+00:00] [INFO] [reconciler-1] DRIFT (not bootout): com.zeke.conviction-backtest not in expected manifest
[2026-04-26T18:40:35.461820+00:00] [INFO] [reconciler-1] DRIFT (not bootout): com.zeke.camel-x-monitor not in expected manifest
[2026-04-26T18:40:35.461932+00:00] [INFO] [reconciler-1] DRIFT (not bootout): com.zeke.alpha-v3-daily not in expected manifest
[2026-04-26T18:40:35.462058+00:00] [INFO] [reconciler-1] DRIFT (not bootout): com.zeke.bleed-detector not in expected manifest
[2026-04-26T18:40:35.462184+00:00] [INFO] [reconciler-1] DRIFT (not bootout): com.zeke.mcp-watchdog not in expected manifest
[2026-04-26T18:40:35.462886+00:00] [WARN] [reconciler-1] PEER SILENT: orchestrator age=None
[2026-04-26T18:40:37.644395+00:00] [INFO] [reconciler-1] restart com.zeke.cowork-executor -> ok
[2026-04-26T18:40:39.829381+00:00] [INFO] [reconciler-1] restart com.zeke.cowork-preflight-watchdog -> unresolved
[2026-04-26T18:40:41.856916+00:00] [INFO] [reconciler-1] restart com.zeke.session-report-card -> unresolved
[2026-04-26T18:41:12.742532+00:00] [INFO] [reconciler-1] DRIFT (not bootout): com.zeke.spark-model-manager not in expected manifest
[2026-04-26T18:41:12.743217+00:00] [INFO] [reconciler-1] DRIFT (not bootout): com.zeke.camel-yt-posts not in expected manifest
[2026-04-26T18:41:12.743518+00:00] [INFO] [reconciler-1] DRIFT (not bootout): com.zeke.btc-trailing-monitor not in expected manifest
[2026-04-26T18:41:12.743699+00:00] [INFO] [reconciler-1] DRIFT (not bootout): com.zeke.camel-twin not in expected manifest
[2026-04-26T18:41:12.743845+00:00] [INFO] [reconciler-1] DRIFT (not bootout): com.zeke.openclaw-browser not in expected manifest
[2026-04-26T18:41:12.743982+00:00] [INFO] [reconciler-1] DRIFT (not bootout): com.zeke.top-signal-weekly not in expected manifest
[2026-04-26T18:41:12.744178+00:00] [INFO] [reconciler-1] DRIFT (not bootout): com.zeke.system-auditor not in expected manifest
[2026-04-26T18:41:12.744358+00:00] [INFO] [reconciler-1] DRIFT (not bootout): com.zeke.model-release-monitor not in expected manifest
[2026-04-26T18:41:12.744504+00:00] [INFO] [reconciler-1] DRIFT (not bootout): com.zeke.capability-scanner not in expected manifest
[2026-04-26T18:41:12.744635+00:00] [INFO] [reconciler-1] DRIFT (not bootout): com.zeke.top-signal-daily not in expected manifest
[2026-04-26T18:41:12.744766+00:00] [INFO] [reconciler-1] DRIFT (not bootout): com.zeke.memory-curator not in expected manifest
[2026-04-26T18:41:12.744895+00:00] [INFO] [reconciler-1] DRIFT (not bootout): com.zeke.unified-api not in expected manifest
[2026-04-26T18:41:12.745014+00:00] [INFO] [reconciler-1] DRIFT (not bootout): com.zeke.mcp-server not in expected manifest
[2026-04-26T18:41:12.745130+00:00] [INFO] [reconciler-1] DRIFT (not bootout): com.zeke.briefing-prestage not in expected manifest
[2026-04-26T18:41:12.745249+00:00] [INFO] [reconciler-1] DRIFT (not bootout): com.zeke.infra-scout not in expected manifest
[2026-04-26T18:41:12.745370+00:00] [INFO] [reconciler-1] DRIFT (not bootout): com.zeke.bi-hourly-assessment not in expected manifest
[2026-04-26T18:41:12.745490+00:00] [INFO] [reconciler-1] DRIFT (not bootout): com.zeke.backtest-results-aggregator not in expected manifest
[2026-04-26T18:41:12.745606+00:00] [INFO] [reconciler-1] DRIFT (not bootout): com.zeke.members-video-extractor not in expected manifest
[2026-04-26T18:41:12.745721+00:00] [INFO] [reconciler-1] DRIFT (not bootout): com.zeke.super-prewarm not in expected manifest
[2026-04-26T18:41:12.745831+00:00] [INFO] [reconciler-1] DRIFT (not bootout): com.zeke.options-analytics not in expected manifest
[2026-04-26T18:41:12.745940+00:00] [INFO] [reconciler-1] DRIFT (not bootout): com.zeke.option-quotes not in expected manifest
[2026-04-26T18:41:12.746045+00:00] [INFO] [reconciler-1] DRIFT (not bootout): com.zeke.feed-guardian not in expected manifest
[2026-04-26T18:41:12.746151+00:00] [INFO] [reconciler-1] DRIFT (not bootout): com.zeke.boot-recovery not in expected manifest
[2026-04-26T18:41:12.746350+00:00] [INFO] [reconciler-1] DRIFT (not bootout): com.zeke.conviction-engine not in expected manifest
[2026-04-26T18:41:12.746480+00:00] [INFO] [reconciler-1] DRIFT (not bootout): com.zeke.camel-daily-video-scanner not in expected manifest
[2026-04-26T18:41:12.746591+00:00] [INFO] [reconciler-1] DRIFT (not bootout): com.zeke.tv-cycle-reader not in expected manifest
[2026-04-26T18:41:12.746702+00:00] [INFO] [reconciler-1] DRIFT (not bootout): com.zeke.research-loop not in expected manifest
[2026-04-26T18:41:12.746807+00:00] [INFO] [reconciler-1] DRIFT (not bootout): com.zeke.correlation-scanner not in expected manifest
[2026-04-26T18:41:12.746906+00:00] [INFO] [reconciler-1] DRIFT (not bootout): com.zeke.fib-pitchfork not in expected manifest
[2026-04-26T18:41:12.746995+00:00] [INFO] [reconciler-1] DRIFT (not bootout): com.zeke.tv-webhook not in expected manifest
[2026-04-26T18:41:12.747084+00:00] [INFO] [reconciler-1] DRIFT (not bootout): com.zeke.qc-agent not in expected manifest
[2026-04-26T18:41:12.747167+00:00] [INFO] [reconciler-1] DRIFT (not bootout): com.zeke.wiki-compiler not in expected manifest
[2026-04-26T18:41:12.747255+00:00] [INFO] [reconciler-1] DRIFT (not bootout): com.zeke.watchdog not in expected manifest
[2026-04-26T18:41:12.747345+00:00] [INFO] [reconciler-1] DRIFT (not bootout): com.zeke.infra-scout-ranker not in expected manifest
[2026-04-26T18:41:12.747431+00:00] [INFO] [reconciler-1] DRIFT (not bootout): com.zeke.multi-scale-top-monitor not in expected manifest
[2026-04-26T18:41:12.747523+00:00] [INFO] [reconciler-1] DRIFT (not bootout): com.zeke.research-engine not in expected manifest
[2026-04-26T18:41:12.747612+00:00] [INFO] [reconciler-1] DRIFT (not bootout): com.zeke.camel-yt-pipeline-v2 not in expected manifest
[2026-04-26T18:41:12.747711+00:00] [INFO] [reconciler-1] DRIFT (not bootout): com.zeke.price-watcher not in expected manifest
[2026-04-26T18:41:12.747793+00:00] [INFO] [reconciler-1] DRIFT (not bootout): com.zeke.conviction-backtest not in expected manifest
[2026-04-26T18:41:12.747873+00:00] [INFO] [reconciler-1] DRIFT (not bootout): com.zeke.camel-x-monitor not in expected manifest
[2026-04-26T18:41:12.747955+00:00] [INFO] [reconciler-1] DRIFT (not bootout): com.zeke.alpha-v3-daily not in expected manifest
[2026-04-26T18:41:12.748037+00:00] [INFO] [reconciler-1] DRIFT (not bootout): com.zeke.bleed-detector not in expected manifest
[2026-04-26T18:41:12.748119+00:00] [INFO] [reconciler-1] DRIFT (not bootout): com.zeke.mcp-watchdog not in expected manifest
[2026-04-26T18:41:12.748634+00:00] [WARN] [reconciler-1] PEER SILENT: orchestrator age=None
[2026-04-26T18:41:12.820469+00:00] [WARN] [reconciler-1] BLOCKED restart com.zeke.cowork-preflight-watchdog — CIRCUIT_OPEN
[2026-04-26T18:41:12.879635+00:00] [WARN] [reconciler-1] BLOCKED restart com.zeke.session-report-card — CIRCUIT_OPEN
[2026-04-26T18:41:47.548507+00:00] [INFO] [reconciler-1] DRIFT (not bootout): com.zeke.spark-model-manager not in expected manifest
[2026-04-26T18:41:47.548933+00:00] [INFO] [reconciler-1] DRIFT (not bootout): com.zeke.camel-yt-posts not in expected manifest
[2026-04-26T18:41:47.549096+00:00] [INFO] [reconciler-1] DRIFT (not bootout): com.zeke.btc-trailing-monitor not in expected manifest
[2026-04-26T18:41:47.549241+00:00] [INFO] [reconciler-1] DRIFT (not bootout): com.zeke.camel-twin not in expected manifest
[2026-04-26T18:41:47.549381+00:00] [INFO] [reconciler-1] DRIFT (not bootout): com.zeke.openclaw-browser not in expected manifest
[2026-04-26T18:41:47.549503+00:00] [INFO] [reconciler-1] DRIFT (not bootout): com.zeke.top-signal-weekly not in expected manifest
[2026-04-26T18:41:47.549627+00:00] [INFO] [reconciler-1] DRIFT (not bootout): com.zeke.system-auditor not in expected manifest
[2026-04-26T18:41:47.549743+00:00] [INFO] [reconciler-1] DRIFT (not bootout): com.zeke.model-release-monitor not in expected manifest
[2026-04-26T18:41:47.549861+00:00] [INFO] [reconciler-1] DRIFT (not bootout): com.zeke.capability-scanner not in expected manifest
[2026-04-26T18:41:47.549976+00:00] [INFO] [reconciler-1] DRIFT (not bootout): com.zeke.top-signal-daily not in expected manifest
[2026-04-26T18:41:47.550209+00:00] [INFO] [reconciler-1] DRIFT (not bootout): com.zeke.memory-curator not in expected manifest
[2026-04-26T18:41:47.550335+00:00] [INFO] [reconciler-1] DRIFT (not bootout): com.zeke.unified-api not in expected manifest
[2026-04-26T18:41:47.550454+00:00] [INFO] [reconciler-1] DRIFT (not bootout): com.zeke.mcp-server not in expected manifest
[2026-04-26T18:41:47.550562+00:00] [INFO] [reconciler-1] DRIFT (not bootout): com.zeke.briefing-prestage not in expected manifest
[2026-04-26T18:41:47.550671+00:00] [INFO] [reconciler-1] DRIFT (not bootout): com.zeke.infra-scout not in expected manifest
[2026-04-26T18:41:47.550785+00:00] [INFO] [reconciler-1] DRIFT (not bootout): com.zeke.bi-hourly-assessment not in expected manifest
[2026-04-26T18:41:47.550892+00:00] [INFO] [reconciler-1] DRIFT (not bootout): com.zeke.backtest-results-aggregator not in expected manifest
[2026-04-26T18:41:47.550999+00:00] [INFO] [reconciler-1] DRIFT (not bootout): com.zeke.members-video-extractor not in expected manifest
[2026-04-26T18:41:47.551106+00:00] [INFO] [reconciler-1] DRIFT (not bootout): com.zeke.super-prewarm not in expected manifest
[2026-04-26T18:41:47.551212+00:00] [INFO] [reconciler-1] DRIFT (not bootout): com.zeke.options-analytics not in expected manifest
[2026-04-26T18:41:47.551317+00:00] [INFO] [reconciler-1] DRIFT (not bootout): com.zeke.option-quotes not in expected manifest
[2026-04-26T18:41:47.551421+00:00] [INFO] [reconciler-1] DRIFT (not bootout): com.zeke.feed-guardian not in expected manifest
[2026-04-26T18:41:47.551524+00:00] [INFO] [reconciler-1] DRIFT (not bootout): com.zeke.boot-recovery not in expected manifest
[2026-04-26T18:41:47.551627+00:00] [INFO] [reconciler-1] DRIFT (not bootout): com.zeke.conviction-engine not in expected manifest
[2026-04-26T18:41:47.551735+00:00] [INFO] [reconciler-1] DRIFT (not bootout): com.zeke.camel-daily-video-scanner not in expected manifest
[2026-04-26T18:41:47.551830+00:00] [INFO] [reconciler-1] DRIFT (not bootout): com.zeke.tv-cycle-reader not in expected manifest
[2026-04-26T18:41:47.551933+00:00] [INFO] [reconciler-1] DRIFT (not bootout): com.zeke.research-loop not in expected manifest
[2026-04-26T18:41:47.552038+00:00] [INFO] [reconciler-1] DRIFT (not bootout): com.zeke.correlation-scanner not in expected manifest
[2026-04-26T18:41:47.552141+00:00] [INFO] [reconciler-1] DRIFT (not bootout): com.zeke.fib-pitchfork not in expected manifest
[2026-04-26T18:41:47.552243+00:00] [INFO] [reconciler-1] DRIFT (not bootout): com.zeke.tv-webhook not in expected manifest
[2026-04-26T18:41:47.552339+00:00] [INFO] [reconciler-1] DRIFT (not bootout): com.zeke.qc-agent not in expected manifest
[2026-04-26T18:41:47.552444+00:00] [INFO] [reconciler-1] DRIFT (not bootout): com.zeke.wiki-compiler not in expected manifest
[2026-04-26T18:41:47.552549+00:00] [INFO] [reconciler-1] DRIFT (not bootout): com.zeke.watchdog not in expected manifest
[2026-04-26T18:41:47.552655+00:00] [INFO] [reconciler-1] DRIFT (not bootout): com.zeke.infra-scout-ranker not in expected manifest
[2026-04-26T18:41:47.552761+00:00] [INFO] [reconciler-1] DRIFT (not bootout): com.zeke.multi-scale-top-monitor not in expected manifest
[2026-04-26T18:41:47.552858+00:00] [INFO] [reconciler-1] DRIFT (not bootout): com.zeke.research-engine not in expected manifest
[2026-04-26T18:41:47.552952+00:00] [INFO] [reconciler-1] DRIFT (not bootout): com.zeke.camel-yt-pipeline-v2 not in expected manifest
[2026-04-26T18:41:47.553055+00:00] [INFO] [reconciler-1] DRIFT (not bootout): com.zeke.price-watcher not in expected manifest
[2026-04-26T18:41:47.553168+00:00] [INFO] [reconciler-1] DRIFT (not bootout): com.zeke.conviction-backtest not in expected manifest
[2026-04-26T18:41:47.553281+00:00] [INFO] [reconciler-1] DRIFT (not bootout): com.zeke.camel-x-monitor not in expected manifest
[2026-04-26T18:41:47.553387+00:00] [INFO] [reconciler-1] DRIFT (not bootout): com.zeke.alpha-v3-daily not in expected manifest
[2026-04-26T18:41:47.553512+00:00] [INFO] [reconciler-1] DRIFT (not bootout): com.zeke.bleed-detector not in expected manifest
[2026-04-26T18:41:47.553634+00:00] [INFO] [reconciler-1] DRIFT (not bootout): com.zeke.mcp-watchdog not in expected manifest
[2026-04-26T18:41:47.554415+00:00] [WARN] [reconciler-1] PEER SILENT: orchestrator age=None
[2026-04-26T18:41:49.737124+00:00] [INFO] [reconciler-1] restart com.zeke.cowork-preflight-watchdog -> unresolved
[2026-04-26T18:41:51.921100+00:00] [INFO] [reconciler-1] restart com.zeke.session-report-card -> unresolved
[2026-04-26T18:42:24.352740+00:00] [INFO] [reconciler-1] DRIFT (not bootout): com.zeke.spark-model-manager not in expected manifest
[2026-04-26T18:42:24.353533+00:00] [INFO] [reconciler-1] DRIFT (not bootout): com.zeke.camel-yt-posts not in expected manifest
[2026-04-26T18:42:24.353807+00:00] [INFO] [reconciler-1] DRIFT (not bootout): com.zeke.btc-trailing-monitor not in expected manifest
[2026-04-26T18:42:24.353981+00:00] [INFO] [reconciler-1] DRIFT (not bootout): com.zeke.camel-twin not in expected manifest
[2026-04-26T18:42:24.354121+00:00] [INFO] [reconciler-1] DRIFT (not bootout): com.zeke.openclaw-browser not in expected manifest
[2026-04-26T18:42:24.354260+00:00] [INFO] [reconciler-1] DRIFT (not bootout): com.zeke.top-signal-weekly not in expected manifest
[2026-04-26T18:42:24.354385+00:00] [INFO] [reconciler-1] DRIFT (not bootout): com.zeke.system-auditor not in expected manifest
[2026-04-26T18:42:24.354501+00:00] [INFO] [reconciler-1] DRIFT (not bootout): com.zeke.model-release-monitor not in expected manifest
[2026-04-26T18:42:24.354627+00:00] [INFO] [reconciler-1] DRIFT (not bootout): com.zeke.capability-scanner not in expected manifest
[2026-04-26T18:42:24.354742+00:00] [INFO] [reconciler-1] DRIFT (not bootout): com.zeke.top-signal-daily not in expected manifest
[2026-04-26T18:42:24.354853+00:00] [INFO] [reconciler-1] DRIFT (not bootout): com.zeke.memory-curator not in expected manifest
[2026-04-26T18:42:24.354969+00:00] [INFO] [reconciler-1] DRIFT (not bootout): com.zeke.unified-api not in expected manifest
[2026-04-26T18:42:24.355091+00:00] [INFO] [reconciler-1] DRIFT (not bootout): com.zeke.mcp-server not in expected manifest
[2026-04-26T18:42:24.355204+00:00] [INFO] [reconciler-1] DRIFT (not bootout): com.zeke.briefing-prestage not in expected manifest
[2026-04-26T18:42:24.355333+00:00] [INFO] [reconciler-1] DRIFT (not bootout): com.zeke.infra-scout not in expected manifest
[2026-04-26T18:42:24.355461+00:00] [INFO] [reconciler-1] DRIFT (not bootout): com.zeke.bi-hourly-assessment not in expected manifest
[2026-04-26T18:42:24.355564+00:00] [INFO] [reconciler-1] DRIFT (not bootout): com.zeke.backtest-results-aggregator not in expected manifest
[2026-04-26T18:42:24.355680+00:00] [INFO] [reconciler-1] DRIFT (not bootout): com.zeke.members-video-extractor not in expected manifest
[2026-04-26T18:42:24.355789+00:00] [INFO] [reconciler-1] DRIFT (not bootout): com.zeke.super-prewarm not in expected manifest
[2026-04-26T18:42:24.355885+00:00] [INFO] [reconciler-1] DRIFT (not bootout): com.zeke.options-analytics not in expected manifest
[2026-04-26T18:42:24.355990+00:00] [INFO] [reconciler-1] DRIFT (not bootout): com.zeke.option-quotes not in expected manifest
[2026-04-26T18:42:24.356092+00:00] [INFO] [reconciler-1] DRIFT (not bootout): com.zeke.feed-guardian not in expected manifest
[2026-04-26T18:42:24.356185+00:00] [INFO] [reconciler-1] DRIFT (not bootout): com.zeke.boot-recovery not in expected manifest
[2026-04-26T18:42:24.356287+00:00] [INFO] [reconciler-1] DRIFT (not bootout): com.zeke.conviction-engine not in expected manifest
[2026-04-26T18:42:24.356393+00:00] [INFO] [reconciler-1] DRIFT (not bootout): com.zeke.camel-daily-video-scanner not in expected manifest
[2026-04-26T18:42:24.356487+00:00] [INFO] [reconciler-1] DRIFT (not bootout): com.zeke.tv-cycle-reader not in expected manifest
[2026-04-26T18:42:24.356582+00:00] [INFO] [reconciler-1] DRIFT (not bootout): com.zeke.research-loop not in expected manifest
[2026-04-26T18:42:24.356676+00:00] [INFO] [reconciler-1] DRIFT (not bootout): com.zeke.correlation-scanner not in expected manifest
[2026-04-26T18:42:24.356770+00:00] [INFO] [reconciler-1] DRIFT (not bootout): com.zeke.fib-pitchfork not in expected manifest
[2026-04-26T18:42:24.356860+00:00] [INFO] [reconciler-1] DRIFT (not bootout): com.zeke.tv-webhook not in expected manifest
[2026-04-26T18:42:24.356953+00:00] [INFO] [reconciler-1] DRIFT (not bootout): com.zeke.qc-agent not in expected manifest
[2026-04-26T18:42:24.357046+00:00] [INFO] [reconciler-1] DRIFT (not bootout): com.zeke.wiki-compiler not in expected manifest
[2026-04-26T18:42:24.357152+00:00] [INFO] [reconciler-1] DRIFT (not bootout): com.zeke.watchdog not in expected manifest
[2026-04-26T18:42:24.357245+00:00] [INFO] [reconciler-1] DRIFT (not bootout): com.zeke.infra-scout-ranker not in expected manifest
[2026-04-26T18:42:24.357343+00:00] [INFO] [reconciler-1] DRIFT (not bootout): com.zeke.multi-scale-top-monitor not in expected manifest
[2026-04-26T18:42:24.357429+00:00] [INFO] [reconciler-1] DRIFT (not bootout): com.zeke.research-engine not in expected manifest
[2026-04-26T18:42:24.357524+00:00] [INFO] [reconciler-1] DRIFT (not bootout): com.zeke.camel-yt-pipeline-v2 not in expected manifest
[2026-04-26T18:42:24.357619+00:00] [INFO] [reconciler-1] DRIFT (not bootout): com.zeke.price-watcher not in expected manifest
[2026-04-26T18:42:24.357713+00:00] [INFO] [reconciler-1] DRIFT (not bootout): com.zeke.conviction-backtest not in expected manifest
[2026-04-26T18:42:24.357797+00:00] [INFO] [reconciler-1] DRIFT (not bootout): com.zeke.camel-x-monitor not in expected manifest
[2026-04-26T18:42:24.357885+00:00] [INFO] [reconciler-1] DRIFT (not bootout): com.zeke.alpha-v3-daily not in expected manifest
[2026-04-26T18:42:24.357974+00:00] [INFO] [reconciler-1] DRIFT (not bootout): com.zeke.bleed-detector not in expected manifest
[2026-04-26T18:42:24.358060+00:00] [INFO] [reconciler-1] DRIFT (not bootout): com.zeke.mcp-watchdog not in expected manifest
[2026-04-26T18:42:24.358705+00:00] [WARN] [reconciler-1] PEER SILENT: orchestrator age=None
[2026-04-26T18:42:26.538450+00:00] [INFO] [reconciler-1] restart com.zeke.cowork-executor -> ok
[2026-04-26T18:42:28.721568+00:00] [INFO] [reconciler-1] restart com.zeke.cowork-preflight-watchdog -> unresolved
[2026-04-26T18:42:30.905538+00:00] [INFO] [reconciler-1] restart com.zeke.session-report-card -> unresolved
[2026-04-26T18:43:01.732453+00:00] [INFO] [reconciler-1] DRIFT (not bootout): com.zeke.spark-model-manager not in expected manifest
[2026-04-26T18:43:01.732738+00:00] [INFO] [reconciler-1] DRIFT (not bootout): com.zeke.camel-yt-posts not in expected manifest
[2026-04-26T18:43:01.732903+00:00] [INFO] [reconciler-1] DRIFT (not bootout): com.zeke.btc-trailing-monitor not in expected manifest
[2026-04-26T18:43:01.733046+00:00] [INFO] [reconciler-1] DRIFT (not bootout): com.zeke.camel-twin not in expected manifest
[2026-04-26T18:43:01.733169+00:00] [INFO] [reconciler-1] DRIFT (not bootout): com.zeke.openclaw-browser not in expected manifest
[2026-04-26T18:43:01.733285+00:00] [INFO] [reconciler-1] DRIFT (not bootout): com.zeke.top-signal-weekly not in expected manifest
[2026-04-26T18:43:01.733402+00:00] [INFO] [reconciler-1] DRIFT (not bootout): com.zeke.system-auditor not in expected manifest
[2026-04-26T18:43:01.733509+00:00] [INFO] [reconciler-1] DRIFT (not bootout): com.zeke.model-release-monitor not in expected manifest
[2026-04-26T18:43:01.733619+00:00] [INFO] [reconciler-1] DRIFT (not bootout): com.zeke.capability-scanner not in expected manifest
[2026-04-26T18:43:01.733762+00:00] [INFO] [reconciler-1] DRIFT (not bootout): com.zeke.top-signal-daily not in expected manifest
[2026-04-26T18:43:01.733861+00:00] [INFO] [reconciler-1] DRIFT (not bootout): com.zeke.memory-curator not in expected manifest
[2026-04-26T18:43:01.733974+00:00] [INFO] [reconciler-1] DRIFT (not bootout): com.zeke.unified-api not in expected manifest
[2026-04-26T18:43:01.734080+00:00] [INFO] [reconciler-1] DRIFT (not bootout): com.zeke.mcp-server not in expected manifest
[2026-04-26T18:43:01.734178+00:00] [INFO] [reconciler-1] DRIFT (not bootout): com.zeke.briefing-prestage not in expected manifest
[2026-04-26T18:43:01.734285+00:00] [INFO] [reconciler-1] DRIFT (not bootout): com.zeke.infra-scout not in expected manifest
[2026-04-26T18:43:01.734382+00:00] [INFO] [reconciler-1] DRIFT (not bootout): com.zeke.bi-hourly-assessment not in expected manifest
[2026-04-26T18:43:01.734471+00:00] [INFO] [reconciler-1] DRIFT (not bootout): com.zeke.backtest-results-aggregator not in expected manifest
[2026-04-26T18:43:01.734560+00:00] [INFO] [reconciler-1] DRIFT (not bootout): com.zeke.members-video-extractor not in expected manifest
[2026-04-26T18:43:01.734649+00:00] [INFO] [reconciler-1] DRIFT (not bootout): com.zeke.super-prewarm not in expected manifest
[2026-04-26T18:43:01.734737+00:00] [INFO] [reconciler-1] DRIFT (not bootout): com.zeke.options-analytics not in expected manifest
[2026-04-26T18:43:01.734823+00:00] [INFO] [reconciler-1] DRIFT (not bootout): com.zeke.option-quotes not in expected manifest
[2026-04-26T18:43:01.734919+00:00] [INFO] [reconciler-1] DRIFT (not bootout): com.zeke.feed-guardian not in expected manifest
[2026-04-26T18:43:01.735009+00:00] [INFO] [reconciler-1] DRIFT (not bootout): com.zeke.boot-recovery not in expected manifest
[2026-04-26T18:43:01.735101+00:00] [INFO] [reconciler-1] DRIFT (not bootout): com.zeke.conviction-engine not in expected manifest
[2026-04-26T18:43:01.735196+00:00] [INFO] [reconciler-1] DRIFT (not bootout): com.zeke.camel-daily-video-scanner not in expected manifest
[2026-04-26T18:43:01.735290+00:00] [INFO] [reconciler-1] DRIFT (not bootout): com.zeke.tv-cycle-reader not in expected manifest
[2026-04-26T18:43:01.735382+00:00] [INFO] [reconciler-1] DRIFT (not bootout): com.zeke.research-loop not in expected manifest
[2026-04-26T18:43:01.735474+00:00] [INFO] [reconciler-1] DRIFT (not bootout): com.zeke.correlation-scanner not in expected manifest
[2026-04-26T18:43:01.735561+00:00] [INFO] [reconciler-1] DRIFT (not bootout): com.zeke.fib-pitchfork not in expected manifest
[2026-04-26T18:43:01.735650+00:00] [INFO] [reconciler-1] DRIFT (not bootout): com.zeke.tv-webhook not in expected manifest
[2026-04-26T18:43:01.735742+00:00] [INFO] [reconciler-1] DRIFT (not bootout): com.zeke.qc-agent not in expected manifest
[2026-04-26T18:43:01.735834+00:00] [INFO] [reconciler-1] DRIFT (not bootout): com.zeke.wiki-compiler not in expected manifest
[2026-04-26T18:43:01.735928+00:00] [INFO] [reconciler-1] DRIFT (not bootout): com.zeke.watchdog not in expected manifest
[2026-04-26T18:43:01.736025+00:00] [INFO] [reconciler-1] DRIFT (not bootout): com.zeke.infra-scout-ranker not in expected manifest
[2026-04-26T18:43:01.736122+00:00] [INFO] [reconciler-1] DRIFT (not bootout): com.zeke.multi-scale-top-monitor not in expected manifest
[2026-04-26T18:43:01.736213+00:00] [INFO] [reconciler-1] DRIFT (not bootout): com.zeke.research-engine not in expected manifest
[2026-04-26T18:43:01.736305+00:00] [INFO] [reconciler-1] DRIFT (not bootout): com.zeke.camel-yt-pipeline-v2 not in expected manifest
[2026-04-26T18:43:01.736399+00:00] [INFO] [reconciler-1] DRIFT (not bootout): com.zeke.price-watcher not in expected manifest
[2026-04-26T18:43:01.736485+00:00] [INFO] [reconciler-1] DRIFT (not bootout): com.zeke.conviction-backtest not in expected manifest
[2026-04-26T18:43:01.736576+00:00] [INFO] [reconciler-1] DRIFT (not bootout): com.zeke.camel-x-monitor not in expected manifest
[2026-04-26T18:43:01.736670+00:00] [INFO] [reconciler-1] DRIFT (not bootout): com.zeke.alpha-v3-daily not in expected manifest
[2026-04-26T18:43:01.736762+00:00] [INFO] [reconciler-1] DRIFT (not bootout): com.zeke.bleed-detector not in expected manifest
[2026-04-26T18:43:01.736849+00:00] [INFO] [reconciler-1] DRIFT (not bootout): com.zeke.mcp-watchdog not in expected manifest
[2026-04-26T18:43:01.737494+00:00] [WARN] [reconciler-1] PEER SILENT: orchestrator age=None
[2026-04-26T18:43:03.921179+00:00] [INFO] [reconciler-1] restart com.zeke.cowork-preflight-watchdog -> unresolved
[2026-04-26T18:43:06.104757+00:00] [INFO] [reconciler-1] restart com.zeke.session-report-card -> unresolved
[2026-04-26T18:43:40.940536+00:00] [INFO] [reconciler-1] DRIFT (not bootout): com.zeke.spark-model-manager not in expected manifest
[2026-04-26T18:43:40.940949+00:00] [INFO] [reconciler-1] DRIFT (not bootout): com.zeke.camel-yt-posts not in expected manifest
[2026-04-26T18:43:40.941121+00:00] [INFO] [reconciler-1] DRIFT (not bootout): com.zeke.btc-trailing-monitor not in expected manifest
[2026-04-26T18:43:40.941236+00:00] [INFO] [reconciler-1] DRIFT (not bootout): com.zeke.camel-twin not in expected manifest
[2026-04-26T18:43:40.941333+00:00] [INFO] [reconciler-1] DRIFT (not bootout): com.zeke.openclaw-browser not in expected manifest
[2026-04-26T18:43:40.941432+00:00] [INFO] [reconciler-1] DRIFT (not bootout): com.zeke.top-signal-weekly not in expected manifest
[2026-04-26T18:43:40.941532+00:00] [INFO] [reconciler-1] DRIFT (not bootout): com.zeke.system-auditor not in expected manifest
[2026-04-26T18:43:40.941637+00:00] [INFO] [reconciler-1] DRIFT (not bootout): com.zeke.model-release-monitor not in expected manifest
[2026-04-26T18:43:40.941774+00:00] [INFO] [reconciler-1] DRIFT (not bootout): com.zeke.capability-scanner not in expected manifest
[2026-04-26T18:43:40.941901+00:00] [INFO] [reconciler-1] DRIFT (not bootout): com.zeke.top-signal-daily not in expected manifest
[2026-04-26T18:43:40.942007+00:00] [INFO] [reconciler-1] DRIFT (not bootout): com.zeke.memory-curator not in expected manifest
[2026-04-26T18:43:40.942106+00:00] [INFO] [reconciler-1] DRIFT (not bootout): com.zeke.unified-api not in expected manifest
[2026-04-26T18:43:40.942276+00:00] [INFO] [reconciler-1] DRIFT (not bootout): com.zeke.mcp-server not in expected manifest
[2026-04-26T18:43:40.942441+00:00] [INFO] [reconciler-1] DRIFT (not bootout): com.zeke.briefing-prestage not in expected manifest
[2026-04-26T18:43:40.942569+00:00] [INFO] [reconciler-1] DRIFT (not bootout): com.zeke.infra-scout not in expected manifest
[2026-04-26T18:43:40.942676+00:00] [INFO] [reconciler-1] DRIFT (not bootout): com.zeke.bi-hourly-assessment not in expected manifest
[2026-04-26T18:43:40.942852+00:00] [INFO] [reconciler-1] DRIFT (not bootout): com.zeke.backtest-results-aggregator not in expected manifest
[2026-04-26T18:43:40.942978+00:00] [INFO] [reconciler-1] DRIFT (not bootout): com.zeke.members-video-extractor not in expected manifest
[2026-04-26T18:43:40.943362+00:00] [INFO] [reconciler-1] DRIFT (not bootout): com.zeke.super-prewarm not in expected manifest
[2026-04-26T18:43:40.943543+00:00] [INFO] [reconciler-1] DRIFT (not bootout): com.zeke.options-analytics not in expected manifest
[2026-04-26T18:43:40.943656+00:00] [INFO] [reconciler-1] DRIFT (not bootout): com.zeke.option-quotes not in expected manifest
[2026-04-26T18:43:40.943756+00:00] [INFO] [reconciler-1] DRIFT (not bootout): com.zeke.feed-guardian not in expected manifest
[2026-04-26T18:43:40.943850+00:00] [INFO] [reconciler-1] DRIFT (not bootout): com.zeke.boot-recovery not in expected manifest
[2026-04-26T18:43:40.943942+00:00] [INFO] [reconciler-1] DRIFT (not bootout): com.zeke.conviction-engine not in expected manifest
[2026-04-26T18:43:40.944035+00:00] [INFO] [reconciler-1] DRIFT (not bootout): com.zeke.camel-daily-video-scanner not in expected manifest
[2026-04-26T18:43:40.944135+00:00] [INFO] [reconciler-1] DRIFT (not bootout): com.zeke.tv-cycle-reader not in expected manifest
[2026-04-26T18:43:40.944221+00:00] [INFO] [reconciler-1] DRIFT (not bootout): com.zeke.research-loop not in expected manifest
[2026-04-26T18:43:40.944308+00:00] [INFO] [reconciler-1] DRIFT (not bootout): com.zeke.correlation-scanner not in expected manifest
[2026-04-26T18:43:40.944400+00:00] [INFO] [reconciler-1] DRIFT (not bootout): com.zeke.fib-pitchfork not in expected manifest
[2026-04-26T18:43:40.944494+00:00] [INFO] [reconciler-1] DRIFT (not bootout): com.zeke.tv-webhook not in expected manifest
[2026-04-26T18:43:40.944602+00:00] [INFO] [reconciler-1] DRIFT (not bootout): com.zeke.qc-agent not in expected manifest
[2026-04-26T18:43:40.944702+00:00] [INFO] [reconciler-1] DRIFT (not bootout): com.zeke.wiki-compiler not in expected manifest
[2026-04-26T18:43:40.944788+00:00] [INFO] [reconciler-1] DRIFT (not bootout): com.zeke.watchdog not in expected manifest
[2026-04-26T18:43:40.944874+00:00] [INFO] [reconciler-1] DRIFT (not bootout): com.zeke.infra-scout-ranker not in expected manifest
[2026-04-26T18:43:40.944959+00:00] [INFO] [reconciler-1] DRIFT (not bootout): com.zeke.multi-scale-top-monitor not in expected manifest
[2026-04-26T18:43:40.945044+00:00] [INFO] [reconciler-1] DRIFT (not bootout): com.zeke.research-engine not in expected manifest
[2026-04-26T18:43:40.945128+00:00] [INFO] [reconciler-1] DRIFT (not bootout): com.zeke.camel-yt-pipeline-v2 not in expected manifest
[2026-04-26T18:43:40.945211+00:00] [INFO] [reconciler-1] DRIFT (not bootout): com.zeke.price-watcher not in expected manifest
[2026-04-26T18:43:40.945299+00:00] [INFO] [reconciler-1] DRIFT (not bootout): com.zeke.conviction-backtest not in expected manifest
[2026-04-26T18:43:40.945384+00:00] [INFO] [reconciler-1] DRIFT (not bootout): com.zeke.camel-x-monitor not in expected manifest
[2026-04-26T18:43:40.945468+00:00] [INFO] [reconciler-1] DRIFT (not bootout): com.zeke.alpha-v3-daily not in expected manifest
[2026-04-26T18:43:40.945554+00:00] [INFO] [reconciler-1] DRIFT (not bootout): com.zeke.bleed-detector not in expected manifest
[2026-04-26T18:43:40.945637+00:00] [INFO] [reconciler-1] DRIFT (not bootout): com.zeke.mcp-watchdog not in expected manifest
[2026-04-26T18:43:40.946236+00:00] [WARN] [reconciler-1] PEER SILENT: orchestrator age=None
[2026-04-26T18:43:41.087760+00:00] [WARN] [reconciler-1] BLOCKED restart com.zeke.cowork-preflight-watchdog — CIRCUIT_OPEN
[2026-04-26T18:43:41.153590+00:00] [WARN] [reconciler-1] BLOCKED restart com.zeke.session-report-card — CIRCUIT_OPEN
[2026-04-26T18:44:12.866757+00:00] [INFO] [reconciler-1] DRIFT (not bootout): com.zeke.spark-model-manager not in expected manifest
[2026-04-26T18:44:12.867486+00:00] [INFO] [reconciler-1] DRIFT (not bootout): com.zeke.camel-yt-posts not in expected manifest
[2026-04-26T18:44:12.867923+00:00] [INFO] [reconciler-1] DRIFT (not bootout): com.zeke.btc-trailing-monitor not in expected manifest
[2026-04-26T18:44:12.868197+00:00] [INFO] [reconciler-1] DRIFT (not bootout): com.zeke.camel-twin not in expected manifest
[2026-04-26T18:44:12.868396+00:00] [INFO] [reconciler-1] DRIFT (not bootout): com.zeke.openclaw-browser not in expected manifest
[2026-04-26T18:44:12.868611+00:00] [INFO] [reconciler-1] DRIFT (not bootout): com.zeke.top-signal-weekly not in expected manifest
[2026-04-26T18:44:12.868828+00:00] [INFO] [reconciler-1] DRIFT (not bootout): com.zeke.system-auditor not in expected manifest
[2026-04-26T18:44:12.869072+00:00] [INFO] [reconciler-1] DRIFT (not bootout): com.zeke.model-release-monitor not in expected manifest
[2026-04-26T18:44:12.869288+00:00] [INFO] [reconciler-1] DRIFT (not bootout): com.zeke.capability-scanner not in expected manifest
[2026-04-26T18:44:12.869502+00:00] [INFO] [reconciler-1] DRIFT (not bootout): com.zeke.top-signal-daily not in expected manifest
[2026-04-26T18:44:12.869676+00:00] [INFO] [reconciler-1] DRIFT (not bootout): com.zeke.memory-curator not in expected manifest
[2026-04-26T18:44:12.869844+00:00] [INFO] [reconciler-1] DRIFT (not bootout): com.zeke.unified-api not in expected manifest
[2026-04-26T18:44:12.870004+00:00] [INFO] [reconciler-1] DRIFT (not bootout): com.zeke.mcp-server not in expected manifest
[2026-04-26T18:44:12.870165+00:00] [INFO] [reconciler-1] DRIFT (not bootout): com.zeke.briefing-prestage not in expected manifest
[2026-04-26T18:44:12.870345+00:00] [INFO] [reconciler-1] DRIFT (not bootout): com.zeke.infra-scout not in expected manifest
[2026-04-26T18:44:12.870524+00:00] [INFO] [reconciler-1] DRIFT (not bootout): com.zeke.bi-hourly-assessment not in expected manifest
[2026-04-26T18:44:12.870729+00:00] [INFO] [reconciler-1] DRIFT (not bootout): com.zeke.backtest-results-aggregator not in expected manifest
[2026-04-26T18:44:12.870952+00:00] [INFO] [reconciler-1] DRIFT (not bootout): com.zeke.members-video-extractor not in expected manifest
[2026-04-26T18:44:12.871267+00:00] [INFO] [reconciler-1] DRIFT (not bootout): com.zeke.super-prewarm not in expected manifest
[2026-04-26T18:44:12.871649+00:00] [INFO] [reconciler-1] DRIFT (not bootout): com.zeke.options-analytics not in expected manifest
[2026-04-26T18:44:12.871919+00:00] [INFO] [reconciler-1] DRIFT (not bootout): com.zeke.option-quotes not in expected manifest
[2026-04-26T18:44:12.872176+00:00] [INFO] [reconciler-1] DRIFT (not bootout): com.zeke.feed-guardian not in expected manifest
[2026-04-26T18:44:12.872423+00:00] [INFO] [reconciler-1] DRIFT (not bootout): com.zeke.boot-recovery not in expected manifest
[2026-04-26T18:44:12.872611+00:00] [INFO] [reconciler-1] DRIFT (not bootout): com.zeke.conviction-engine not in expected manifest
[2026-04-26T18:44:12.872803+00:00] [INFO] [reconciler-1] DRIFT (not bootout): com.zeke.camel-daily-video-scanner not in expected manifest
[2026-04-26T18:44:12.873067+00:00] [INFO] [reconciler-1] DRIFT (not bootout): com.zeke.tv-cycle-reader not in expected manifest
[2026-04-26T18:44:12.873220+00:00] [INFO] [reconciler-1] DRIFT (not bootout): com.zeke.research-loop not in expected manifest
[2026-04-26T18:44:12.873443+00:00] [INFO] [reconciler-1] DRIFT (not bootout): com.zeke.correlation-scanner not in expected manifest
[2026-04-26T18:44:12.873697+00:00] [INFO] [reconciler-1] DRIFT (not bootout): com.zeke.fib-pitchfork not in expected manifest
[2026-04-26T18:44:12.873821+00:00] [INFO] [reconciler-1] DRIFT (not bootout): com.zeke.tv-webhook not in expected manifest
[2026-04-26T18:44:12.873924+00:00] [INFO] [reconciler-1] DRIFT (not bootout): com.zeke.qc-agent not in expected manifest
[2026-04-26T18:44:12.874019+00:00] [INFO] [reconciler-1] DRIFT (not bootout): com.zeke.wiki-compiler not in expected manifest
[2026-04-26T18:44:12.874113+00:00] [INFO] [reconciler-1] DRIFT (not bootout): com.zeke.watchdog not in expected manifest
[2026-04-26T18:44:12.874203+00:00] [INFO] [reconciler-1] DRIFT (not bootout): com.zeke.infra-scout-ranker not in expected manifest
[2026-04-26T18:44:12.874292+00:00] [INFO] [reconciler-1] DRIFT (not bootout): com.zeke.multi-scale-top-monitor not in expected manifest
[2026-04-26T18:44:12.874378+00:00] [INFO] [reconciler-1] DRIFT (not bootout): com.zeke.research-engine not in expected manifest
[2026-04-26T18:44:12.874464+00:00] [INFO] [reconciler-1] DRIFT (not bootout): com.zeke.camel-yt-pipeline-v2 not in expected manifest
[2026-04-26T18:44:12.874547+00:00] [INFO] [reconciler-1] DRIFT (not bootout): com.zeke.price-watcher not in expected manifest
[2026-04-26T18:44:12.874629+00:00] [INFO] [reconciler-1] DRIFT (not bootout): com.zeke.conviction-backtest not in expected manifest
[2026-04-26T18:44:12.874719+00:00] [INFO] [reconciler-1] DRIFT (not bootout): com.zeke.camel-x-monitor not in expected manifest
[2026-04-26T18:44:12.874802+00:00] [INFO] [reconciler-1] DRIFT (not bootout): com.zeke.alpha-v3-daily not in expected manifest
[2026-04-26T18:44:12.874885+00:00] [INFO] [reconciler-1] DRIFT (not bootout): com.zeke.bleed-detector not in expected manifest
[2026-04-26T18:44:12.874972+00:00] [INFO] [reconciler-1] DRIFT (not bootout): com.zeke.mcp-watchdog not in expected manifest
[2026-04-26T18:44:12.875595+00:00] [WARN] [reconciler-1] PEER SILENT: orchestrator age=None
[2026-04-26T18:44:15.058432+00:00] [INFO] [reconciler-1] restart com.zeke.cowork-preflight-watchdog -> unresolved
[2026-04-26T18:44:17.240087+00:00] [INFO] [reconciler-1] restart com.zeke.session-report-card -> unresolved
[2026-04-26T18:44:47.584212+00:00] [INFO] [reconciler-1] DRIFT (not bootout): com.zeke.spark-model-manager not in expected manifest
[2026-04-26T18:44:47.584719+00:00] [INFO] [reconciler-1] DRIFT (not bootout): com.zeke.camel-yt-posts not in expected manifest
[2026-04-26T18:44:47.585012+00:00] [INFO] [reconciler-1] DRIFT (not bootout): com.zeke.btc-trailing-monitor not in expected manifest
[2026-04-26T18:44:47.585232+00:00] [INFO] [reconciler-1] DRIFT (not bootout): com.zeke.camel-twin not in expected manifest
[2026-04-26T18:44:47.585400+00:00] [INFO] [reconciler-1] DRIFT (not bootout): com.zeke.openclaw-browser not in expected manifest
[2026-04-26T18:44:47.585554+00:00] [INFO] [reconciler-1] DRIFT (not bootout): com.zeke.top-signal-weekly not in expected manifest
[2026-04-26T18:44:47.585685+00:00] [INFO] [reconciler-1] DRIFT (not bootout): com.zeke.system-auditor not in expected manifest
[2026-04-26T18:44:47.585806+00:00] [INFO] [reconciler-1] DRIFT (not bootout): com.zeke.model-release-monitor not in expected manifest
[2026-04-26T18:44:47.585929+00:00] [INFO] [reconciler-1] DRIFT (not bootout): com.zeke.capability-scanner not in expected manifest
[2026-04-26T18:44:47.586062+00:00] [INFO] [reconciler-1] DRIFT (not bootout): com.zeke.top-signal-daily not in expected manifest
[2026-04-26T18:44:47.586173+00:00] [INFO] [reconciler-1] DRIFT (not bootout): com.zeke.memory-curator not in expected manifest
[2026-04-26T18:44:47.586289+00:00] [INFO] [reconciler-1] DRIFT (not bootout): com.zeke.unified-api not in expected manifest
[2026-04-26T18:44:47.586400+00:00] [INFO] [reconciler-1] DRIFT (not bootout): com.zeke.mcp-server not in expected manifest
[2026-04-26T18:44:47.586521+00:00] [INFO] [reconciler-1] DRIFT (not bootout): com.zeke.briefing-prestage not in expected manifest
[2026-04-26T18:44:47.586637+00:00] [INFO] [reconciler-1] DRIFT (not bootout): com.zeke.infra-scout not in expected manifest
[2026-04-26T18:44:47.586759+00:00] [INFO] [reconciler-1] DRIFT (not bootout): com.zeke.bi-hourly-assessment not in expected manifest
[2026-04-26T18:44:47.586874+00:00] [INFO] [reconciler-1] DRIFT (not bootout): com.zeke.backtest-results-aggregator not in expected manifest
[2026-04-26T18:44:47.586990+00:00] [INFO] [reconciler-1] DRIFT (not bootout): com.zeke.members-video-extractor not in expected manifest
[2026-04-26T18:44:47.587105+00:00] [INFO] [reconciler-1] DRIFT (not bootout): com.zeke.super-prewarm not in expected manifest
[2026-04-26T18:44:47.587215+00:00] [INFO] [reconciler-1] DRIFT (not bootout): com.zeke.options-analytics not in expected manifest
[2026-04-26T18:44:47.587326+00:00] [INFO] [reconciler-1] DRIFT (not bootout): com.zeke.option-quotes not in expected manifest
[2026-04-26T18:44:47.587433+00:00] [INFO] [reconciler-1] DRIFT (not bootout): com.zeke.feed-guardian not in expected manifest
[2026-04-26T18:44:47.587540+00:00] [INFO] [reconciler-1] DRIFT (not bootout): com.zeke.boot-recovery not in expected manifest
[2026-04-26T18:44:47.587649+00:00] [INFO] [reconciler-1] DRIFT (not bootout): com.zeke.conviction-engine not in expected manifest
[2026-04-26T18:44:47.587761+00:00] [INFO] [reconciler-1] DRIFT (not bootout): com.zeke.camel-daily-video-scanner not in expected manifest
[2026-04-26T18:44:47.587867+00:00] [INFO] [reconciler-1] DRIFT (not bootout): com.zeke.tv-cycle-reader not in expected manifest
[2026-04-26T18:44:47.587961+00:00] [INFO] [reconciler-1] DRIFT (not bootout): com.zeke.research-loop not in expected manifest
[2026-04-26T18:44:47.588054+00:00] [INFO] [reconciler-1] DRIFT (not bootout): com.zeke.correlation-scanner not in expected manifest
[2026-04-26T18:44:47.588147+00:00] [INFO] [reconciler-1] DRIFT (not bootout): com.zeke.fib-pitchfork not in expected manifest
[2026-04-26T18:44:47.588238+00:00] [INFO] [reconciler-1] DRIFT (not bootout): com.zeke.tv-webhook not in expected manifest
[2026-04-26T18:44:47.588332+00:00] [INFO] [reconciler-1] DRIFT (not bootout): com.zeke.qc-agent not in expected manifest
[2026-04-26T18:44:47.588422+00:00] [INFO] [reconciler-1] DRIFT (not bootout): com.zeke.wiki-compiler not in expected manifest
[2026-04-26T18:44:47.588515+00:00] [INFO] [reconciler-1] DRIFT (not bootout): com.zeke.watchdog not in expected manifest
[2026-04-26T18:44:47.588608+00:00] [INFO] [reconciler-1] DRIFT (not bootout): com.zeke.infra-scout-ranker not in expected manifest
[2026-04-26T18:44:47.588697+00:00] [INFO] [reconciler-1] DRIFT (not bootout): com.zeke.multi-scale-top-monitor not in expected manifest
[2026-04-26T18:44:47.588791+00:00] [INFO] [reconciler-1] DRIFT (not bootout): com.zeke.research-engine not in expected manifest
[2026-04-26T18:44:47.588877+00:00] [INFO] [reconciler-1] DRIFT (not bootout): com.zeke.camel-yt-pipeline-v2 not in expected manifest
[2026-04-26T18:44:47.588962+00:00] [INFO] [reconciler-1] DRIFT (not bootout): com.zeke.price-watcher not in expected manifest
[2026-04-26T18:44:47.589047+00:00] [INFO] [reconciler-1] DRIFT (not bootout): com.zeke.conviction-backtest not in expected manifest
[2026-04-26T18:44:47.589131+00:00] [INFO] [reconciler-1] DRIFT (not bootout): com.zeke.camel-x-monitor not in expected manifest
[2026-04-26T18:44:47.589218+00:00] [INFO] [reconciler-1] DRIFT (not bootout): com.zeke.alpha-v3-daily not in expected manifest
[2026-04-26T18:44:47.589306+00:00] [INFO] [reconciler-1] DRIFT (not bootout): com.zeke.bleed-detector not in expected manifest
[2026-04-26T18:44:47.589402+00:00] [INFO] [reconciler-1] DRIFT (not bootout): com.zeke.mcp-watchdog not in expected manifest
[2026-04-26T18:44:47.590057+00:00] [WARN] [reconciler-1] PEER SILENT: orchestrator age=None
[2026-04-26T18:44:49.629441+00:00] [INFO] [reconciler-1] restart com.zeke.cowork-executor -> ok
[2026-04-26T18:44:51.813580+00:00] [INFO] [reconciler-1] restart com.zeke.cowork-preflight-watchdog -> unresolved
[2026-04-26T18:44:53.997403+00:00] [INFO] [reconciler-1] restart com.zeke.session-report-card -> unresolved
[2026-04-26T18:45:27.386732+00:00] [INFO] [reconciler-1] DRIFT (not bootout): com.zeke.spark-model-manager not in expected manifest
[2026-04-26T18:45:27.387306+00:00] [INFO] [reconciler-1] DRIFT (not bootout): com.zeke.camel-yt-posts not in expected manifest
[2026-04-26T18:45:27.387454+00:00] [INFO] [reconciler-1] DRIFT (not bootout): com.zeke.btc-trailing-monitor not in expected manifest
[2026-04-26T18:45:27.387557+00:00] [INFO] [reconciler-1] DRIFT (not bootout): com.zeke.camel-twin not in expected manifest
[2026-04-26T18:45:27.387649+00:00] [INFO] [reconciler-1] DRIFT (not bootout): com.zeke.openclaw-browser not in expected manifest
[2026-04-26T18:45:27.387739+00:00] [INFO] [reconciler-1] DRIFT (not bootout): com.zeke.top-signal-weekly not in expected manifest
[2026-04-26T18:45:27.387828+00:00] [INFO] [reconciler-1] DRIFT (not bootout): com.zeke.system-auditor not in expected manifest
[2026-04-26T18:45:27.387912+00:00] [INFO] [reconciler-1] DRIFT (not bootout): com.zeke.model-release-monitor not in expected manifest
[2026-04-26T18:45:27.387996+00:00] [INFO] [reconciler-1] DRIFT (not bootout): com.zeke.capability-scanner not in expected manifest
[2026-04-26T18:45:27.388084+00:00] [INFO] [reconciler-1] DRIFT (not bootout): com.zeke.top-signal-daily not in expected manifest
[2026-04-26T18:45:27.388175+00:00] [INFO] [reconciler-1] DRIFT (not bootout): com.zeke.memory-curator not in expected manifest
[2026-04-26T18:45:27.388264+00:00] [INFO] [reconciler-1] DRIFT (not bootout): com.zeke.unified-api not in expected manifest
[2026-04-26T18:45:27.388357+00:00] [INFO] [reconciler-1] DRIFT (not bootout): com.zeke.mcp-server not in expected manifest
[2026-04-26T18:45:27.388440+00:00] [INFO] [reconciler-1] DRIFT (not bootout): com.zeke.briefing-prestage not in expected manifest
[2026-04-26T18:45:27.388526+00:00] [INFO] [reconciler-1] DRIFT (not bootout): com.zeke.infra-scout not in expected manifest
[2026-04-26T18:45:27.388617+00:00] [INFO] [reconciler-1] DRIFT (not bootout): com.zeke.bi-hourly-assessment not in expected manifest
[2026-04-26T18:45:27.388703+00:00] [INFO] [reconciler-1] DRIFT (not bootout): com.zeke.backtest-results-aggregator not in expected manifest
[2026-04-26T18:45:27.388789+00:00] [INFO] [reconciler-1] DRIFT (not bootout): com.zeke.members-video-extractor not in expected manifest
[2026-04-26T18:45:27.388873+00:00] [INFO] [reconciler-1] DRIFT (not bootout): com.zeke.super-prewarm not in expected manifest
[2026-04-26T18:45:27.388953+00:00] [INFO] [reconciler-1] DRIFT (not bootout): com.zeke.options-analytics not in expected manifest
[2026-04-26T18:45:27.389033+00:00] [INFO] [reconciler-1] DRIFT (not bootout): com.zeke.option-quotes not in expected manifest
[2026-04-26T18:45:27.389113+00:00] [INFO] [reconciler-1] DRIFT (not bootout): com.zeke.feed-guardian not in expected manifest
[2026-04-26T18:45:27.389190+00:00] [INFO] [reconciler-1] DRIFT (not bootout): com.zeke.boot-recovery not in expected manifest
[2026-04-26T18:45:27.389267+00:00] [INFO] [reconciler-1] DRIFT (not bootout): com.zeke.conviction-engine not in expected manifest
[2026-04-26T18:45:27.389348+00:00] [INFO] [reconciler-1] DRIFT (not bootout): com.zeke.camel-daily-video-scanner not in expected manifest
[2026-04-26T18:45:27.389425+00:00] [INFO] [reconciler-1] DRIFT (not bootout): com.zeke.tv-cycle-reader not in expected manifest
[2026-04-26T18:45:27.389503+00:00] [INFO] [reconciler-1] DRIFT (not bootout): com.zeke.research-loop not in expected manifest
[2026-04-26T18:45:27.389584+00:00] [INFO] [reconciler-1] DRIFT (not bootout): com.zeke.correlation-scanner not in expected manifest
[2026-04-26T18:45:27.389660+00:00] [INFO] [reconciler-1] DRIFT (not bootout): com.zeke.fib-pitchfork not in expected manifest
[2026-04-26T18:45:27.389737+00:00] [INFO] [reconciler-1] DRIFT (not bootout): com.zeke.tv-webhook not in expected manifest
[2026-04-26T18:45:27.389835+00:00] [INFO] [reconciler-1] DRIFT (not bootout): com.zeke.qc-agent not in expected manifest
[2026-04-26T18:45:27.389913+00:00] [INFO] [reconciler-1] DRIFT (not bootout): com.zeke.wiki-compiler not in expected manifest
[2026-04-26T18:45:27.389992+00:00] [INFO] [reconciler-1] DRIFT (not bootout): com.zeke.watchdog not in expected manifest
[2026-04-26T18:45:27.390073+00:00] [INFO] [reconciler-1] DRIFT (not bootout): com.zeke.infra-scout-ranker not in expected manifest
[2026-04-26T18:45:27.390151+00:00] [INFO] [reconciler-1] DRIFT (not bootout): com.zeke.multi-scale-top-monitor not in expected manifest
[2026-04-26T18:45:27.390226+00:00] [INFO] [reconciler-1] DRIFT (not bootout): com.zeke.research-engine not in expected manifest
[2026-04-26T18:45:27.390301+00:00] [INFO] [reconciler-1] DRIFT (not bootout): com.zeke.camel-yt-pipeline-v2 not in expected manifest
[2026-04-26T18:45:27.390381+00:00] [INFO] [reconciler-1] DRIFT (not bootout): com.zeke.price-watcher not in expected manifest
[2026-04-26T18:45:27.390455+00:00] [INFO] [reconciler-1] DRIFT (not bootout): com.zeke.conviction-backtest not in expected manifest
[2026-04-26T18:45:27.390532+00:00] [INFO] [reconciler-1] DRIFT (not bootout): com.zeke.camel-x-monitor not in expected manifest
[2026-04-26T18:45:27.390609+00:00] [INFO] [reconciler-1] DRIFT (not bootout): com.zeke.alpha-v3-daily not in expected manifest
[2026-04-26T18:45:27.390686+00:00] [INFO] [reconciler-1] DRIFT (not bootout): com.zeke.bleed-detector not in expected manifest
[2026-04-26T18:45:27.390763+00:00] [INFO] [reconciler-1] DRIFT (not bootout): com.zeke.mcp-watchdog not in expected manifest
[2026-04-26T18:45:27.391528+00:00] [WARN] [reconciler-1] PEER SILENT: orchestrator age=None
[2026-04-26T18:45:29.572403+00:00] [INFO] [reconciler-1] restart com.zeke.cowork-preflight-watchdog -> unresolved
[2026-04-26T18:45:31.757508+00:00] [INFO] [reconciler-1] restart com.zeke.session-report-card -> unresolved
[2026-04-26T18:46:04.444011+00:00] [INFO] [reconciler-1] DRIFT (not bootout): com.zeke.spark-model-manager not in expected manifest
[2026-04-26T18:46:04.444289+00:00] [INFO] [reconciler-1] DRIFT (not bootout): com.zeke.camel-yt-posts not in expected manifest
[2026-04-26T18:46:04.444444+00:00] [INFO] [reconciler-1] DRIFT (not bootout): com.zeke.btc-trailing-monitor not in expected manifest
[2026-04-26T18:46:04.444566+00:00] [INFO] [reconciler-1] DRIFT (not bootout): com.zeke.camel-twin not in expected manifest
[2026-04-26T18:46:04.444679+00:00] [INFO] [reconciler-1] DRIFT (not bootout): com.zeke.openclaw-browser not in expected manifest
[2026-04-26T18:46:04.444789+00:00] [INFO] [reconciler-1] DRIFT (not bootout): com.zeke.top-signal-weekly not in expected manifest
[2026-04-26T18:46:04.444898+00:00] [INFO] [reconciler-1] DRIFT (not bootout): com.zeke.system-auditor not in expected manifest
[2026-04-26T18:46:04.445003+00:00] [INFO] [reconciler-1] DRIFT (not bootout): com.zeke.model-release-monitor not in expected manifest
[2026-04-26T18:46:04.445120+00:00] [INFO] [reconciler-1] DRIFT (not bootout): com.zeke.capability-scanner not in expected manifest
[2026-04-26T18:46:04.445232+00:00] [INFO] [reconciler-1] DRIFT (not bootout): com.zeke.top-signal-daily not in expected manifest
[2026-04-26T18:46:04.445347+00:00] [INFO] [reconciler-1] DRIFT (not bootout): com.zeke.memory-curator not in expected manifest
[2026-04-26T18:46:04.445464+00:00] [INFO] [reconciler-1] DRIFT (not bootout): com.zeke.unified-api not in expected manifest
[2026-04-26T18:46:04.445574+00:00] [INFO] [reconciler-1] DRIFT (not bootout): com.zeke.mcp-server not in expected manifest
[2026-04-26T18:46:04.445686+00:00] [INFO] [reconciler-1] DRIFT (not bootout): com.zeke.briefing-prestage not in expected manifest
[2026-04-26T18:46:04.445800+00:00] [INFO] [reconciler-1] DRIFT (not bootout): com.zeke.infra-scout not in expected manifest
[2026-04-26T18:46:04.445928+00:00] [INFO] [reconciler-1] DRIFT (not bootout): com.zeke.bi-hourly-assessment not in expected manifest
[2026-04-26T18:46:04.446034+00:00] [INFO] [reconciler-1] DRIFT (not bootout): com.zeke.backtest-results-aggregator not in expected manifest
[2026-04-26T18:46:04.446131+00:00] [INFO] [reconciler-1] DRIFT (not bootout): com.zeke.members-video-extractor not in expected manifest
[2026-04-26T18:46:04.446225+00:00] [INFO] [reconciler-1] DRIFT (not bootout): com.zeke.super-prewarm not in expected manifest
[2026-04-26T18:46:04.446317+00:00] [INFO] [reconciler-1] DRIFT (not bootout): com.zeke.options-analytics not in expected manifest
[2026-04-26T18:46:04.446411+00:00] [INFO] [reconciler-1] DRIFT (not bootout): com.zeke.option-quotes not in expected manifest
[2026-04-26T18:46:04.446505+00:00] [INFO] [reconciler-1] DRIFT (not bootout): com.zeke.feed-guardian not in expected manifest
[2026-04-26T18:46:04.446593+00:00] [INFO] [reconciler-1] DRIFT (not bootout): com.zeke.boot-recovery not in expected manifest
[2026-04-26T18:46:04.446681+00:00] [INFO] [reconciler-1] DRIFT (not bootout): com.zeke.conviction-engine not in expected manifest
[2026-04-26T18:46:04.446769+00:00] [INFO] [reconciler-1] DRIFT (not bootout): com.zeke.camel-daily-video-scanner not in expected manifest
[2026-04-26T18:46:04.446858+00:00] [INFO] [reconciler-1] DRIFT (not bootout): com.zeke.tv-cycle-reader not in expected manifest
[2026-04-26T18:46:04.446945+00:00] [INFO] [reconciler-1] DRIFT (not bootout): com.zeke.research-loop not in expected manifest
[2026-04-26T18:46:04.447033+00:00] [INFO] [reconciler-1] DRIFT (not bootout): com.zeke.correlation-scanner not in expected manifest
[2026-04-26T18:46:04.447119+00:00] [INFO] [reconciler-1] DRIFT (not bootout): com.zeke.fib-pitchfork not in expected manifest
[2026-04-26T18:46:04.447205+00:00] [INFO] [reconciler-1] DRIFT (not bootout): com.zeke.tv-webhook not in expected manifest
[2026-04-26T18:46:04.447295+00:00] [INFO] [reconciler-1] DRIFT (not bootout): com.zeke.qc-agent not in expected manifest
[2026-04-26T18:46:04.447398+00:00] [INFO] [reconciler-1] DRIFT (not bootout): com.zeke.wiki-compiler not in expected manifest
[2026-04-26T18:46:04.447487+00:00] [INFO] [reconciler-1] DRIFT (not bootout): com.zeke.watchdog not in expected manifest
[2026-04-26T18:46:04.447575+00:00] [INFO] [reconciler-1] DRIFT (not bootout): com.zeke.infra-scout-ranker not in expected manifest
[2026-04-26T18:46:04.447663+00:00] [INFO] [reconciler-1] DRIFT (not bootout): com.zeke.multi-scale-top-monitor not in expected manifest
[2026-04-26T18:46:04.447748+00:00] [INFO] [reconciler-1] DRIFT (not bootout): com.zeke.research-engine not in expected manifest
[2026-04-26T18:46:04.447835+00:00] [INFO] [reconciler-1] DRIFT (not bootout): com.zeke.camel-yt-pipeline-v2 not in expected manifest
[2026-04-26T18:46:04.447923+00:00] [INFO] [reconciler-1] DRIFT (not bootout): com.zeke.price-watcher not in expected manifest
[2026-04-26T18:46:04.448010+00:00] [INFO] [reconciler-1] DRIFT (not bootout): com.zeke.conviction-backtest not in expected manifest
[2026-04-26T18:46:04.448100+00:00] [INFO] [reconciler-1] DRIFT (not bootout): com.zeke.camel-x-monitor not in expected manifest
[2026-04-26T18:46:04.448195+00:00] [INFO] [reconciler-1] DRIFT (not bootout): com.zeke.alpha-v3-daily not in expected manifest
[2026-04-26T18:46:04.448281+00:00] [INFO] [reconciler-1] DRIFT (not bootout): com.zeke.bleed-detector not in expected manifest
[2026-04-26T18:46:04.448367+00:00] [INFO] [reconciler-1] DRIFT (not bootout): com.zeke.mcp-watchdog not in expected manifest
[2026-04-26T18:46:04.449011+00:00] [WARN] [reconciler-1] PEER SILENT: orchestrator age=None
[2026-04-26T18:46:04.589270+00:00] [WARN] [reconciler-1] BLOCKED restart com.zeke.cowork-preflight-watchdog — CIRCUIT_OPEN
[2026-04-26T18:46:04.727425+00:00] [WARN] [reconciler-1] BLOCKED restart com.zeke.session-report-card — CIRCUIT_OPEN
[2026-04-26T18:46:35.323208+00:00] [INFO] [reconciler-1] DRIFT (not bootout): com.zeke.spark-model-manager not in expected manifest
[2026-04-26T18:46:35.323815+00:00] [INFO] [reconciler-1] DRIFT (not bootout): com.zeke.camel-yt-posts not in expected manifest
[2026-04-26T18:46:35.324058+00:00] [INFO] [reconciler-1] DRIFT (not bootout): com.zeke.btc-trailing-monitor not in expected manifest
[2026-04-26T18:46:35.324202+00:00] [INFO] [reconciler-1] DRIFT (not bootout): com.zeke.camel-twin not in expected manifest
[2026-04-26T18:46:35.324335+00:00] [INFO] [reconciler-1] DRIFT (not bootout): com.zeke.openclaw-browser not in expected manifest
[2026-04-26T18:46:35.324452+00:00] [INFO] [reconciler-1] DRIFT (not bootout): com.zeke.top-signal-weekly not in expected manifest
[2026-04-26T18:46:35.324568+00:00] [INFO] [reconciler-1] DRIFT (not bootout): com.zeke.system-auditor not in expected manifest
[2026-04-26T18:46:35.324678+00:00] [INFO] [reconciler-1] DRIFT (not bootout): com.zeke.model-release-monitor not in expected manifest
[2026-04-26T18:46:35.324794+00:00] [INFO] [reconciler-1] DRIFT (not bootout): com.zeke.capability-scanner not in expected manifest
[2026-04-26T18:46:35.324905+00:00] [INFO] [reconciler-1] DRIFT (not bootout): com.zeke.top-signal-daily not in expected manifest
[2026-04-26T18:46:35.325015+00:00] [INFO] [reconciler-1] DRIFT (not bootout): com.zeke.memory-curator not in expected manifest
[2026-04-26T18:46:35.325130+00:00] [INFO] [reconciler-1] DRIFT (not bootout): com.zeke.unified-api not in expected manifest
[2026-04-26T18:46:35.325246+00:00] [INFO] [reconciler-1] DRIFT (not bootout): com.zeke.mcp-server not in expected manifest
[2026-04-26T18:46:35.325355+00:00] [INFO] [reconciler-1] DRIFT (not bootout): com.zeke.briefing-prestage not in expected manifest
[2026-04-26T18:46:35.325470+00:00] [INFO] [reconciler-1] DRIFT (not bootout): com.zeke.infra-scout not in expected manifest
[2026-04-26T18:46:35.325595+00:00] [INFO] [reconciler-1] DRIFT (not bootout): com.zeke.bi-hourly-assessment not in expected manifest
[2026-04-26T18:46:35.325714+00:00] [INFO] [reconciler-1] DRIFT (not bootout): com.zeke.backtest-results-aggregator not in expected manifest
[2026-04-26T18:46:35.325822+00:00] [INFO] [reconciler-1] DRIFT (not bootout): com.zeke.members-video-extractor not in expected manifest
[2026-04-26T18:46:35.325925+00:00] [INFO] [reconciler-1] DRIFT (not bootout): com.zeke.super-prewarm not in expected manifest
[2026-04-26T18:46:35.326025+00:00] [INFO] [reconciler-1] DRIFT (not bootout): com.zeke.options-analytics not in expected manifest
[2026-04-26T18:46:35.326125+00:00] [INFO] [reconciler-1] DRIFT (not bootout): com.zeke.option-quotes not in expected manifest
[2026-04-26T18:46:35.326229+00:00] [INFO] [reconciler-1] DRIFT (not bootout): com.zeke.feed-guardian not in expected manifest
[2026-04-26T18:46:35.326331+00:00] [INFO] [reconciler-1] DRIFT (not bootout): com.zeke.boot-recovery not in expected manifest
[2026-04-26T18:46:35.326430+00:00] [INFO] [reconciler-1] DRIFT (not bootout): com.zeke.conviction-engine not in expected manifest
[2026-04-26T18:46:35.326535+00:00] [INFO] [reconciler-1] DRIFT (not bootout): com.zeke.camel-daily-video-scanner not in expected manifest
[2026-04-26T18:46:35.326632+00:00] [INFO] [reconciler-1] DRIFT (not bootout): com.zeke.tv-cycle-reader not in expected manifest
[2026-04-26T18:46:35.326730+00:00] [INFO] [reconciler-1] DRIFT (not bootout): com.zeke.research-loop not in expected manifest
[2026-04-26T18:46:35.326830+00:00] [INFO] [reconciler-1] DRIFT (not bootout): com.zeke.correlation-scanner not in expected manifest
[2026-04-26T18:46:35.326928+00:00] [INFO] [reconciler-1] DRIFT (not bootout): com.zeke.fib-pitchfork not in expected manifest
[2026-04-26T18:46:35.327028+00:00] [INFO] [reconciler-1] DRIFT (not bootout): com.zeke.tv-webhook not in expected manifest
[2026-04-26T18:46:35.327128+00:00] [INFO] [reconciler-1] DRIFT (not bootout): com.zeke.qc-agent not in expected manifest
[2026-04-26T18:46:35.327225+00:00] [INFO] [reconciler-1] DRIFT (not bootout): com.zeke.wiki-compiler not in expected manifest
[2026-04-26T18:46:35.327325+00:00] [INFO] [reconciler-1] DRIFT (not bootout): com.zeke.watchdog not in expected manifest
[2026-04-26T18:46:35.327428+00:00] [INFO] [reconciler-1] DRIFT (not bootout): com.zeke.infra-scout-ranker not in expected manifest
[2026-04-26T18:46:35.327526+00:00] [INFO] [reconciler-1] DRIFT (not bootout): com.zeke.multi-scale-top-monitor not in expected manifest
[2026-04-26T18:46:35.327621+00:00] [INFO] [reconciler-1] DRIFT (not bootout): com.zeke.research-engine not in expected manifest
[2026-04-26T18:46:35.327718+00:00] [INFO] [reconciler-1] DRIFT (not bootout): com.zeke.camel-yt-pipeline-v2 not in expected manifest
[2026-04-26T18:46:35.327814+00:00] [INFO] [reconciler-1] DRIFT (not bootout): com.zeke.price-watcher not in expected manifest
[2026-04-26T18:46:35.327909+00:00] [INFO] [reconciler-1] DRIFT (not bootout): com.zeke.conviction-backtest not in expected manifest
[2026-04-26T18:46:35.328005+00:00] [INFO] [reconciler-1] DRIFT (not bootout): com.zeke.camel-x-monitor not in expected manifest
[2026-04-26T18:46:35.328103+00:00] [INFO] [reconciler-1] DRIFT (not bootout): com.zeke.alpha-v3-daily not in expected manifest
[2026-04-26T18:46:35.328201+00:00] [INFO] [reconciler-1] DRIFT (not bootout): com.zeke.bleed-detector not in expected manifest
[2026-04-26T18:46:35.328297+00:00] [INFO] [reconciler-1] DRIFT (not bootout): com.zeke.mcp-watchdog not in expected manifest
[2026-04-26T18:46:35.328984+00:00] [WARN] [reconciler-1] PEER SILENT: orchestrator age=None
[2026-04-26T18:46:35.341283+00:00] [INFO] [reconciler-1] bootstrap com.zeke.cowork-executor -> ok
[2026-04-26T18:46:37.519834+00:00] [INFO] [reconciler-1] restart com.zeke.cowork-preflight-watchdog -> unresolved
[2026-04-26T18:46:39.704256+00:00] [INFO] [reconciler-1] restart com.zeke.session-report-card -> unresolved
[2026-04-26T18:47:13.818275+00:00] [INFO] [reconciler-1] DRIFT (not bootout): com.zeke.spark-model-manager not in expected manifest
[2026-04-26T18:47:13.818941+00:00] [INFO] [reconciler-1] DRIFT (not bootout): com.zeke.camel-yt-posts not in expected manifest
[2026-04-26T18:47:13.819169+00:00] [INFO] [reconciler-1] DRIFT (not bootout): com.zeke.btc-trailing-monitor not in expected manifest
[2026-04-26T18:47:13.819341+00:00] [INFO] [reconciler-1] DRIFT (not bootout): com.zeke.camel-twin not in expected manifest
[2026-04-26T18:47:13.819505+00:00] [INFO] [reconciler-1] DRIFT (not bootout): com.zeke.openclaw-browser not in expected manifest
[2026-04-26T18:47:13.819660+00:00] [INFO] [reconciler-1] DRIFT (not bootout): com.zeke.top-signal-weekly not in expected manifest
[2026-04-26T18:47:13.819799+00:00] [INFO] [reconciler-1] DRIFT (not bootout): com.zeke.system-auditor not in expected manifest
[2026-04-26T18:47:13.819937+00:00] [INFO] [reconciler-1] DRIFT (not bootout): com.zeke.model-release-monitor not in expected manifest
[2026-04-26T18:47:13.820068+00:00] [INFO] [reconciler-1] DRIFT (not bootout): com.zeke.capability-scanner not in expected manifest
[2026-04-26T18:47:13.820202+00:00] [INFO] [reconciler-1] DRIFT (not bootout): com.zeke.top-signal-daily not in expected manifest
[2026-04-26T18:47:13.820340+00:00] [INFO] [reconciler-1] DRIFT (not bootout): com.zeke.memory-curator not in expected manifest
[2026-04-26T18:47:13.820480+00:00] [INFO] [reconciler-1] DRIFT (not bootout): com.zeke.unified-api not in expected manifest
[2026-04-26T18:47:13.820613+00:00] [INFO] [reconciler-1] DRIFT (not bootout): com.zeke.mcp-server not in expected manifest
[2026-04-26T18:47:13.820753+00:00] [INFO] [reconciler-1] DRIFT (not bootout): com.zeke.briefing-prestage not in expected manifest
[2026-04-26T18:47:13.820905+00:00] [INFO] [reconciler-1] DRIFT (not bootout): com.zeke.infra-scout not in expected manifest
[2026-04-26T18:47:13.821050+00:00] [INFO] [reconciler-1] DRIFT (not bootout): com.zeke.bi-hourly-assessment not in expected manifest
[2026-04-26T18:47:13.821203+00:00] [INFO] [reconciler-1] DRIFT (not bootout): com.zeke.backtest-results-aggregator not in expected manifest
[2026-04-26T18:47:13.821355+00:00] [INFO] [reconciler-1] DRIFT (not bootout): com.zeke.members-video-extractor not in expected manifest
[2026-04-26T18:47:13.821493+00:00] [INFO] [reconciler-1] DRIFT (not bootout): com.zeke.super-prewarm not in expected manifest
[2026-04-26T18:47:13.821623+00:00] [INFO] [reconciler-1] DRIFT (not bootout): com.zeke.options-analytics not in expected manifest
[2026-04-26T18:47:13.821742+00:00] [INFO] [reconciler-1] DRIFT (not bootout): com.zeke.option-quotes not in expected manifest
[2026-04-26T18:47:13.821871+00:00] [INFO] [reconciler-1] DRIFT (not bootout): com.zeke.feed-guardian not in expected manifest
[2026-04-26T18:47:13.822012+00:00] [INFO] [reconciler-1] DRIFT (not bootout): com.zeke.boot-recovery not in expected manifest
[2026-04-26T18:47:13.822131+00:00] [INFO] [reconciler-1] DRIFT (not bootout): com.zeke.conviction-engine not in expected manifest
[2026-04-26T18:47:13.822282+00:00] [INFO] [reconciler-1] DRIFT (not bootout): com.zeke.camel-daily-video-scanner not in expected manifest
[2026-04-26T18:47:13.822426+00:00] [INFO] [reconciler-1] DRIFT (not bootout): com.zeke.tv-cycle-reader not in expected manifest
[2026-04-26T18:47:13.822583+00:00] [INFO] [reconciler-1] DRIFT (not bootout): com.zeke.research-loop not in expected manifest
[2026-04-26T18:47:13.822733+00:00] [INFO] [reconciler-1] DRIFT (not bootout): com.zeke.correlation-scanner not in expected manifest
[2026-04-26T18:47:13.822868+00:00] [INFO] [reconciler-1] DRIFT (not bootout): com.zeke.fib-pitchfork not in expected manifest
[2026-04-26T18:47:13.822999+00:00] [INFO] [reconciler-1] DRIFT (not bootout): com.zeke.tv-webhook not in expected manifest
[2026-04-26T18:47:13.823154+00:00] [INFO] [reconciler-1] DRIFT (not bootout): com.zeke.qc-agent not in expected manifest
[2026-04-26T18:47:13.823306+00:00] [INFO] [reconciler-1] DRIFT (not bootout): com.zeke.wiki-compiler not in expected manifest
[2026-04-26T18:47:13.823425+00:00] [INFO] [reconciler-1] DRIFT (not bootout): com.zeke.watchdog not in expected manifest
[2026-04-26T18:47:13.823544+00:00] [INFO] [reconciler-1] DRIFT (not bootout): com.zeke.infra-scout-ranker not in expected manifest
[2026-04-26T18:47:13.823661+00:00] [INFO] [reconciler-1] DRIFT (not bootout): com.zeke.multi-scale-top-monitor not in expected manifest
[2026-04-26T18:47:13.823772+00:00] [INFO] [reconciler-1] DRIFT (not bootout): com.zeke.research-engine not in expected manifest
[2026-04-26T18:47:13.823880+00:00] [INFO] [reconciler-1] DRIFT (not bootout): com.zeke.camel-yt-pipeline-v2 not in expected manifest
[2026-04-26T18:47:13.823993+00:00] [INFO] [reconciler-1] DRIFT (not bootout): com.zeke.price-watcher not in expected manifest
[2026-04-26T18:47:13.824105+00:00] [INFO] [reconciler-1] DRIFT (not bootout): com.zeke.conviction-backtest not in expected manifest
[2026-04-26T18:47:13.824219+00:00] [INFO] [reconciler-1] DRIFT (not bootout): com.zeke.camel-x-monitor not in expected manifest
[2026-04-26T18:47:13.824345+00:00] [INFO] [reconciler-1] DRIFT (not bootout): com.zeke.alpha-v3-daily not in expected manifest
[2026-04-26T18:47:13.824471+00:00] [INFO] [reconciler-1] DRIFT (not bootout): com.zeke.bleed-detector not in expected manifest
[2026-04-26T18:47:13.824582+00:00] [INFO] [reconciler-1] DRIFT (not bootout): com.zeke.mcp-watchdog not in expected manifest
[2026-04-26T18:47:13.825225+00:00] [WARN] [reconciler-1] PEER SILENT: orchestrator age=None
[2026-04-26T18:47:16.010459+00:00] [INFO] [reconciler-1] restart com.zeke.cowork-preflight-watchdog -> unresolved
[2026-04-26T18:47:18.186052+00:00] [INFO] [reconciler-1] restart com.zeke.session-report-card -> unresolved
[2026-04-26T18:47:51.492367+00:00] [INFO] [reconciler-1] DRIFT (not bootout): com.zeke.spark-model-manager not in expected manifest
[2026-04-26T18:47:51.493015+00:00] [INFO] [reconciler-1] DRIFT (not bootout): com.zeke.camel-yt-posts not in expected manifest
[2026-04-26T18:47:51.493186+00:00] [INFO] [reconciler-1] DRIFT (not bootout): com.zeke.btc-trailing-monitor not in expected manifest
[2026-04-26T18:47:51.493323+00:00] [INFO] [reconciler-1] DRIFT (not bootout): com.zeke.camel-twin not in expected manifest
[2026-04-26T18:47:51.493448+00:00] [INFO] [reconciler-1] DRIFT (not bootout): com.zeke.openclaw-browser not in expected manifest
[2026-04-26T18:47:51.493586+00:00] [INFO] [reconciler-1] DRIFT (not bootout): com.zeke.top-signal-weekly not in expected manifest
[2026-04-26T18:47:51.493734+00:00] [INFO] [reconciler-1] DRIFT (not bootout): com.zeke.system-auditor not in expected manifest
[2026-04-26T18:47:51.493855+00:00] [INFO] [reconciler-1] DRIFT (not bootout): com.zeke.model-release-monitor not in expected manifest
[2026-04-26T18:47:51.493970+00:00] [INFO] [reconciler-1] DRIFT (not bootout): com.zeke.capability-scanner not in expected manifest
[2026-04-26T18:47:51.494078+00:00] [INFO] [reconciler-1] DRIFT (not bootout): com.zeke.top-signal-daily not in expected manifest
[2026-04-26T18:47:51.494204+00:00] [INFO] [reconciler-1] DRIFT (not bootout): com.zeke.memory-curator not in expected manifest
[2026-04-26T18:47:51.494348+00:00] [INFO] [reconciler-1] DRIFT (not bootout): com.zeke.unified-api not in expected manifest
[2026-04-26T18:47:51.494490+00:00] [INFO] [reconciler-1] DRIFT (not bootout): com.zeke.mcp-server not in expected manifest
[2026-04-26T18:47:51.494732+00:00] [INFO] [reconciler-1] DRIFT (not bootout): com.zeke.briefing-prestage not in expected manifest
[2026-04-26T18:47:51.495002+00:00] [INFO] [reconciler-1] DRIFT (not bootout): com.zeke.infra-scout not in expected manifest
[2026-04-26T18:47:51.495228+00:00] [INFO] [reconciler-1] DRIFT (not bootout): com.zeke.bi-hourly-assessment not in expected manifest
[2026-04-26T18:47:51.495436+00:00] [INFO] [reconciler-1] DRIFT (not bootout): com.zeke.backtest-results-aggregator not in expected manifest
[2026-04-26T18:47:51.495626+00:00] [INFO] [reconciler-1] DRIFT (not bootout): com.zeke.members-video-extractor not in expected manifest
[2026-04-26T18:47:51.495917+00:00] [INFO] [reconciler-1] DRIFT (not bootout): com.zeke.super-prewarm not in expected manifest
[2026-04-26T18:47:51.496093+00:00] [INFO] [reconciler-1] DRIFT (not bootout): com.zeke.options-analytics not in expected manifest
[2026-04-26T18:47:51.496234+00:00] [INFO] [reconciler-1] DRIFT (not bootout): com.zeke.option-quotes not in expected manifest
[2026-04-26T18:47:51.496370+00:00] [INFO] [reconciler-1] DRIFT (not bootout): com.zeke.feed-guardian not in expected manifest
[2026-04-26T18:47:51.496541+00:00] [INFO] [reconciler-1] DRIFT (not bootout): com.zeke.boot-recovery not in expected manifest
[2026-04-26T18:47:51.496665+00:00] [INFO] [reconciler-1] DRIFT (not bootout): com.zeke.conviction-engine not in expected manifest
[2026-04-26T18:47:51.496794+00:00] [INFO] [reconciler-1] DRIFT (not bootout): com.zeke.camel-daily-video-scanner not in expected manifest
[2026-04-26T18:47:51.496995+00:00] [INFO] [reconciler-1] DRIFT (not bootout): com.zeke.tv-cycle-reader not in expected manifest
[2026-04-26T18:47:51.497151+00:00] [INFO] [reconciler-1] DRIFT (not bootout): com.zeke.research-loop not in expected manifest
[2026-04-26T18:47:51.497292+00:00] [INFO] [reconciler-1] DRIFT (not bootout): com.zeke.correlation-scanner not in expected manifest
[2026-04-26T18:47:51.497418+00:00] [INFO] [reconciler-1] DRIFT (not bootout): com.zeke.fib-pitchfork not in expected manifest
[2026-04-26T18:47:51.497512+00:00] [INFO] [reconciler-1] DRIFT (not bootout): com.zeke.tv-webhook not in expected manifest
[2026-04-26T18:47:51.497666+00:00] [INFO] [reconciler-1] DRIFT (not bootout): com.zeke.qc-agent not in expected manifest
[2026-04-26T18:47:51.497814+00:00] [INFO] [reconciler-1] DRIFT (not bootout): com.zeke.wiki-compiler not in expected manifest
[2026-04-26T18:47:51.497945+00:00] [INFO] [reconciler-1] DRIFT (not bootout): com.zeke.watchdog not in expected manifest
[2026-04-26T18:47:51.498116+00:00] [INFO] [reconciler-1] DRIFT (not bootout): com.zeke.infra-scout-ranker not in expected manifest
[2026-04-26T18:47:51.498385+00:00] [INFO] [reconciler-1] DRIFT (not bootout): com.zeke.multi-scale-top-monitor not in expected manifest
[2026-04-26T18:47:51.498526+00:00] [INFO] [reconciler-1] DRIFT (not bootout): com.zeke.research-engine not in expected manifest
[2026-04-26T18:47:51.498635+00:00] [INFO] [reconciler-1] DRIFT (not bootout): com.zeke.camel-yt-pipeline-v2 not in expected manifest
[2026-04-26T18:47:51.498733+00:00] [INFO] [reconciler-1] DRIFT (not bootout): com.zeke.price-watcher not in expected manifest
[2026-04-26T18:47:51.498820+00:00] [INFO] [reconciler-1] DRIFT (not bootout): com.zeke.conviction-backtest not in expected manifest
[2026-04-26T18:47:51.498907+00:00] [INFO] [reconciler-1] DRIFT (not bootout): com.zeke.camel-x-monitor not in expected manifest
[2026-04-26T18:47:51.498994+00:00] [INFO] [reconciler-1] DRIFT (not bootout): com.zeke.alpha-v3-daily not in expected manifest
[2026-04-26T18:47:51.499078+00:00] [INFO] [reconciler-1] DRIFT (not bootout): com.zeke.bleed-detector not in expected manifest
[2026-04-26T18:47:51.499166+00:00] [INFO] [reconciler-1] DRIFT (not bootout): com.zeke.mcp-watchdog not in expected manifest
[2026-04-26T18:47:51.499833+00:00] [WARN] [reconciler-1] PEER SILENT: orchestrator age=None
[2026-04-26T18:47:53.679923+00:00] [INFO] [reconciler-1] restart com.zeke.cowork-preflight-watchdog -> unresolved
[2026-04-26T18:47:55.864226+00:00] [INFO] [reconciler-1] restart com.zeke.session-report-card -> unresolved
[2026-04-26T18:48:29.172667+00:00] [INFO] [reconciler-1] DRIFT (not bootout): com.zeke.spark-model-manager not in expected manifest
[2026-04-26T18:48:29.173169+00:00] [INFO] [reconciler-1] DRIFT (not bootout): com.zeke.camel-yt-posts not in expected manifest
[2026-04-26T18:48:29.173421+00:00] [INFO] [reconciler-1] DRIFT (not bootout): com.zeke.btc-trailing-monitor not in expected manifest
[2026-04-26T18:48:29.173607+00:00] [INFO] [reconciler-1] DRIFT (not bootout): com.zeke.camel-twin not in expected manifest
[2026-04-26T18:48:29.173759+00:00] [INFO] [reconciler-1] DRIFT (not bootout): com.zeke.openclaw-browser not in expected manifest
[2026-04-26T18:48:29.173909+00:00] [INFO] [reconciler-1] DRIFT (not bootout): com.zeke.top-signal-weekly not in expected manifest
[2026-04-26T18:48:29.174088+00:00] [INFO] [reconciler-1] DRIFT (not bootout): com.zeke.system-auditor not in expected manifest
[2026-04-26T18:48:29.174267+00:00] [INFO] [reconciler-1] DRIFT (not bootout): com.zeke.model-release-monitor not in expected manifest
[2026-04-26T18:48:29.174428+00:00] [INFO] [reconciler-1] DRIFT (not bootout): com.zeke.capability-scanner not in expected manifest
[2026-04-26T18:48:29.174572+00:00] [INFO] [reconciler-1] DRIFT (not bootout): com.zeke.top-signal-daily not in expected manifest
[2026-04-26T18:48:29.174712+00:00] [INFO] [reconciler-1] DRIFT (not bootout): com.zeke.memory-curator not in expected manifest
[2026-04-26T18:48:29.174838+00:00] [INFO] [reconciler-1] DRIFT (not bootout): com.zeke.unified-api not in expected manifest
[2026-04-26T18:48:29.174979+00:00] [INFO] [reconciler-1] DRIFT (not bootout): com.zeke.mcp-server not in expected manifest
[2026-04-26T18:48:29.175128+00:00] [INFO] [reconciler-1] DRIFT (not bootout): com.zeke.briefing-prestage not in expected manifest
[2026-04-26T18:48:29.175247+00:00] [INFO] [reconciler-1] DRIFT (not bootout): com.zeke.infra-scout not in expected manifest
[2026-04-26T18:48:29.175369+00:00] [INFO] [reconciler-1] DRIFT (not bootout): com.zeke.bi-hourly-assessment not in expected manifest
[2026-04-26T18:48:29.175480+00:00] [INFO] [reconciler-1] DRIFT (not bootout): com.zeke.backtest-results-aggregator not in expected manifest
[2026-04-26T18:48:29.175738+00:00] [INFO] [reconciler-1] DRIFT (not bootout): com.zeke.members-video-extractor not in expected manifest
[2026-04-26T18:48:29.175892+00:00] [INFO] [reconciler-1] DRIFT (not bootout): com.zeke.super-prewarm not in expected manifest
[2026-04-26T18:48:29.176002+00:00] [INFO] [reconciler-1] DRIFT (not bootout): com.zeke.options-analytics not in expected manifest
[2026-04-26T18:48:29.176120+00:00] [INFO] [reconciler-1] DRIFT (not bootout): com.zeke.option-quotes not in expected manifest
[2026-04-26T18:48:29.176278+00:00] [INFO] [reconciler-1] DRIFT (not bootout): com.zeke.feed-guardian not in expected manifest
[2026-04-26T18:48:29.176487+00:00] [INFO] [reconciler-1] DRIFT (not bootout): com.zeke.boot-recovery not in expected manifest
[2026-04-26T18:48:29.176647+00:00] [INFO] [reconciler-1] DRIFT (not bootout): com.zeke.conviction-engine not in expected manifest
[2026-04-26T18:48:29.176786+00:00] [INFO] [reconciler-1] DRIFT (not bootout): com.zeke.camel-daily-video-scanner not in expected manifest
[2026-04-26T18:48:29.176904+00:00] [INFO] [reconciler-1] DRIFT (not bootout): com.zeke.tv-cycle-reader not in expected manifest
[2026-04-26T18:48:29.177007+00:00] [INFO] [reconciler-1] DRIFT (not bootout): com.zeke.research-loop not in expected manifest
[2026-04-26T18:48:29.177114+00:00] [INFO] [reconciler-1] DRIFT (not bootout): com.zeke.correlation-scanner not in expected manifest
[2026-04-26T18:48:29.177228+00:00] [INFO] [reconciler-1] DRIFT (not bootout): com.zeke.fib-pitchfork not in expected manifest
[2026-04-26T18:48:29.177356+00:00] [INFO] [reconciler-1] DRIFT (not bootout): com.zeke.tv-webhook not in expected manifest
[2026-04-26T18:48:29.177592+00:00] [INFO] [reconciler-1] DRIFT (not bootout): com.zeke.qc-agent not in expected manifest
[2026-04-26T18:48:29.177796+00:00] [INFO] [reconciler-1] DRIFT (not bootout): com.zeke.wiki-compiler not in expected manifest
[2026-04-26T18:48:29.177942+00:00] [INFO] [reconciler-1] DRIFT (not bootout): com.zeke.watchdog not in expected manifest
[2026-04-26T18:48:29.178066+00:00] [INFO] [reconciler-1] DRIFT (not bootout): com.zeke.infra-scout-ranker not in expected manifest
[2026-04-26T18:48:29.178170+00:00] [INFO] [reconciler-1] DRIFT (not bootout): com.zeke.multi-scale-top-monitor not in expected manifest
[2026-04-26T18:48:29.178265+00:00] [INFO] [reconciler-1] DRIFT (not bootout): com.zeke.research-engine not in expected manifest
[2026-04-26T18:48:29.178374+00:00] [INFO] [reconciler-1] DRIFT (not bootout): com.zeke.camel-yt-pipeline-v2 not in expected manifest
[2026-04-26T18:48:29.178469+00:00] [INFO] [reconciler-1] DRIFT (not bootout): com.zeke.price-watcher not in expected manifest
[2026-04-26T18:48:29.178561+00:00] [INFO] [reconciler-1] DRIFT (not bootout): com.zeke.conviction-backtest not in expected manifest
[2026-04-26T18:48:29.178654+00:00] [INFO] [reconciler-1] DRIFT (not bootout): com.zeke.camel-x-monitor not in expected manifest
[2026-04-26T18:48:29.178750+00:00] [INFO] [reconciler-1] DRIFT (not bootout): com.zeke.alpha-v3-daily not in expected manifest
[2026-04-26T18:48:29.178854+00:00] [INFO] [reconciler-1] DRIFT (not bootout): com.zeke.bleed-detector not in expected manifest
[2026-04-26T18:48:29.178949+00:00] [INFO] [reconciler-1] DRIFT (not bootout): com.zeke.mcp-watchdog not in expected manifest
[2026-04-26T18:48:29.179677+00:00] [WARN] [reconciler-1] PEER SILENT: orchestrator age=None
[2026-04-26T18:48:29.315902+00:00] [WARN] [reconciler-1] BLOCKED restart com.zeke.cowork-preflight-watchdog — CIRCUIT_OPEN
[2026-04-26T18:48:29.381518+00:00] [WARN] [reconciler-1] BLOCKED restart com.zeke.session-report-card — CIRCUIT_OPEN
[2026-04-26T18:49:01.646605+00:00] [INFO] [reconciler-1] DRIFT (not bootout): com.zeke.spark-model-manager not in expected manifest
[2026-04-26T18:49:01.646961+00:00] [INFO] [reconciler-1] DRIFT (not bootout): com.zeke.camel-yt-posts not in expected manifest
[2026-04-26T18:49:01.647111+00:00] [INFO] [reconciler-1] DRIFT (not bootout): com.zeke.btc-trailing-monitor not in expected manifest
[2026-04-26T18:49:01.647243+00:00] [INFO] [reconciler-1] DRIFT (not bootout): com.zeke.camel-twin not in expected manifest
[2026-04-26T18:49:01.647370+00:00] [INFO] [reconciler-1] DRIFT (not bootout): com.zeke.openclaw-browser not in expected manifest
[2026-04-26T18:49:01.647492+00:00] [INFO] [reconciler-1] DRIFT (not bootout): com.zeke.top-signal-weekly not in expected manifest
[2026-04-26T18:49:01.647610+00:00] [INFO] [reconciler-1] DRIFT (not bootout): com.zeke.system-auditor not in expected manifest
[2026-04-26T18:49:01.647730+00:00] [INFO] [reconciler-1] DRIFT (not bootout): com.zeke.model-release-monitor not in expected manifest
[2026-04-26T18:49:01.647851+00:00] [INFO] [reconciler-1] DRIFT (not bootout): com.zeke.capability-scanner not in expected manifest
[2026-04-26T18:49:01.647971+00:00] [INFO] [reconciler-1] DRIFT (not bootout): com.zeke.top-signal-daily not in expected manifest
[2026-04-26T18:49:01.648086+00:00] [INFO] [reconciler-1] DRIFT (not bootout): com.zeke.memory-curator not in expected manifest
[2026-04-26T18:49:01.648203+00:00] [INFO] [reconciler-1] DRIFT (not bootout): com.zeke.unified-api not in expected manifest
[2026-04-26T18:49:01.648317+00:00] [INFO] [reconciler-1] DRIFT (not bootout): com.zeke.mcp-server not in expected manifest
[2026-04-26T18:49:01.648420+00:00] [INFO] [reconciler-1] DRIFT (not bootout): com.zeke.briefing-prestage not in expected manifest
[2026-04-26T18:49:01.648522+00:00] [INFO] [reconciler-1] DRIFT (not bootout): com.zeke.infra-scout not in expected manifest
[2026-04-26T18:49:01.648627+00:00] [INFO] [reconciler-1] DRIFT (not bootout): com.zeke.bi-hourly-assessment not in expected manifest
[2026-04-26T18:49:01.648725+00:00] [INFO] [reconciler-1] DRIFT (not bootout): com.zeke.backtest-results-aggregator not in expected manifest
[2026-04-26T18:49:01.648825+00:00] [INFO] [reconciler-1] DRIFT (not bootout): com.zeke.members-video-extractor not in expected manifest
[2026-04-26T18:49:01.648925+00:00] [INFO] [reconciler-1] DRIFT (not bootout): com.zeke.super-prewarm not in expected manifest
[2026-04-26T18:49:01.649022+00:00] [INFO] [reconciler-1] DRIFT (not bootout): com.zeke.options-analytics not in expected manifest
[2026-04-26T18:49:01.649118+00:00] [INFO] [reconciler-1] DRIFT (not bootout): com.zeke.option-quotes not in expected manifest
[2026-04-26T18:49:01.649213+00:00] [INFO] [reconciler-1] DRIFT (not bootout): com.zeke.feed-guardian not in expected manifest
[2026-04-26T18:49:01.649312+00:00] [INFO] [reconciler-1] DRIFT (not bootout): com.zeke.boot-recovery not in expected manifest
[2026-04-26T18:49:01.649411+00:00] [INFO] [reconciler-1] DRIFT (not bootout): com.zeke.conviction-engine not in expected manifest
[2026-04-26T18:49:01.649511+00:00] [INFO] [reconciler-1] DRIFT (not bootout): com.zeke.camel-daily-video-scanner not in expected manifest
[2026-04-26T18:49:01.649612+00:00] [INFO] [reconciler-1] DRIFT (not bootout): com.zeke.tv-cycle-reader not in expected manifest
[2026-04-26T18:49:01.649713+00:00] [INFO] [reconciler-1] DRIFT (not bootout): com.zeke.research-loop not in expected manifest
[2026-04-26T18:49:01.649812+00:00] [INFO] [reconciler-1] DRIFT (not bootout): com.zeke.correlation-scanner not in expected manifest
[2026-04-26T18:49:01.649913+00:00] [INFO] [reconciler-1] DRIFT (not bootout): com.zeke.fib-pitchfork not in expected manifest
[2026-04-26T18:49:01.650011+00:00] [INFO] [reconciler-1] DRIFT (not bootout): com.zeke.tv-webhook not in expected manifest
[2026-04-26T18:49:01.650115+00:00] [INFO] [reconciler-1] DRIFT (not bootout): com.zeke.qc-agent not in expected manifest
[2026-04-26T18:49:01.650212+00:00] [INFO] [reconciler-1] DRIFT (not bootout): com.zeke.wiki-compiler not in expected manifest
[2026-04-26T18:49:01.650313+00:00] [INFO] [reconciler-1] DRIFT (not bootout): com.zeke.watchdog not in expected manifest
[2026-04-26T18:49:01.650425+00:00] [INFO] [reconciler-1] DRIFT (not bootout): com.zeke.infra-scout-ranker not in expected manifest
[2026-04-26T18:49:01.650544+00:00] [INFO] [reconciler-1] DRIFT (not bootout): com.zeke.multi-scale-top-monitor not in expected manifest
[2026-04-26T18:49:01.650663+00:00] [INFO] [reconciler-1] DRIFT (not bootout): com.zeke.research-engine not in expected manifest
[2026-04-26T18:49:01.650794+00:00] [INFO] [reconciler-1] DRIFT (not bootout): com.zeke.camel-yt-pipeline-v2 not in expected manifest
[2026-04-26T18:49:01.650920+00:00] [INFO] [reconciler-1] DRIFT (not bootout): com.zeke.price-watcher not in expected manifest
[2026-04-26T18:49:01.651084+00:00] [INFO] [reconciler-1] DRIFT (not bootout): com.zeke.conviction-backtest not in expected manifest
[2026-04-26T18:49:01.651287+00:00] [INFO] [reconciler-1] DRIFT (not bootout): com.zeke.camel-x-monitor not in expected manifest
[2026-04-26T18:49:01.651452+00:00] [INFO] [reconciler-1] DRIFT (not bootout): com.zeke.alpha-v3-daily not in expected manifest
[2026-04-26T18:49:01.651602+00:00] [INFO] [reconciler-1] DRIFT (not bootout): com.zeke.bleed-detector not in expected manifest
[2026-04-26T18:49:01.651738+00:00] [INFO] [reconciler-1] DRIFT (not bootout): com.zeke.mcp-watchdog not in expected manifest
[2026-04-26T18:49:01.652535+00:00] [WARN] [reconciler-1] PEER SILENT: orchestrator age=None
[2026-04-26T18:49:03.826554+00:00] [INFO] [reconciler-1] restart com.zeke.cowork-preflight-watchdog -> unresolved
[2026-04-26T18:49:06.002523+00:00] [INFO] [reconciler-1] restart com.zeke.session-report-card -> unresolved
[2026-04-26T18:49:36.292382+00:00] [INFO] [reconciler-1] DRIFT (not bootout): com.zeke.spark-model-manager not in expected manifest
[2026-04-26T18:49:36.292739+00:00] [INFO] [reconciler-1] DRIFT (not bootout): com.zeke.camel-yt-posts not in expected manifest
[2026-04-26T18:49:36.292860+00:00] [INFO] [reconciler-1] DRIFT (not bootout): com.zeke.btc-trailing-monitor not in expected manifest
[2026-04-26T18:49:36.292974+00:00] [INFO] [reconciler-1] DRIFT (not bootout): com.zeke.camel-twin not in expected manifest
[2026-04-26T18:49:36.293080+00:00] [INFO] [reconciler-1] DRIFT (not bootout): com.zeke.openclaw-browser not in expected manifest
[2026-04-26T18:49:36.293175+00:00] [INFO] [reconciler-1] DRIFT (not bootout): com.zeke.top-signal-weekly not in expected manifest
[2026-04-26T18:49:36.293269+00:00] [INFO] [reconciler-1] DRIFT (not bootout): com.zeke.system-auditor not in expected manifest
[2026-04-26T18:49:36.293370+00:00] [INFO] [reconciler-1] DRIFT (not bootout): com.zeke.model-release-monitor not in expected manifest
[2026-04-26T18:49:36.293464+00:00] [INFO] [reconciler-1] DRIFT (not bootout): com.zeke.capability-scanner not in expected manifest
[2026-04-26T18:49:36.293564+00:00] [INFO] [reconciler-1] DRIFT (not bootout): com.zeke.top-signal-daily not in expected manifest
[2026-04-26T18:49:36.293665+00:00] [INFO] [reconciler-1] DRIFT (not bootout): com.zeke.memory-curator not in expected manifest
[2026-04-26T18:49:36.293769+00:00] [INFO] [reconciler-1] DRIFT (not bootout): com.zeke.unified-api not in expected manifest
[2026-04-26T18:49:36.293857+00:00] [INFO] [reconciler-1] DRIFT (not bootout): com.zeke.mcp-server not in expected manifest
[2026-04-26T18:49:36.293955+00:00] [INFO] [reconciler-1] DRIFT (not bootout): com.zeke.briefing-prestage not in expected manifest
[2026-04-26T18:49:36.294044+00:00] [INFO] [reconciler-1] DRIFT (not bootout): com.zeke.infra-scout not in expected manifest
[2026-04-26T18:49:36.294146+00:00] [INFO] [reconciler-1] DRIFT (not bootout): com.zeke.bi-hourly-assessment not in expected manifest
[2026-04-26T18:49:36.294234+00:00] [INFO] [reconciler-1] DRIFT (not bootout): com.zeke.backtest-results-aggregator not in expected manifest
[2026-04-26T18:49:36.294331+00:00] [INFO] [reconciler-1] DRIFT (not bootout): com.zeke.members-video-extractor not in expected manifest
[2026-04-26T18:49:36.294419+00:00] [INFO] [reconciler-1] DRIFT (not bootout): com.zeke.super-prewarm not in expected manifest
[2026-04-26T18:49:36.294505+00:00] [INFO] [reconciler-1] DRIFT (not bootout): com.zeke.options-analytics not in expected manifest
[2026-04-26T18:49:36.294601+00:00] [INFO] [reconciler-1] DRIFT (not bootout): com.zeke.option-quotes not in expected manifest
[2026-04-26T18:49:36.294693+00:00] [INFO] [reconciler-1] DRIFT (not bootout): com.zeke.feed-guardian not in expected manifest
[2026-04-26T18:49:36.294778+00:00] [INFO] [reconciler-1] DRIFT (not bootout): com.zeke.boot-recovery not in expected manifest
[2026-04-26T18:49:36.294864+00:00] [INFO] [reconciler-1] DRIFT (not bootout): com.zeke.conviction-engine not in expected manifest
[2026-04-26T18:49:36.294952+00:00] [INFO] [reconciler-1] DRIFT (not bootout): com.zeke.camel-daily-video-scanner not in expected manifest
[2026-04-26T18:49:36.295039+00:00] [INFO] [reconciler-1] DRIFT (not bootout): com.zeke.tv-cycle-reader not in expected manifest
[2026-04-26T18:49:36.295124+00:00] [INFO] [reconciler-1] DRIFT (not bootout): com.zeke.research-loop not in expected manifest
[2026-04-26T18:49:36.295210+00:00] [INFO] [reconciler-1] DRIFT (not bootout): com.zeke.correlation-scanner not in expected manifest
[2026-04-26T18:49:36.295296+00:00] [INFO] [reconciler-1] DRIFT (not bootout): com.zeke.fib-pitchfork not in expected manifest
[2026-04-26T18:49:36.295381+00:00] [INFO] [reconciler-1] DRIFT (not bootout): com.zeke.tv-webhook not in expected manifest
[2026-04-26T18:49:36.295467+00:00] [INFO] [reconciler-1] DRIFT (not bootout): com.zeke.qc-agent not in expected manifest
[2026-04-26T18:49:36.295553+00:00] [INFO] [reconciler-1] DRIFT (not bootout): com.zeke.wiki-compiler not in expected manifest
[2026-04-26T18:49:36.295649+00:00] [INFO] [reconciler-1] DRIFT (not bootout): com.zeke.watchdog not in expected manifest
[2026-04-26T18:49:36.295744+00:00] [INFO] [reconciler-1] DRIFT (not bootout): com.zeke.infra-scout-ranker not in expected manifest
[2026-04-26T18:49:36.295853+00:00] [INFO] [reconciler-1] DRIFT (not bootout): com.zeke.multi-scale-top-monitor not in expected manifest
[2026-04-26T18:49:36.295960+00:00] [INFO] [reconciler-1] DRIFT (not bootout): com.zeke.research-engine not in expected manifest
[2026-04-26T18:49:36.296054+00:00] [INFO] [reconciler-1] DRIFT (not bootout): com.zeke.camel-yt-pipeline-v2 not in expected manifest
[2026-04-26T18:49:36.296149+00:00] [INFO] [reconciler-1] DRIFT (not bootout): com.zeke.price-watcher not in expected manifest
[2026-04-26T18:49:36.296239+00:00] [INFO] [reconciler-1] DRIFT (not bootout): com.zeke.conviction-backtest not in expected manifest
[2026-04-26T18:49:36.296335+00:00] [INFO] [reconciler-1] DRIFT (not bootout): com.zeke.camel-x-monitor not in expected manifest
[2026-04-26T18:49:36.296438+00:00] [INFO] [reconciler-1] DRIFT (not bootout): com.zeke.alpha-v3-daily not in expected manifest
[2026-04-26T18:49:36.296543+00:00] [INFO] [reconciler-1] DRIFT (not bootout): com.zeke.bleed-detector not in expected manifest
[2026-04-26T18:49:36.296660+00:00] [INFO] [reconciler-1] DRIFT (not bootout): com.zeke.mcp-watchdog not in expected manifest
[2026-04-26T18:49:36.297512+00:00] [WARN] [reconciler-1] PEER SILENT: orchestrator age=None
[2026-04-26T18:49:38.480053+00:00] [INFO] [reconciler-1] restart com.zeke.cowork-preflight-watchdog -> unresolved
[2026-04-26T18:49:40.670120+00:00] [INFO] [reconciler-1] restart com.zeke.session-report-card -> unresolved
[2026-04-26T18:50:14.682094+00:00] [INFO] [reconciler-1] DRIFT (not bootout): com.zeke.spark-model-manager not in expected manifest
[2026-04-26T18:50:14.682879+00:00] [INFO] [reconciler-1] DRIFT (not bootout): com.zeke.camel-yt-posts not in expected manifest
[2026-04-26T18:50:14.683142+00:00] [INFO] [reconciler-1] DRIFT (not bootout): com.zeke.btc-trailing-monitor not in expected manifest
[2026-04-26T18:50:14.683299+00:00] [INFO] [reconciler-1] DRIFT (not bootout): com.zeke.camel-twin not in expected manifest
[2026-04-26T18:50:14.683429+00:00] [INFO] [reconciler-1] DRIFT (not bootout): com.zeke.openclaw-browser not in expected manifest
[2026-04-26T18:50:14.683551+00:00] [INFO] [reconciler-1] DRIFT (not bootout): com.zeke.top-signal-weekly not in expected manifest
[2026-04-26T18:50:14.683671+00:00] [INFO] [reconciler-1] DRIFT (not bootout): com.zeke.system-auditor not in expected manifest
[2026-04-26T18:50:14.683783+00:00] [INFO] [reconciler-1] DRIFT (not bootout): com.zeke.model-release-monitor not in expected manifest
[2026-04-26T18:50:14.683896+00:00] [INFO] [reconciler-1] DRIFT (not bootout): com.zeke.capability-scanner not in expected manifest
[2026-04-26T18:50:14.684015+00:00] [INFO] [reconciler-1] DRIFT (not bootout): com.zeke.top-signal-daily not in expected manifest
[2026-04-26T18:50:14.684124+00:00] [INFO] [reconciler-1] DRIFT (not bootout): com.zeke.memory-curator not in expected manifest
[2026-04-26T18:50:14.684238+00:00] [INFO] [reconciler-1] DRIFT (not bootout): com.zeke.unified-api not in expected manifest
[2026-04-26T18:50:14.684349+00:00] [INFO] [reconciler-1] DRIFT (not bootout): com.zeke.mcp-server not in expected manifest
[2026-04-26T18:50:14.684457+00:00] [INFO] [reconciler-1] DRIFT (not bootout): com.zeke.briefing-prestage not in expected manifest
[2026-04-26T18:50:14.684563+00:00] [INFO] [reconciler-1] DRIFT (not bootout): com.zeke.infra-scout not in expected manifest
[2026-04-26T18:50:14.684679+00:00] [INFO] [reconciler-1] DRIFT (not bootout): com.zeke.bi-hourly-assessment not in expected manifest
[2026-04-26T18:50:14.684786+00:00] [INFO] [reconciler-1] DRIFT (not bootout): com.zeke.backtest-results-aggregator not in expected manifest
[2026-04-26T18:50:14.684893+00:00] [INFO] [reconciler-1] DRIFT (not bootout): com.zeke.members-video-extractor not in expected manifest
[2026-04-26T18:50:14.684998+00:00] [INFO] [reconciler-1] DRIFT (not bootout): com.zeke.super-prewarm not in expected manifest
[2026-04-26T18:50:14.685106+00:00] [INFO] [reconciler-1] DRIFT (not bootout): com.zeke.options-analytics not in expected manifest
[2026-04-26T18:50:14.685209+00:00] [INFO] [reconciler-1] DRIFT (not bootout): com.zeke.option-quotes not in expected manifest
[2026-04-26T18:50:14.685308+00:00] [INFO] [reconciler-1] DRIFT (not bootout): com.zeke.feed-guardian not in expected manifest
[2026-04-26T18:50:14.685417+00:00] [INFO] [reconciler-1] DRIFT (not bootout): com.zeke.boot-recovery not in expected manifest
[2026-04-26T18:50:14.685525+00:00] [INFO] [reconciler-1] DRIFT (not bootout): com.zeke.conviction-engine not in expected manifest
[2026-04-26T18:50:14.685639+00:00] [INFO] [reconciler-1] DRIFT (not bootout): com.zeke.camel-daily-video-scanner not in expected manifest
[2026-04-26T18:50:14.685749+00:00] [INFO] [reconciler-1] DRIFT (not bootout): com.zeke.tv-cycle-reader not in expected manifest
[2026-04-26T18:50:14.685852+00:00] [INFO] [reconciler-1] DRIFT (not bootout): com.zeke.research-loop not in expected manifest
[2026-04-26T18:50:14.685968+00:00] [INFO] [reconciler-1] DRIFT (not bootout): com.zeke.correlation-scanner not in expected manifest
[2026-04-26T18:50:14.686080+00:00] [INFO] [reconciler-1] DRIFT (not bootout): com.zeke.fib-pitchfork not in expected manifest
[2026-04-26T18:50:14.686198+00:00] [INFO] [reconciler-1] DRIFT (not bootout): com.zeke.tv-webhook not in expected manifest
[2026-04-26T18:50:14.686304+00:00] [INFO] [reconciler-1] DRIFT (not bootout): com.zeke.qc-agent not in expected manifest
[2026-04-26T18:50:14.686412+00:00] [INFO] [reconciler-1] DRIFT (not bootout): com.zeke.wiki-compiler not in expected manifest
[2026-04-26T18:50:14.686523+00:00] [INFO] [reconciler-1] DRIFT (not bootout): com.zeke.watchdog not in expected manifest
[2026-04-26T18:50:14.686642+00:00] [INFO] [reconciler-1] DRIFT (not bootout): com.zeke.infra-scout-ranker not in expected manifest
[2026-04-26T18:50:14.686762+00:00] [INFO] [reconciler-1] DRIFT (not bootout): com.zeke.multi-scale-top-monitor not in expected manifest
[2026-04-26T18:50:14.686887+00:00] [INFO] [reconciler-1] DRIFT (not bootout): com.zeke.research-engine not in expected manifest
[2026-04-26T18:50:14.687007+00:00] [INFO] [reconciler-1] DRIFT (not bootout): com.zeke.camel-yt-pipeline-v2 not in expected manifest
[2026-04-26T18:50:14.687121+00:00] [INFO] [reconciler-1] DRIFT (not bootout): com.zeke.price-watcher not in expected manifest
[2026-04-26T18:50:14.687243+00:00] [INFO] [reconciler-1] DRIFT (not bootout): com.zeke.conviction-backtest not in expected manifest
[2026-04-26T18:50:14.687384+00:00] [INFO] [reconciler-1] DRIFT (not bootout): com.zeke.camel-x-monitor not in expected manifest
[2026-04-26T18:50:14.687520+00:00] [INFO] [reconciler-1] DRIFT (not bootout): com.zeke.alpha-v3-daily not in expected manifest
[2026-04-26T18:50:14.687656+00:00] [INFO] [reconciler-1] DRIFT (not bootout): com.zeke.bleed-detector not in expected manifest
[2026-04-26T18:50:14.687790+00:00] [INFO] [reconciler-1] DRIFT (not bootout): com.zeke.mcp-watchdog not in expected manifest
[2026-04-26T18:50:16.871647+00:00] [INFO] [reconciler-1] restart com.zeke.cowork-preflight-watchdog -> unresolved
[2026-04-26T18:50:19.059286+00:00] [INFO] [reconciler-1] restart com.zeke.session-report-card -> unresolved
